allocation_id,employee_id,project_id,client_id,allocation_start_date,allocation_end_date,allocated_hours,allocation_percentage,planned_billable_hours,planned_non_billable_hours,project_role,project_status,priority,staffing_status,expected_utilization
ALC000001,EMP0044,PRJ0152,CLI0005,2026-01-21,2026-02-15,96.6,60.4,79.2,17.4,Lead,Completed,Medium,Allocated,72.6
ALC000002,EMP0267,PRJ0106,CLI0041,2026-02-04,2026-03-18,147.2,92.0,120.7,26.5,Lead,Completed,Critical,Allocated,75.5
ALC000003,EMP0009,PRJ0110,CLI0054,2026-02-02,2026-04-19,210.7,131.7,172.8,37.9,PM,Completed,Low,Overallocated,84.5
ALC000004,EMP0738,PRJ0079,CLI0059,2026-05-02,2026-07-11,32.6,20.4,26.7,5.9,Support,Completed,Medium,Underallocated,74.2
ALC000005,EMP0739,PRJ0090,CLI0041,2026-05-21,2026-08-08,107.4,67.1,88.1,19.3,Tester,Completed,Low,Allocated,72.8
ALC000006,EMP0544,PRJ0111,CLI0043,2026-03-20,2026-05-10,137.1,85.7,112.4,24.7,Lead,On Hold,Critical,Allocated,86.1
ALC000007,EMP0787,PRJ0105,CLI0056,2026-04-15,2026-06-21,145.6,91.0,119.4,26.2,Developer,Completed,Medium,Allocated,80.6
ALC000008,EMP0638,PRJ0088,CLI0011,2026-03-18,2026-07-21,201.9,126.2,165.6,36.3,PM,Active,High,Overallocated,68.6
ALC000009,EMP0580,PRJ0060,CLI0022,2026-05-21,2026-06-26,86.2,53.9,70.7,15.5,Developer,On Hold,Medium,Underallocated,81.3
ALC000010,EMP0502,PRJ0013,CLI0048,2026-02-08,2026-03-28,102.6,64.1,84.1,18.5,Designer,Completed,Critical,Allocated,80.3
ALC000011,EMP0411,PRJ0119,CLI0048,2026-02-20,2026-04-22,46.9,29.3,38.5,8.4,Tester,Active,Low,Underallocated,79.9
ALC000012,EMP0711,PRJ0035,CLI0016,2026-05-04,2026-07-30,117.1,73.2,96.0,21.1,Analyst,Active,High,Allocated,62.6
ALC000013,EMP0623,PRJ0052,CLI0022,2026-01-13,2026-05-12,132.5,82.8,108.6,23.8,Support,Completed,Low,Allocated,61.0
ALC000014,EMP0198,PRJ0035,CLI0016,2026-04-01,2026-07-01,195.7,122.3,160.5,35.2,Designer,Active,Critical,Overallocated,75.8
ALC000015,EMP0242,PRJ0126,CLI0060,2026-05-14,2026-08-08,180.2,112.6,147.8,32.4,Tester,On Hold,High,Overallocated,68.0
ALC000016,EMP0518,PRJ0095,CLI0017,2026-05-07,2026-09-30,172.6,107.9,141.5,31.1,Lead,Completed,Low,Overallocated,60.6
ALC000017,EMP0107,PRJ0079,CLI0059,2026-05-02,2026-08-24,84.2,52.6,69.0,15.2,Tester,Active,High,Underallocated,68.6
ALC000018,EMP0026,PRJ0089,CLI0043,2026-03-16,2026-07-22,129.1,80.7,105.9,23.2,Analyst,Active,Medium,Allocated,68.6
ALC000019,EMP0129,PRJ9999,CLI0058,2026-05-21,2026-10-13,127.5,79.7,104.5,22.9,Tester,On Hold,Critical,Allocated,63.6
ALC000020,EMP0763,PRJ0092,CLI0007,2026-06-17,2026-09-09,130.7,81.7,107.2,23.5,Tester,Completed,High,Allocated,88.0
ALC000021,EMP0236,PRJ0099,CLI0038,2026-04-18,2026-08-21,110.2,68.9,90.4,19.8,PM,On Hold,Critical,Allocated,78.0
ALC000022,EMP0188,PRJ0009,CLI0015,2026-06-13,2026-10-10,157.3,98.3,129.0,28.3,Analyst,Active,Medium,Allocated,81.3
ALC000023,EMP0643,PRJ0060,CLI0022,2026-03-07,2026-04-12,97.8,61.1,80.2,17.6,Developer,Active,Critical,Allocated,69.7
ALC000024,EMP0734,PRJ0007,CLI0040,2026-03-09,2026-05-21,125.1,78.2,102.6,22.5,Lead,Active,Low,Allocated,67.9
ALC000025,EMP0200,PRJ0009,CLI0015,2026-01-18,2026-04-03,170.1,106.3,139.5,30.6,Lead,Active,Low,Overallocated,73.5
ALC000026,EMP0450,PRJ0023,CLI0035,2026-05-07,2026-05-29,198.1,123.8,162.4,35.7,Lead,Completed,High,Overallocated,89.2
ALC000027,EMP0400,PRJ0154,CLI0005,2026-05-06,2026-09-11,78.9,49.3,64.7,14.2,PM,Completed,High,Underallocated,61.0
ALC000028,EMP0239,PRJ0063,CLI0016,2026-01-10,2026-05-06,134.1,83.8,110.0,24.1,Lead,On Hold,High,Allocated,85.9
ALC000029,EMP0664,PRJ0018,CLI0024,2026-04-13,2026-08-01,130.2,81.4,106.8,23.4,Lead,Active,Medium,Allocated,80.1
ALC000030,EMP0850,PRJ0011,CLI0024,2026-06-01,2026-08-22,160.8,100.5,131.9,28.9,Support,Completed,High,Overallocated,77.6
ALC000031,EMP0555,PRJ0051,CLI0059,2026-06-11,2026-08-08,177.3,110.8,145.4,31.9,Lead,Completed,Critical,Overallocated,84.3
ALC000032,EMP0367,PRJ0123,CLI0039,2026-03-01,2026-04-03,98.7,61.7,80.9,17.8,Developer,On Hold,High,Allocated,87.2
ALC000033,EMP0421,PRJ0007,CLI0040,2026-05-05,2026-09-09,109.0,68.1,89.4,19.6,Tester,Completed,Low,Allocated,73.2
ALC000034,EMP0694,PRJ0161,CLI0056,2026-05-10,2026-06-17,114.9,71.8,94.2,20.7,PM,On Hold,High,Allocated,93.5
ALC000035,EMP0290,PRJ0045,CLI0011,2026-01-04,2026-04-13,131.2,82.0,107.6,23.6,Analyst,On Hold,Low,Allocated,94.2
ALC000036,EMP0464,PRJ0061,CLI0059,2026-05-11,2026-06-18,145.1,90.7,119.0,26.1,PM,On Hold,Medium,Allocated,78.1
ALC000037,EMP0222,PRJ0042,CLI0026,2026-02-20,2026-05-02,97.0,60.6,79.5,17.5,PM,On Hold,Medium,Allocated,67.2
ALC000038,EMP0122,PRJ0016,CLI0049,2026-06-05,2026-06-27,186.2,,152.7,33.5,Support,Completed,High,Overallocated,84.4
ALC000039,EMP0173,PRJ0088,CLI0011,2026-06-10,2026-10-05,38.9,24.3,31.9,7.0,Lead,On Hold,Medium,Underallocated,75.8
ALC000040,EMP0260,PRJ0007,CLI0040,2026-03-17,2026-06-30,64.2,40.1,52.6,11.6,Lead,Active,High,Underallocated,64.6
ALC000041,EMP0129,PRJ0161,CLI0056,2026-05-13,2026-06-27,136.3,85.2,111.8,24.5,PM,Completed,High,Allocated,75.0
ALC000042,EMP0512,PRJ0057,CLI0043,2026-03-21,2026-07-17,105.4,65.9,86.4,19.0,Designer,Completed,High,Allocated,63.1
ALC000043,EMP0209,PRJ0176,CLI0014,2026-02-08,2026-06-21,89.3,55.8,73.2,16.1,Tester,On Hold,High,Underallocated,91.4
ALC000044,EMP0834,PRJ0036,CLI0045,2026-03-06,2026-04-26,150.4,94.0,123.3,27.1,Analyst,On Hold,Critical,Allocated,71.2
ALC000045,EMP0621,PRJ0019,CLI0054,2026-02-12,2026-04-12,144.5,90.3,118.5,26.0,Designer,Completed,Low,Allocated,63.2
ALC000046,EMP0398,PRJ0165,CLI0030,2026-04-05,2026-06-09,161.9,101.2,132.8,29.1,Tester,Completed,Critical,Overallocated,74.0
ALC000047,EMP0731,PRJ0163,CLI0044,2026-06-18,2026-10-14,70.6,44.1,57.9,12.7,Support,On Hold,High,Underallocated,60.4
ALC000048,EMP0619,PRJ0081,CLI0038,2026-02-04,2026-06-23,144.5,90.3,118.5,26.0,Lead,Active,Medium,Allocated,72.0
ALC000049,EMP0365,PRJ0041,CLI0044,2026-05-13,2026-06-30,144.2,90.1,118.2,26.0,Designer,Completed,High,Allocated,88.2
ALC000050,EMP0132,PRJ0101,CLI0028,2026-02-04,2026-03-12,71.7,44.8,58.8,12.9,Support,On Hold,Critical,Underallocated,66.9
ALC000051,EMP0765,PRJ0033,CLI0030,2026-05-14,2026-08-20,113.6,71.0,93.2,20.4,Analyst,Active,Low,Allocated,91.6
ALC000052,EMP0342,PRJ0054,CLI0021,2026-06-13,2026-09-28,150.7,94.2,123.6,27.1,Analyst,Active,Critical,Allocated,64.5
ALC000053,EMP0105,PRJ0150,CLI0003,2026-04-19,2026-06-20,165.8,103.6,136.0,29.8,Designer,Completed,Medium,Overallocated,79.4
ALC000054,EMP0295,PRJ0079,CLI0059,2026-04-21,2026-05-25,106.1,66.3,87.0,19.1,Developer,On Hold,Low,Allocated,78.8
ALC000055,EMP0466,PRJ0016,CLI0049,2026-04-19,2026-07-02,68.0,42.5,55.8,12.2,Tester,Active,Critical,Underallocated,63.9
ALC000056,EMP0545,PRJ0040,CLI0014,2026-01-07,2026-03-28,173.3,108.3,142.1,31.2,Tester,Completed,Medium,Overallocated,84.4
ALC000057,EMP0472,PRJ0099,CLI0038,2026-06-05,2026-07-08,113.6,71.0,93.2,20.4,Tester,Active,Critical,Allocated,76.2
ALC000058,EMP0487,PRJ0050,CLI0039,2026-02-17,2026-06-22,36.5,22.8,29.9,6.6,Tester,Completed,High,Underallocated,70.0
ALC000059,EMP0770,PRJ0025,CLI0003,2026-01-14,2026-03-15,102.4,64.0,84.0,18.4,Support,Completed,Low,Allocated,91.2
ALC000060,EMP0674,PRJ0072,CLI0030,2026-02-19,2026-06-06,157.3,98.3,129.0,28.3,Designer,Completed,Low,Allocated,93.1
ALC000061,EMP0551,PRJ0055,CLI0015,2026-03-17,2026-04-09,63.2,39.5,51.8,11.4,Analyst,Completed,Medium,Underallocated,90.0
ALC000062,EMP0054,PRJ0063,CLI0016,2026-05-14,2026-09-13,116.6,72.9,95.6,21.0,Lead,Active,Low,Allocated,92.7
ALC000063,EMP0313,PRJ0055,CLI0015,2026-03-07,2026-07-14,98.9,61.8,81.1,17.8,Designer,Active,Low,Allocated,62.2
ALC000064,EMP0121,PRJ0028,CLI0011,2026-06-12,2026-09-17,110.6,69.1,90.7,19.9,PM,On Hold,Medium,Allocated,66.9
ALC000065,EMP0629,PRJ0179,CLI0012,2026-04-04,2026-04-29,94.6,59.1,77.6,17.0,Designer,Completed,High,Underallocated,93.2
ALC000066,EMP0399,PRJ0153,CLI0030,2026-02-19,2026-06-08,132.2,82.6,108.4,23.8,Tester,On Hold,Medium,Allocated,93.5
ALC000067,EMP0694,PRJ0022,CLI0037,2026-05-03,2026-06-28,103.0,64.4,84.5,18.5,Lead,On Hold,Low,Allocated,93.6
ALC000068,EMP0266,PRJ0129,CLI0019,2026-01-11,2026-02-25,138.2,86.4,113.3,24.9,Designer,Active,High,Allocated,89.6
ALC000069,EMP0241,PRJ0141,CLI0028,2026-01-17,2026-02-25,97.3,60.8,79.8,17.5,PM,Completed,High,Allocated,62.5
ALC000070,EMP0844,PRJ0129,CLI0019,2026-02-01,2026-06-23,156.8,98.0,128.6,28.2,Developer,On Hold,Critical,Allocated,73.3
ALC000071,EMP0428,PRJ0002,CLI0046,2026-01-16,2026-03-13,,70.3,92.2,20.2,Support,Active,Critical,Allocated,85.5
ALC000072,EMP0273,PRJ0135,CLI0022,2026-06-12,2026-07-28,63.7,39.8,52.2,11.5,Analyst,Completed,Medium,Underallocated,93.3
ALC000073,EMP0170,PRJ0142,CLI0026,2026-06-04,2026-08-26,77.8,48.6,63.8,14.0,PM,Active,Critical,Underallocated,63.8
ALC000074,EMP0055,PRJ0079,CLI0059,2026-04-20,2026-07-15,65.8,41.1,54.0,11.8,PM,Completed,Low,Underallocated,82.0
ALC000075,EMP0329,PRJ0118,CLI0008,2026-02-15,2026-07-01,68.0,42.5,55.8,12.2,Lead,Completed,Medium,Underallocated,82.1
ALC000076,EMP0666,PRJ0035,CLI0016,2026-02-06,2026-03-04,59.5,37.2,48.8,10.7,Designer,Active,Low,Underallocated,72.6
ALC000077,EMP0554,PRJ0161,CLI0056,2026-04-12,2026-08-08,68.5,42.8,56.2,12.3,Designer,On Hold,Low,Underallocated,68.4
ALC000078,EMP0743,PRJ0051,CLI0059,2026-03-08,2026-07-10,111.8,69.9,91.7,20.1,Designer,Completed,Critical,Allocated,85.7
ALC000079,EMP0362,PRJ0020,CLI0049,2026-06-01,2026-09-14,141.6,88.5,116.1,25.5,Developer,Active,High,Allocated,74.3
ALC000080,EMP0189,PRJ0078,CLI0031,2026-04-20,2026-05-22,57.9,36.2,47.5,10.4,PM,Active,High,Underallocated,84.4
ALC000081,EMP0174,PRJ0149,CLI0039,2026-03-08,2026-05-14,79.8,49.9,65.4,14.4,Analyst,Active,Medium,Underallocated,88.9
ALC000082,EMP0793,PRJ0011,CLI0024,2026-05-09,2026-06-11,144.2,90.1,118.2,26.0,PM,On Hold,Medium,Allocated,79.6
ALC000083,EMP0723,PRJ0136,CLI0003,2026-01-14,2026-02-21,105.8,66.1,86.8,19.0,Tester,On Hold,High,Allocated,80.7
ALC000084,EMP0759,PRJ0011,CLI0024,2026-05-21,2026-07-22,43.5,27.2,35.7,7.8,Tester,Active,Critical,Underallocated,83.9
ALC000085,EMP0477,PRJ0144,CLI0056,2026-03-05,2026-05-10,113.4,70.9,93.0,20.4,Analyst,Completed,High,Allocated,87.6
ALC000086,EMP0071,PRJ0175,CLI0054,2026-01-08,2026-04-14,126.6,79.1,103.8,22.8,Support,On Hold,High,Allocated,90.2
ALC000087,EMP0694,PRJ0024,CLI0041,2026-01-10,2026-06-05,124.6,77.9,102.2,22.4,Developer,Completed,High,Allocated,80.2
ALC000088,EMP0315,PRJ0085,CLI0045,2026-03-16,2026-06-05,201.8,126.1,165.5,36.3,Developer,On Hold,High,Overallocated,94.0
ALC000089,EMP0778,PRJ0082,CLI0013,2026-06-01,2026-10-03,81.9,51.2,67.2,14.7,Developer,On Hold,Medium,Underallocated,91.6
ALC000090,EMP0446,PRJ0035,CLI0016,2026-06-06,2026-07-09,156.0,97.5,127.9,28.1,PM,Active,Critical,Allocated,82.5
ALC000091,EMP0769,PRJ0021,CLI0060,2026-05-17,2026-10-06,111.0,69.4,91.0,20.0,Developer,Active,High,Allocated,84.8
ALC000092,EMP0643,PRJ0175,CLI0054,2026-01-05,2026-04-14,130.7,81.7,107.2,23.5,Lead,Completed,High,Allocated,76.5
ALC000093,EMP0145,PRJ0146,CLI0006,2026-06-14,2026-09-29,85.9,53.7,70.4,15.5,Designer,Active,Low,Underallocated,82.4
ALC000094,EMP0763,PRJ0094,CLI0008,2026-01-09,2026-04-05,85.1,53.2,69.8,15.3,Analyst,On Hold,Low,Underallocated,66.1
ALC000095,EMP0223,PRJ0095,CLI0017,2026-06-08,2026-08-27,61.9,38.7,50.8,11.1,Tester,Active,Critical,Underallocated,83.5
ALC000096,EMP0531,PRJ0070,CLI0013,2026-02-10,2026-05-27,53.3,33.3,43.7,9.6,Lead,Active,Critical,Underallocated,60.2
ALC000097,EMP0832,PRJ0157,CLI0044,2026-01-01,2026-05-15,138.9,86.8,113.9,25.0,Lead,Completed,Low,Allocated,90.2
ALC000098,EMP0329,,CLI0035,2026-04-19,2026-07-17,90.6,56.6,74.3,16.3,Designer,Completed,Critical,Underallocated,69.4
ALC000099,EMP0500,PRJ0004,CLI0056,2026-01-12,2026-05-31,213.8,133.6,175.3,38.5,Analyst,On Hold,Critical,Overallocated,70.1
ALC000100,EMP0618,PRJ0107,CLI0032,2026-03-15,2026-06-09,93.1,58.2,76.3,16.8,Support,Active,Medium,Underallocated,61.2
ALC000101,EMP0794,PRJ0164,CLI0018,2026-06-21,2026-10-08,138.9,86.8,113.9,25.0,Lead,On Hold,Low,Allocated,89.3
ALC000102,EMP0546,PRJ0124,CLI0045,2026-03-07,2026-06-20,114.2,71.4,93.6,20.6,Analyst,Completed,High,Allocated,69.0
ALC000103,EMP0185,PRJ0025,CLI0003,2026-01-03,2026-03-20,39.0,24.4,32.0,7.0,Support,On Hold,Critical,Underallocated,87.5
ALC000104,EMP0159,PRJ0172,CLI0044,2026-06-19,2026-08-15,58.2,36.4,47.7,10.5,Analyst,Completed,Low,Underallocated,74.2
ALC000105,EMP0202,PRJ0164,CLI0018,2026-03-21,2026-04-17,51.5,32.2,42.2,9.3,Support,Active,Critical,Underallocated,60.3
ALC000106,EMP0556,PRJ0139,CLI0008,2026-01-20,2026-06-02,170.7,106.7,140.0,30.7,Tester,Completed,Medium,Overallocated,86.7
ALC000107,EMP0613,PRJ0153,CLI0030,2026-03-16,2026-04-15,164.0,102.5,134.5,29.5,PM,Active,Medium,Overallocated,69.5
ALC000108,EMP0229,PRJ0018,CLI0024,2026-06-19,2026-11-13,189.1,118.2,155.1,34.0,Developer,Completed,Low,Overallocated,62.3
ALC000109,EMP0460,PRJ0166,CLI0028,2026-03-19,2026-06-24,23.2,14.5,19.0,4.2,Support,On Hold,High,Underallocated,63.3
ALC000110,EMP0234,PRJ0096,CLI0056,2026-03-07,2026-06-26,57.3,35.8,47.0,10.3,Support,Active,Low,Underallocated,83.7
ALC000111,EMP0371,PRJ0158,CLI0059,2026-01-10,2026-02-23,136.2,85.1,111.7,24.5,Support,On Hold,High,Allocated,79.5
ALC000112,EMP0378,PRJ0160,CLI0057,2026-06-04,2026-08-06,81.3,50.8,66.7,14.6,PM,Completed,Low,Underallocated,85.2
ALC000113,EMP0603,PRJ0010,CLI0035,2026-05-21,2026-08-14,139.8,87.4,114.6,25.2,Lead,Completed,Critical,Allocated,76.5
ALC000114,EMP0513,PRJ0180,CLI0006,2026-02-03,2026-06-21,94.2,58.9,77.2,17.0,Lead,On Hold,Low,Underallocated,74.9
ALC000115,EMP0187,PRJ0016,CLI0049,2026-01-18,2026-05-24,90.1,56.3,73.9,16.2,Tester,Completed,High,Underallocated,62.6
ALC000116,EMP0403,PRJ0132,CLI0013,2026-04-06,2026-07-23,39.4,24.6,32.3,7.1,PM,On Hold,Medium,Underallocated,67.8
ALC000117,EMP0099,PRJ0154,CLI0005,2026-04-19,2026-07-05,89.0,55.6,73.0,16.0,Analyst,Active,Critical,Underallocated,94.1
ALC000118,EMP0448,PRJ0032,CLI0053,2026-02-06,2026-04-26,126.9,79.3,104.1,22.8,Support,Completed,Medium,Allocated,85.3
ALC000119,EMP0195,PRJ0129,CLI0019,2026-01-21,2026-03-10,72.5,45.3,59.4,13.0,Developer,Completed,Critical,Underallocated,74.7
ALC000120,EMP0830,PRJ0161,CLI0056,2026-05-13,2026-09-22,114.7,71.7,94.1,20.6,Tester,On Hold,Medium,Allocated,86.6
ALC000121,EMP0077,PRJ0003,CLI0041,2026-04-03,2026-05-23,70.1,43.8,57.5,12.6,Lead,On Hold,Critical,Underallocated,88.8
ALC000122,EMP0393,,CLI0011,2026-01-17,2026-03-04,81.0,50.6,66.4,14.6,Designer,On Hold,Medium,Underallocated,85.7
ALC000123,EMP0635,PRJ0123,CLI0039,2026-05-15,2026-09-07,83.8,52.4,68.7,15.1,Analyst,On Hold,Medium,Underallocated,70.4
ALC000124,EMP0846,PRJ0040,CLI0014,2026-02-16,2026-03-20,130.6,81.6,107.1,23.5,Analyst,On Hold,Critical,Allocated,79.7
ALC000125,EMP0497,PRJ0148,CLI0035,2026-05-15,2026-09-12,146.4,91.5,120.0,26.4,Developer,Active,High,Allocated,85.2
ALC000126,EMP0282,PRJ0039,CLI0024,2026-03-12,2026-04-20,,116.0,152.2,33.4,Designer,On Hold,High,Overallocated,61.7
ALC000127,EMP0231,PRJ0166,CLI0028,2026-01-11,2026-02-05,143.2,89.5,117.4,25.8,Analyst,On Hold,Critical,Allocated,70.2
ALC000128,EMP0069,PRJ0074,CLI0006,2026-05-14,2026-08-02,126.6,79.1,103.8,22.8,Support,Active,High,Allocated,75.2
ALC000129,EMP0742,PRJ0065,CLI0003,2026-02-08,2026-05-16,183.0,114.4,150.1,32.9,Support,Active,High,Overallocated,74.9
ALC000130,EMP0620,PRJ0007,CLI0040,2026-05-03,2026-06-28,123.0,76.9,100.9,22.1,Analyst,Active,Critical,Allocated,70.5
ALC000131,EMP0401,PRJ0156,CLI0002,2026-02-16,2026-06-21,136.6,85.4,112.0,24.6,Designer,On Hold,Medium,Allocated,73.8
ALC000132,EMP0654,PRJ0057,CLI0043,2026-04-08,2026-08-12,150.2,93.9,123.2,27.0,Tester,Active,Low,Allocated,92.5
ALC000133,EMP0406,PRJ0145,CLI0003,2026-01-18,2026-03-14,118.9,74.3,97.5,21.4,PM,On Hold,High,Allocated,84.5
ALC000134,EMP0328,PRJ0048,CLI0035,2026-01-14,2026-03-29,109.3,68.3,89.6,19.7,Tester,Completed,High,Allocated,94.6
ALC000135,EMP0216,PRJ0025,CLI0003,2026-06-01,2026-09-26,105.3,65.8,86.3,19.0,Lead,Completed,Low,Allocated,82.8
ALC000136,EMP0548,PRJ0137,CLI0012,2026-03-09,2026-03-31,89.1,55.7,73.1,16.0,Designer,Active,Low,Underallocated,84.3
ALC000137,EMP0803,PRJ0051,CLI0059,2026-03-06,2026-06-30,92.2,57.6,75.6,16.6,Analyst,Completed,High,Underallocated,81.9
ALC000138,EMP0044,PRJ0042,CLI0026,2026-01-01,2026-02-26,154.6,96.6,126.8,27.8,Designer,On Hold,Medium,Allocated,83.9
ALC000139,EMP0109,PRJ0034,CLI0045,2026-03-02,2026-06-07,68.2,42.6,55.9,12.3,Lead,Active,Critical,Underallocated,60.3
ALC000140,EMP0481,PRJ0175,CLI0054,2026-01-17,2026-05-31,117.4,73.4,96.3,21.1,Lead,Active,Medium,Allocated,72.6
ALC000141,EMP0792,PRJ0107,CLI0032,2026-01-14,2026-05-11,111.0,69.4,91.0,20.0,PM,On Hold,Low,Allocated,68.2
ALC000142,EMP0808,PRJ0163,CLI0044,2026-01-08,2026-02-08,55.0,34.4,45.1,9.9,Lead,Completed,Critical,Underallocated,72.8
ALC000143,EMP0673,PRJ0139,CLI0008,2026-01-05,2026-04-18,145.6,91.0,119.4,26.2,Designer,Active,Low,Allocated,75.0
ALC000144,EMP0720,PRJ0161,CLI0056,2026-03-16,2026-05-05,58.6,36.6,48.1,10.5,Analyst,Completed,High,Underallocated,83.8
ALC000145,EMP0676,PRJ0172,CLI0044,2026-04-04,2026-07-10,82.2,51.4,67.4,14.8,Lead,On Hold,Medium,Underallocated,88.5
ALC000146,EMP0738,PRJ0078,CLI0031,2026-06-10,2026-08-28,108.6,67.9,89.1,19.5,Support,Active,Low,Allocated,91.4
ALC000147,EMP0374,PRJ0057,CLI0043,2026-03-09,2026-06-15,171.5,107.2,140.6,30.9,Developer,Completed,High,Overallocated,69.4
ALC000148,EMP0407,PRJ0093,CLI0012,2026-03-19,2026-05-01,132.8,83.0,108.9,23.9,PM,On Hold,High,Allocated,72.5
ALC000149,EMP0342,PRJ0043,CLI0043,2026-02-11,2026-07-02,124.5,77.8,102.1,22.4,Developer,On Hold,High,Allocated,78.1
ALC000150,EMP0818,PRJ0143,CLI0032,2026-04-06,2026-05-29,166.1,103.8,136.2,29.9,Developer,Active,Critical,Overallocated,61.9
ALC000151,EMP0185,PRJ0086,CLI0017,2026-05-02,2026-06-22,101.4,63.4,83.1,18.3,Tester,Active,High,Allocated,65.0
ALC000152,EMP0837,PRJ0130,CLI0056,2026-05-08,2026-06-25,192.0,120.0,157.4,34.6,Support,On Hold,Medium,Overallocated,80.6
ALC000153,EMP0775,PRJ0166,CLI0028,2026-05-19,2026-06-28,132.2,82.6,108.4,23.8,Developer,On Hold,Low,Allocated,69.4
ALC000154,EMP0282,PRJ0045,CLI0011,2026-06-20,2026-08-06,117.3,73.3,96.2,21.1,Tester,On Hold,Medium,Allocated,77.8
ALC000155,EMP0010,PRJ0104,CLI0018,2026-04-01,2026-05-20,40.2,25.1,33.0,7.2,Designer,On Hold,Critical,Underallocated,87.9
ALC000156,EMP0118,PRJ0157,CLI0044,2026-03-18,2026-04-29,151.0,94.4,123.8,27.2,Designer,Active,Critical,Allocated,88.8
ALC000157,EMP0786,PRJ0101,CLI0028,2026-06-17,2026-08-12,133.4,83.4,109.4,24.0,Analyst,On Hold,Medium,Allocated,69.4
ALC000158,EMP0558,,CLI0035,2026-03-01,2026-05-16,103.0,64.4,84.5,18.5,Lead,On Hold,High,Allocated,63.6
ALC000159,EMP0479,PRJ0076,CLI0055,2026-04-19,2026-09-07,91.8,57.4,75.3,16.5,Designer,Completed,Medium,Underallocated,85.4
ALC000160,EMP0762,PRJ0170,CLI0032,2026-01-18,2026-05-10,192.5,120.3,157.8,34.6,Developer,Completed,Medium,Overallocated,60.3
ALC000161,EMP0827,PRJ0078,CLI0031,2026-04-16,2026-07-19,80.2,50.1,65.8,14.4,PM,Completed,Low,Underallocated,71.9
ALC000162,EMP0615,PRJ0079,CLI0059,2026-03-11,2026-08-04,125.9,78.7,103.2,22.7,Analyst,On Hold,High,Allocated,75.0
ALC000163,EMP0597,PRJ0163,CLI0044,2026-01-07,2026-04-22,113.4,70.9,93.0,20.4,Analyst,On Hold,High,Allocated,72.4
ALC000164,EMP0156,PRJ0178,CLI0030,2026-02-11,2026-03-22,139.5,87.2,114.4,25.1,Developer,Active,Critical,Allocated,89.5
ALC000165,EMP0079,PRJ0038,CLI0059,2026-01-20,2026-04-01,35.0,21.9,28.7,6.3,PM,Completed,Medium,Underallocated,69.6
ALC000166,EMP0420,PRJ0081,CLI0038,2026-04-15,2026-08-18,138.9,86.8,113.9,25.0,Developer,Active,Critical,Allocated,83.1
ALC000167,EMP0384,PRJ0135,CLI0022,2026-06-16,2026-09-28,176.0,110.0,144.3,31.7,PM,Completed,Critical,Overallocated,89.7
ALC000168,EMP0160,PRJ0164,CLI0018,2026-06-11,2026-10-08,35.8,22.4,29.4,6.4,Tester,On Hold,Low,Underallocated,64.4
ALC000169,EMP0322,PRJ0042,CLI0026,2026-01-10,2026-03-01,74.1,46.3,60.8,13.3,Tester,Completed,Medium,Underallocated,61.4
ALC000170,EMP0658,PRJ0076,CLI0055,2026-03-11,2026-07-18,134.6,84.1,110.4,24.2,Analyst,On Hold,Critical,Allocated,79.7
ALC000171,EMP0477,PRJ0107,CLI0032,2026-04-15,2026-05-19,106.7,66.7,87.5,19.2,Tester,Completed,Low,Allocated,70.2
ALC000172,EMP0114,PRJ0038,CLI0059,2026-03-03,2026-07-05,139.2,87.0,114.1,25.1,Analyst,On Hold,High,Allocated,69.2
ALC000173,EMP0615,PRJ0049,CLI0043,2026-03-10,2026-06-18,141.8,88.6,116.3,25.5,Designer,Active,High,Allocated,79.9
ALC000174,EMP0750,PRJ0180,CLI0006,2026-03-09,2026-07-23,121.0,75.6,99.2,21.8,Analyst,Active,High,Allocated,92.9
ALC000175,EMP0656,PRJ0110,CLI0054,2026-02-14,2026-06-05,182.6,114.1,149.7,32.9,Lead,Active,Low,Overallocated,85.5
ALC000176,EMP0619,PRJ0072,CLI0030,2026-06-19,2026-10-18,142.1,88.8,116.5,25.6,Developer,Active,Medium,Allocated,71.3
ALC000177,EMP0089,PRJ0002,CLI0046,2026-04-12,2026-08-05,59.0,36.9,48.4,10.6,Analyst,On Hold,Low,Underallocated,77.7
ALC000178,EMP0544,PRJ0142,CLI0026,2026-01-16,2026-02-13,140.0,87.5,114.8,25.2,Tester,Active,Medium,Allocated,74.9
ALC000179,EMP0259,PRJ0105,CLI0056,2026-06-01,2026-09-05,110.7,69.2,90.8,19.9,Lead,Completed,Critical,Allocated,72.2
ALC000180,EMP0414,PRJ0154,CLI0005,2026-01-04,2026-04-13,133.9,83.7,109.8,24.1,Designer,Active,Medium,Allocated,74.5
ALC000181,EMP0668,PRJ0154,CLI0005,2026-06-02,2026-10-10,158.7,99.2,130.1,28.6,Tester,Completed,Critical,Allocated,83.1
ALC000182,EMP0048,PRJ0060,CLI0022,2026-05-14,2026-09-13,176.6,110.4,144.8,31.8,Developer,On Hold,Medium,Overallocated,60.4
ALC000183,EMP0702,PRJ0007,CLI0040,2026-01-06,2026-04-04,115.4,72.1,94.6,20.8,Support,Active,High,Allocated,84.2
ALC000184,EMP0071,PRJ0027,CLI0004,2026-03-05,2026-05-26,145.6,91.0,119.4,26.2,PM,Completed,Low,Allocated,81.8
ALC000185,EMP0002,PRJ0030,CLI0043,2026-05-21,2026-07-30,68.8,43.0,56.4,12.4,PM,Completed,Critical,Underallocated,76.6
ALC000186,EMP0343,PRJ0133,CLI0044,2026-01-10,2026-05-09,93.4,58.4,76.6,16.8,Tester,Active,High,Underallocated,95.0
ALC000187,EMP0155,PRJ0033,CLI0030,2026-02-02,2026-03-20,89.4,55.9,73.3,16.1,Support,Completed,Low,Underallocated,60.0
ALC000188,EMP0684,PRJ0063,CLI0016,2026-02-04,2026-04-05,153.4,95.9,125.8,27.6,Tester,On Hold,Critical,Allocated,76.3
ALC000189,EMP0510,PRJ0068,CLI0059,2026-05-20,2026-08-18,181.1,113.2,148.5,32.6,Tester,On Hold,Medium,Overallocated,93.3
ALC000190,EMP0560,PRJ0170,CLI0032,2026-05-13,2026-09-11,224.0,140.0,183.7,40.3,Analyst,On Hold,High,Overallocated,88.4
ALC000191,EMP0135,PRJ0058,CLI0020,2026-06-07,2026-07-13,146.4,91.5,120.0,26.4,Lead,Active,High,Allocated,93.9
ALC000192,EMP0659,PRJ0160,CLI0057,2026-05-04,2026-08-03,157.0,98.1,128.7,28.3,PM,On Hold,Critical,Allocated,84.0
ALC000193,EMP0564,PRJ0135,CLI0022,2026-04-13,2026-05-10,42.7,26.7,35.0,7.7,PM,On Hold,High,Underallocated,70.2
ALC000194,EMP0114,PRJ0081,CLI0038,2026-05-16,2026-09-23,40.5,25.3,33.2,7.3,Support,Active,High,Underallocated,93.3
ALC000195,EMP0789,PRJ0050,CLI0039,2026-05-16,2026-07-12,77.3,48.3,63.4,13.9,PM,On Hold,Low,Underallocated,81.9
ALC000196,EMP0562,PRJ0158,CLI0059,2026-02-06,2026-06-08,61.8,38.6,50.7,11.1,Developer,Completed,Critical,Underallocated,73.8
ALC000197,EMP0212,PRJ0139,CLI0008,2026-04-12,2026-08-28,132.5,82.8,108.6,23.8,Support,On Hold,Critical,Allocated,89.1
ALC000198,EMP0245,PRJ0109,CLI0010,2026-04-12,2026-06-09,181.4,113.4,148.7,32.7,Tester,Active,Low,Overallocated,94.7
ALC000199,EMP0470,PRJ0121,CLI0015,2026-01-16,2026-03-25,112.5,70.3,92.2,20.2,Support,Completed,Critical,Allocated,67.5
ALC000200,EMP0650,PRJ0071,CLI0036,2026-02-02,2026-04-14,85.8,53.6,70.4,15.4,Analyst,Completed,Critical,Underallocated,64.4
ALC000201,EMP0352,PRJ0136,CLI0003,2026-03-08,2026-06-25,124.2,77.6,101.8,22.4,Developer,Completed,Critical,Allocated,93.0
ALC000202,EMP0783,PRJ0110,CLI0054,2026-05-07,2026-09-01,83.2,52.0,68.2,15.0,Analyst,On Hold,Critical,Underallocated,83.4
ALC000203,EMP0448,PRJ0041,CLI0044,2026-02-05,2026-04-05,90.2,56.4,74.0,16.2,PM,On Hold,Medium,Underallocated,93.8
ALC000204,EMP0540,PRJ0116,CLI0042,2026-04-02,2026-04-30,104.2,65.1,85.4,18.8,Analyst,On Hold,High,Allocated,73.3
ALC000205,EMP0800,PRJ0169,CLI0060,2026-02-02,2026-04-25,127.5,79.7,104.5,22.9,Designer,On Hold,Critical,Allocated,87.8
ALC000206,EMP0152,PRJ0086,CLI0017,2026-02-21,2026-07-14,45.3,28.3,37.1,8.2,Analyst,Active,Medium,Underallocated,75.7
ALC000207,EMP0005,,CLI0006,2026-01-10,2026-04-16,30.9,19.3,25.3,5.6,Developer,On Hold,Low,Underallocated,60.6
ALC000208,EMP0529,PRJ0074,CLI0006,2026-03-13,2026-05-31,77.6,48.5,63.6,14.0,Developer,On Hold,Critical,Underallocated,77.2
ALC000209,EMP0326,PRJ0006,CLI0019,2026-06-01,2026-09-08,133.0,83.1,109.1,23.9,Support,Active,Low,Allocated,68.1
ALC000210,EMP0310,PRJ0039,CLI0024,2026-05-10,2026-09-18,61.4,38.4,50.3,11.1,Tester,Completed,Critical,Underallocated,67.0
ALC000211,EMP0609,PRJ0035,CLI0016,2026-05-11,2026-08-27,185.4,115.9,152.0,33.4,Designer,Active,Critical,Overallocated,86.1
ALC000212,EMP0844,PRJ0051,CLI0059,2026-02-11,2026-06-01,146.1,91.3,119.8,26.3,PM,Completed,Critical,Allocated,60.6
ALC000213,EMP0751,PRJ0025,CLI0003,2026-01-01,2026-04-03,138.7,86.7,113.7,25.0,Support,Active,Low,Allocated,89.5
ALC000214,EMP0176,PRJ0158,CLI0059,2026-05-03,2026-09-17,146.2,91.4,119.9,26.3,Support,Completed,Critical,Allocated,63.9
ALC000215,EMP0348,PRJ0180,CLI0006,2026-03-11,2026-04-28,129.1,80.7,105.9,23.2,Designer,Active,Critical,Allocated,71.2
ALC000216,EMP0609,PRJ0055,CLI0015,2026-01-01,2026-04-19,132.3,82.7,108.5,23.8,Support,Completed,Low,Allocated,60.4
ALC000217,EMP0348,PRJ0058,CLI0020,2026-01-20,2026-03-09,161.6,101.0,132.5,29.1,Developer,On Hold,Low,Overallocated,65.2
ALC000218,EMP0490,PRJ0107,CLI0032,2026-01-20,2026-03-09,152.0,95.0,124.6,27.4,Lead,Active,Low,Allocated,82.3
ALC000219,EMP0639,PRJ0121,CLI0015,2026-04-08,2026-07-17,124.0,77.5,101.7,22.3,Lead,Completed,Low,Allocated,88.8
ALC000220,EMP0595,PRJ0165,CLI0030,2026-03-21,2026-08-18,189.0,118.1,155.0,34.0,Lead,On Hold,High,Overallocated,88.3
ALC000221,EMP0512,PRJ0010,CLI0035,2026-03-21,2026-05-12,115.0,71.9,94.3,20.7,Lead,Active,High,Allocated,78.8
ALC000222,EMP0414,PRJ0055,CLI0015,2026-06-13,2026-11-06,93.8,58.6,76.9,16.9,Designer,Completed,Critical,Underallocated,80.9
ALC000223,EMP0237,PRJ0158,CLI0059,2026-01-18,2026-02-12,52.6,32.9,43.1,9.5,Lead,Active,Medium,Underallocated,70.6
ALC000224,EMP0520,PRJ0097,CLI0018,2026-05-12,2026-09-15,83.0,51.9,68.1,14.9,Lead,On Hold,Medium,Underallocated,76.0
ALC000225,EMP0544,PRJ0074,CLI0006,2026-04-16,2026-06-10,160.2,100.1,131.4,28.8,PM,Active,Critical,Overallocated,80.3
ALC000226,EMP0116,PRJ0086,CLI0017,2026-06-08,2026-08-08,110.6,69.1,90.7,19.9,PM,Completed,Critical,Allocated,70.9
ALC000227,EMP0534,PRJ0042,CLI0026,2026-04-02,2026-08-20,131.2,82.0,107.6,23.6,PM,Completed,Critical,Allocated,81.1
ALC000228,EMP0257,PRJ0030,CLI0043,2026-03-19,2026-04-25,115.2,72.0,94.5,20.7,Designer,Completed,Critical,Allocated,73.1
ALC000229,EMP0255,PRJ0151,CLI0036,2026-05-06,2026-07-14,63.8,39.9,52.3,11.5,PM,Active,High,Underallocated,63.8
ALC000230,EMP0595,PRJ0031,CLI0044,2026-02-04,2026-05-15,100.5,62.8,82.4,18.1,Designer,Active,Low,Allocated,70.4
ALC000231,EMP0089,PRJ0075,CLI0033,2026-01-09,2026-02-27,78.6,49.1,64.5,14.1,Support,Active,High,Underallocated,77.7
ALC000232,EMP0645,PRJ0084,CLI0016,2026-02-19,2026-05-12,94.6,59.1,77.6,17.0,Tester,Completed,Critical,Underallocated,65.3
ALC000233,EMP0205,PRJ0126,CLI0060,2026-06-04,2026-07-12,76.5,47.8,62.7,13.8,PM,Completed,High,Underallocated,92.2
ALC000234,EMP0224,PRJ0043,CLI0043,2026-04-20,2026-07-19,131.2,82.0,107.6,23.6,Support,Completed,Low,Allocated,68.7
ALC000235,EMP0220,PRJ0030,CLI0043,2026-06-10,2026-09-22,144.5,90.3,118.5,26.0,Developer,Active,High,Allocated,75.4
ALC000236,EMP0664,PRJ0154,CLI0005,2026-01-14,2026-03-03,113.4,70.9,93.0,20.4,Analyst,Active,Medium,Allocated,65.2
ALC000237,EMP0012,PRJ0133,CLI0044,2026-04-17,2026-08-04,32.5,20.3,26.6,5.8,PM,On Hold,Critical,Underallocated,85.8
ALC000238,EMP0836,PRJ0002,CLI0046,2026-03-10,2026-07-12,57.9,36.2,47.5,10.4,Tester,Active,Low,Underallocated,64.4
ALC000239,EMP0616,PRJ0042,CLI0026,2026-03-03,2026-05-01,137.8,86.1,113.0,24.8,Developer,On Hold,High,Allocated,60.8
ALC000240,EMP0789,PRJ0176,CLI0014,2026-01-12,2026-04-05,81.8,51.1,67.1,14.7,Tester,Active,High,Underallocated,65.1
ALC000241,EMP0382,PRJ0113,CLI0050,2026-01-13,2026-02-26,81.8,51.1,67.1,14.7,Support,On Hold,Critical,Underallocated,67.5
ALC000242,EMP0041,PRJ0123,CLI0039,2026-03-17,2026-04-09,114.7,71.7,94.1,20.6,Developer,Completed,Medium,Allocated,80.5
ALC000243,EMP0055,PRJ0107,CLI0032,2026-04-21,2026-07-03,80.5,50.3,66.0,14.5,Support,Completed,Critical,Underallocated,81.4
ALC000244,EMP0044,PRJ0129,CLI0019,2026-01-06,2026-02-10,27.2,17.0,22.3,4.9,PM,Completed,High,Underallocated,93.8
ALC000245,EMP0687,PRJ0072,CLI0030,2026-05-03,2026-08-30,75.0,46.9,61.5,13.5,Support,Completed,Critical,Underallocated,75.0
ALC000246,EMP0203,PRJ0098,CLI0044,2026-02-11,2026-03-21,95.8,59.9,78.6,17.2,Support,Active,Critical,Underallocated,89.3
ALC000247,EMP0619,PRJ0071,CLI0036,2026-06-07,2026-11-02,89.8,56.1,73.6,16.2,Developer,On Hold,Critical,Underallocated,90.3
ALC000248,EMP0122,PRJ0143,CLI0032,2026-03-14,2026-04-27,140.0,87.5,114.8,25.2,Lead,Active,High,Allocated,88.8
ALC000249,EMP0217,PRJ0036,CLI0045,2026-02-05,2026-03-08,115.5,72.2,94.7,20.8,Support,Completed,Critical,Allocated,68.0
ALC000250,EMP0596,PRJ0005,CLI0011,2026-06-16,2026-08-17,112.6,70.4,92.3,20.3,Analyst,Completed,Medium,Allocated,65.7
ALC000251,EMP0480,PRJ0111,CLI0043,2026-05-12,2026-08-20,158.2,98.9,129.7,28.5,Developer,Completed,Medium,Allocated,89.6
ALC000252,EMP0607,PRJ0086,CLI0017,2026-01-02,2026-03-04,49.6,31.0,40.7,8.9,Tester,On Hold,Critical,Underallocated,82.6
ALC000253,EMP0256,PRJ0013,CLI0048,2026-06-08,2026-11-02,174.6,109.1,143.2,31.4,Support,On Hold,Low,Overallocated,75.6
ALC000254,EMP0434,PRJ0087,CLI0046,2026-03-07,2026-06-27,178.1,111.3,146.0,32.1,Designer,Completed,Medium,Overallocated,88.9
ALC000255,EMP0189,PRJ0063,CLI0016,2026-05-05,2026-07-08,107.4,67.1,88.1,19.3,Designer,On Hold,Medium,Allocated,84.0
ALC000256,EMP0070,PRJ0029,CLI0058,2026-02-14,2026-05-29,96.3,60.2,79.0,17.3,Support,On Hold,Low,Allocated,70.5
ALC000257,EMP0739,PRJ0169,CLI0060,2026-02-17,2026-04-29,165.8,103.6,136.0,29.8,PM,Completed,Low,Overallocated,93.2
ALC000258,EMP0028,PRJ9999,CLI0054,2026-02-11,2026-06-14,101.4,63.4,83.1,18.3,Lead,On Hold,Low,Allocated,65.2
ALC000259,EMP0223,PRJ0047,CLI0018,2026-06-14,2026-08-13,126.1,78.8,103.4,22.7,Tester,On Hold,Low,Allocated,84.0
ALC000260,EMP0341,PRJ0129,CLI0019,2026-05-03,2026-05-29,123.2,77.0,101.0,22.2,Analyst,Completed,Medium,Allocated,70.8
ALC000261,EMP0329,PRJ0126,CLI0060,2026-05-10,2026-08-11,131.5,82.2,107.8,23.7,Developer,Completed,Medium,Allocated,77.4
ALC000262,EMP0288,PRJ0055,CLI0015,2026-04-09,2026-06-29,68.0,,55.8,12.2,Analyst,Completed,Medium,Underallocated,85.7
ALC000263,EMP0667,PRJ0092,CLI0007,2026-06-10,2026-09-04,129.6,81.0,106.3,23.3,Lead,Active,Low,Allocated,62.9
ALC000264,EMP0834,PRJ0037,CLI0057,2026-04-08,2026-08-20,76.6,47.9,62.8,13.8,Tester,Active,High,Underallocated,82.0
ALC000265,EMP0484,PRJ0126,CLI0060,2026-01-05,2026-02-02,88.0,55.0,72.2,15.8,PM,On Hold,Medium,Underallocated,79.3
ALC000266,EMP0272,PRJ0007,CLI0040,2026-06-01,2026-08-26,149.1,93.2,122.3,26.8,Lead,Completed,Medium,Allocated,63.0
ALC000267,EMP0432,PRJ0097,CLI0018,2026-03-06,2026-07-11,91.8,57.4,75.3,16.5,Developer,Active,Critical,Underallocated,78.8
ALC000268,EMP0652,PRJ0027,CLI0004,2026-04-16,2026-08-07,86.6,54.1,71.0,15.6,Analyst,Active,Critical,Underallocated,84.6
ALC000269,EMP0835,PRJ0088,CLI0011,2026-01-10,2026-03-09,120.2,75.1,98.6,21.6,PM,Completed,Low,Allocated,78.5
ALC000270,EMP0719,PRJ0055,CLI0015,2026-03-03,2026-05-02,165.9,103.7,136.0,29.9,Support,Active,Critical,Overallocated,71.8
ALC000271,EMP0636,PRJ0008,CLI0052,2026-03-08,2026-05-22,208.2,130.1,170.7,37.5,Developer,Completed,Low,Overallocated,61.2
ALC000272,EMP0674,PRJ0165,CLI0030,2026-04-14,2026-09-11,157.8,98.6,129.4,28.4,Support,On Hold,Critical,Allocated,84.6
ALC000273,EMP0460,PRJ0014,CLI0026,2026-01-11,2026-04-07,157.1,98.2,128.8,28.3,Analyst,Active,Critical,Allocated,68.3
ALC000274,EMP0649,PRJ0139,CLI0008,2026-02-18,2026-04-24,111.0,69.4,91.0,20.0,Developer,Completed,Low,Allocated,89.7
ALC000275,EMP0434,PRJ0125,CLI0019,2026-05-18,2026-08-15,214.4,134.0,175.8,38.6,PM,Active,Medium,Overallocated,66.5
ALC000276,EMP0432,PRJ0084,CLI0016,2026-04-07,2026-08-17,120.0,75.0,98.4,21.6,Analyst,On Hold,High,Allocated,67.9
ALC000277,EMP0725,PRJ0089,CLI0043,2026-01-03,2026-05-25,110.6,69.1,90.7,19.9,Designer,Completed,High,Allocated,89.4
ALC000278,EMP0688,PRJ0126,CLI0060,2026-03-09,2026-05-05,127.4,79.6,104.5,22.9,Developer,Completed,Critical,Allocated,88.7
ALC000279,EMP0302,PRJ0017,CLI0050,2026-04-12,2026-05-20,122.6,76.6,100.5,22.1,Analyst,Active,High,Allocated,90.8
ALC000280,EMP0848,PRJ0065,CLI0003,2026-02-16,2026-05-21,59.5,37.2,48.8,10.7,Support,Completed,Medium,Underallocated,62.2
ALC000281,EMP0756,PRJ0122,CLI0010,2026-01-15,2026-06-12,84.2,52.6,69.0,15.2,Designer,On Hold,High,Underallocated,82.3
ALC000282,EMP0688,PRJ0142,CLI0026,2026-03-07,2026-06-23,127.2,79.5,104.3,22.9,Lead,Completed,Low,Allocated,79.7
ALC000283,EMP0728,PRJ0016,CLI0049,2026-06-08,2026-09-05,80.5,50.3,66.0,14.5,PM,Completed,Critical,Underallocated,94.3
ALC000284,EMP0768,PRJ0129,CLI0019,2026-04-19,2026-08-22,137.9,86.2,113.1,24.8,PM,Active,High,Allocated,91.2
ALC000285,EMP0528,PRJ0014,CLI0026,2026-03-06,2026-05-24,113.4,70.9,93.0,20.4,PM,On Hold,Critical,Allocated,87.5
ALC000286,EMP0527,PRJ0087,CLI0046,2026-02-03,2026-02-23,149.4,93.4,122.5,26.9,Lead,On Hold,Critical,Allocated,93.7
ALC000287,EMP0641,PRJ0088,CLI0011,2026-04-11,2026-09-01,107.0,66.9,87.7,19.3,Tester,Completed,Critical,Allocated,85.7
ALC000288,EMP0659,PRJ0062,CLI0038,2026-06-03,2026-06-29,131.2,82.0,107.6,23.6,Support,Completed,Medium,Allocated,72.4
ALC000289,EMP0633,PRJ0005,CLI0011,2026-04-08,2026-08-05,39.5,24.7,32.4,7.1,Support,Completed,Low,Underallocated,88.8
ALC000290,EMP0002,PRJ0129,CLI0019,2026-01-05,2026-03-29,47.7,29.8,39.1,8.6,Lead,Completed,Medium,Underallocated,89.4
ALC000291,EMP0158,PRJ0143,CLI0032,2026-01-17,2026-04-06,79.8,,65.4,14.4,Lead,On Hold,Medium,Underallocated,77.4
ALC000292,EMP0748,PRJ0003,CLI0041,2026-04-04,2026-05-08,124.5,77.8,102.1,22.4,Lead,Completed,High,Allocated,92.8
ALC000293,EMP0655,PRJ0157,CLI0044,2026-02-09,2026-06-18,80.8,50.5,66.3,14.5,Tester,Completed,Medium,Underallocated,83.3
ALC000294,EMP0532,PRJ0153,CLI0030,2026-06-04,2026-10-16,141.1,88.2,115.7,25.4,Support,Active,Critical,Allocated,83.6
ALC000295,EMP0819,PRJ0134,CLI0007,2026-03-19,2026-05-18,127.5,79.7,104.5,22.9,Lead,Active,Medium,Allocated,85.4
ALC000296,EMP0726,PRJ0154,CLI0005,2026-05-12,2026-08-07,,58.5,76.8,16.8,Tester,Completed,Critical,Underallocated,79.8
ALC000297,EMP0308,PRJ0068,CLI0059,2026-03-16,2026-04-10,121.0,75.6,99.2,21.8,Analyst,Completed,Low,Allocated,69.5
ALC000298,EMP0405,PRJ0018,CLI0024,2026-02-09,2026-07-08,94.2,58.9,77.2,17.0,Designer,Completed,High,Underallocated,73.0
ALC000299,EMP0838,PRJ0044,CLI0043,2026-05-10,2026-10-04,124.6,77.9,102.2,22.4,Designer,On Hold,Low,Allocated,88.1
ALC000300,EMP0299,PRJ0136,CLI0003,2026-06-11,2026-10-03,91.5,57.2,75.0,16.5,Developer,Active,Medium,Underallocated,63.4
ALC000301,EMP0359,PRJ0026,CLI0019,2026-01-14,2026-04-27,127.8,79.9,104.8,23.0,Support,Completed,Critical,Allocated,77.0
ALC000302,EMP0336,PRJ0075,CLI0033,2026-05-09,2026-09-26,166.4,104.0,136.4,30.0,Support,On Hold,Medium,Overallocated,91.1
ALC000303,EMP0287,PRJ0032,CLI0053,2026-04-06,2026-06-14,62.6,39.1,51.3,11.3,Tester,Completed,Low,Underallocated,87.4
ALC000304,EMP0630,PRJ0093,CLI0012,2026-01-14,2026-04-24,84.2,52.6,69.0,15.2,Lead,Completed,Medium,Underallocated,93.0
ALC000305,EMP0677,PRJ0027,CLI0004,2026-01-20,2026-05-29,85.9,53.7,70.4,15.5,Designer,Completed,Low,Underallocated,89.4
ALC000306,EMP0501,PRJ0046,CLI0048,2026-02-06,2026-05-18,124.5,77.8,102.1,22.4,Developer,Completed,Medium,Allocated,68.7
ALC000307,EMP0825,PRJ0060,CLI0022,2026-06-10,2026-10-09,145.4,90.9,119.2,26.2,Support,Completed,Low,Allocated,84.1
ALC000308,EMP0495,PRJ0019,CLI0054,2026-03-02,2026-04-26,42.4,26.5,34.8,7.6,Designer,Completed,Medium,Underallocated,85.9
ALC000309,EMP0732,PRJ0026,CLI0019,2026-05-15,2026-06-19,104.6,65.4,85.8,18.8,Tester,Completed,High,Allocated,75.1
ALC000310,EMP0350,PRJ0091,CLI0026,2026-02-20,2026-05-30,113.1,70.7,92.7,20.4,Developer,Active,Medium,Allocated,60.7
ALC000311,EMP0681,PRJ0043,CLI0043,2026-05-08,2026-08-06,147.2,92.0,120.7,26.5,Developer,Active,Low,Allocated,93.0
ALC000312,EMP0424,PRJ0042,CLI0026,2026-03-01,2026-03-22,76.2,47.6,62.5,13.7,Developer,Completed,Low,Underallocated,67.2
ALC000313,EMP0806,PRJ0099,CLI0038,2026-02-05,2026-05-18,141.1,88.2,115.7,25.4,Support,Active,High,Allocated,63.8
ALC000314,EMP0775,PRJ0135,CLI0022,2026-06-13,2026-08-02,123.7,77.3,101.4,22.3,Lead,Active,High,Allocated,68.0
ALC000315,EMP0501,PRJ0115,CLI0050,2026-04-08,2026-05-03,183.0,114.4,150.1,32.9,PM,Active,Low,Overallocated,89.3
ALC000316,EMP0763,PRJ0163,CLI0044,2026-03-10,2026-07-11,199.7,124.8,163.8,35.9,Designer,On Hold,Medium,Overallocated,83.0
ALC000317,EMP0472,PRJ0098,CLI0044,2026-05-19,2026-08-17,143.8,89.9,117.9,25.9,Designer,On Hold,Critical,Allocated,79.1
ALC000318,EMP0745,PRJ0050,CLI0039,2026-06-12,2026-11-01,101.6,63.5,83.3,18.3,PM,On Hold,Low,Allocated,82.1
ALC000319,EMP0414,PRJ0117,CLI0006,2026-05-07,2026-08-18,131.7,145.0,108.0,23.7,Tester,Active,High,Allocated,75.8
ALC000320,EMP0261,PRJ0140,CLI0018,2026-06-09,2026-08-25,135.2,84.5,110.9,24.3,Lead,On Hold,High,Allocated,93.6
ALC000321,EMP0416,PRJ0123,CLI0039,2026-01-12,2026-03-28,133.1,83.2,109.1,24.0,Support,Completed,High,Allocated,89.8
ALC000322,EMP0003,PRJ0108,CLI0055,2026-03-03,2026-07-23,128.8,80.5,105.6,23.2,Developer,Active,Critical,Allocated,73.1
ALC000323,EMP0213,PRJ0125,CLI0019,2026-01-17,2026-02-20,133.4,83.4,109.4,24.0,Developer,Active,Critical,Allocated,89.7
ALC000324,EMP0392,PRJ0043,CLI0043,2026-04-13,2026-07-11,153.9,96.2,126.2,27.7,Lead,Active,Medium,Allocated,89.4
ALC000325,EMP0832,PRJ0055,CLI0015,2026-02-07,2026-03-21,200.0,125.0,164.0,36.0,Support,Active,Medium,Overallocated,71.8
ALC000326,EMP0126,PRJ0006,CLI0019,2026-05-02,2026-08-14,39.7,24.8,32.6,7.1,Support,Completed,Critical,Underallocated,86.1
ALC000327,EMP0551,PRJ0174,CLI0032,2026-03-01,2026-05-14,164.0,102.5,134.5,29.5,Analyst,Active,Critical,Overallocated,89.2
ALC000328,EMP0617,PRJ0161,CLI0056,2026-01-14,2026-04-21,117.6,73.5,96.4,21.2,PM,On Hold,High,Allocated,72.2
ALC000329,EMP0304,PRJ0067,CLI0015,2026-02-09,2026-03-22,80.5,50.3,66.0,14.5,PM,On Hold,Medium,Underallocated,84.5
ALC000330,EMP0790,PRJ0010,CLI0035,2026-01-15,2026-04-30,57.9,36.2,47.5,10.4,Tester,Completed,Medium,Underallocated,74.9
ALC000331,EMP0717,PRJ0060,CLI0022,2026-04-14,2026-07-12,124.2,77.6,101.8,22.4,Developer,Completed,Critical,Allocated,74.5
ALC000332,EMP0594,PRJ0110,CLI0054,2026-05-11,2026-07-01,113.4,70.9,93.0,20.4,Tester,Completed,Low,Allocated,63.7
ALC000333,EMP0514,PRJ0120,CLI0028,2026-02-18,2026-05-20,68.8,43.0,56.4,12.4,Lead,On Hold,High,Underallocated,87.2
ALC000334,EMP0238,PRJ0167,CLI0027,2026-01-12,2026-02-25,110.7,69.2,90.8,19.9,Developer,Active,Medium,Allocated,78.9
ALC000335,EMP0456,PRJ0055,CLI0015,2026-04-12,2026-06-07,153.4,95.9,125.8,27.6,Designer,On Hold,Low,Allocated,61.5
ALC000336,EMP0575,PRJ0097,CLI0018,2026-06-15,2026-07-15,174.1,108.8,142.8,31.3,PM,Completed,Critical,Overallocated,77.4
ALC000337,EMP0290,PRJ0102,CLI0043,2026-03-18,2026-07-09,117.1,73.2,96.0,21.1,Designer,On Hold,Critical,Allocated,80.1
ALC000338,EMP0546,PRJ0059,CLI0017,2026-06-16,2026-09-25,117.0,73.1,95.9,21.1,Analyst,Completed,Medium,Allocated,72.3
ALC000339,EMP0092,PRJ0128,CLI0044,2026-03-07,2026-06-21,137.0,85.6,112.3,24.7,PM,Active,Medium,Allocated,89.9
ALC000340,EMP0800,PRJ0165,CLI0030,2026-02-04,2026-03-20,158.6,99.1,130.1,28.5,Analyst,Completed,Medium,Allocated,80.6
ALC000341,EMP0265,PRJ0072,CLI0030,2026-01-08,2026-04-10,119.4,74.6,97.9,21.5,Analyst,Completed,Low,Allocated,85.1
ALC000342,EMP0480,PRJ0027,CLI0004,2026-01-20,2026-04-08,126.1,78.8,103.4,22.7,Analyst,Completed,Low,Allocated,76.8
ALC000343,EMP0731,PRJ0161,CLI0056,2026-01-01,2026-05-11,96.0,60.0,78.7,17.3,Lead,Active,Critical,Allocated,89.4
ALC000344,EMP0030,PRJ0071,CLI0036,2026-01-08,2026-03-12,105.8,66.1,86.8,19.0,Developer,On Hold,Medium,Allocated,75.5
ALC000345,EMP0398,PRJ0003,CLI0041,2026-02-15,2026-03-21,86.6,54.1,71.0,15.6,Analyst,Active,Low,Underallocated,88.6
ALC000346,EMP0464,PRJ0056,CLI0042,2026-05-08,2026-07-28,70.6,44.1,57.9,12.7,Support,On Hold,Critical,Underallocated,76.9
ALC000347,EMP0169,PRJ0024,CLI0041,2026-01-16,2026-05-05,63.8,39.9,52.3,11.5,Developer,Completed,Critical,Underallocated,86.6
ALC000348,EMP0303,PRJ0018,CLI0024,2026-05-04,2026-07-02,77.4,48.4,63.5,13.9,Lead,Completed,Medium,Underallocated,63.7
ALC000349,EMP0188,PRJ0063,CLI0016,2026-03-14,2026-08-09,74.7,46.7,61.3,13.4,Support,Active,Medium,Underallocated,85.1
ALC000350,EMP0439,PRJ0117,CLI0006,2026-01-18,2026-04-02,124.0,77.5,101.7,22.3,Developer,Active,High,Allocated,92.7
ALC000351,EMP0386,PRJ0024,CLI0041,2026-04-16,2026-07-10,129.9,81.2,106.5,23.4,PM,Completed,Critical,Allocated,74.1
ALC000352,EMP0449,PRJ0174,CLI0032,2026-03-01,2026-07-13,95.2,59.5,78.1,17.1,Analyst,Completed,High,Underallocated,89.0
ALC000353,EMP0345,PRJ0103,CLI0001,2026-02-18,2026-07-09,78.4,49.0,64.3,14.1,Tester,Completed,Low,Underallocated,66.7
ALC000354,EMP0826,PRJ0113,CLI0050,2026-06-02,2026-07-03,198.1,123.8,162.4,35.7,Lead,Active,High,Overallocated,76.8
ALC000355,EMP0106,PRJ0144,CLI0056,2026-06-03,2026-08-24,94.4,59.0,77.4,17.0,Analyst,On Hold,Low,Underallocated,87.4
ALC000356,EMP0440,PRJ0151,CLI0036,2026-06-21,2026-09-24,88.3,55.2,72.4,15.9,Designer,Completed,Low,Underallocated,82.3
ALC000357,EMP0162,PRJ0026,CLI0019,2026-05-17,2026-06-26,49.1,30.7,40.3,8.8,Lead,Completed,High,Underallocated,76.0
ALC000358,EMP0087,PRJ0168,CLI0016,2026-06-20,2026-07-24,132.6,82.9,108.7,23.9,Tester,On Hold,Critical,Allocated,62.3
ALC000359,EMP0842,PRJ0101,CLI0028,2026-02-20,2026-07-19,184.8,115.5,151.5,33.3,Developer,Completed,High,Overallocated,66.1
ALC000360,EMP0565,PRJ0123,CLI0039,2026-04-03,2026-08-12,104.5,65.3,85.7,18.8,Support,On Hold,Critical,Allocated,90.4
ALC000361,EMP0065,,CLI0041,2026-04-15,2026-06-21,98.1,61.3,80.4,17.7,Analyst,On Hold,Low,Allocated,68.4
ALC000362,EMP0420,PRJ0176,CLI0014,2026-02-02,2026-03-10,123.0,76.9,100.9,22.1,Support,Active,High,Allocated,63.4
ALC000363,EMP0603,PRJ0036,CLI0045,2026-04-05,2026-07-09,124.3,77.7,101.9,22.4,Developer,On Hold,Critical,Allocated,74.8
ALC000364,EMP0325,PRJ0017,CLI0050,2026-01-02,2026-04-16,12.2,7.6,10.0,2.2,Analyst,Active,Low,Underallocated,65.1
ALC000365,EMP0294,PRJ0082,CLI0013,2026-05-12,2026-09-21,137.9,86.2,113.1,24.8,Lead,Active,High,Allocated,74.8
ALC000366,EMP0196,PRJ0159,CLI0025,2026-03-03,2026-06-29,187.0,116.9,153.3,33.7,Lead,Active,High,Overallocated,70.8
ALC000367,EMP0610,PRJ0065,CLI0003,2026-01-05,2026-03-10,114.2,71.4,93.6,20.6,PM,Active,High,Allocated,67.2
ALC000368,EMP0809,PRJ0117,CLI0006,2026-04-06,2026-08-18,107.7,67.3,88.3,19.4,PM,On Hold,High,Allocated,88.2
ALC000369,EMP0221,PRJ0082,CLI0013,2026-04-07,2026-05-18,143.8,89.9,117.9,25.9,Designer,Active,Critical,Allocated,70.3
ALC000370,EMP0009,PRJ0032,CLI0053,2026-05-07,2026-07-27,139.0,86.9,114.0,25.0,Developer,Completed,Critical,Allocated,89.1
ALC000371,EMP0121,PRJ0147,CLI0001,2026-05-19,2026-09-15,118.9,74.3,97.5,21.4,Support,On Hold,Medium,Allocated,60.5
ALC000372,EMP0519,PRJ0134,CLI0007,2026-01-02,2026-05-21,142.9,89.3,117.2,25.7,Lead,On Hold,Critical,Allocated,67.5
ALC000373,EMP0030,PRJ0070,CLI0013,2026-06-08,2026-08-13,144.8,90.5,118.7,26.1,Lead,On Hold,Medium,Allocated,80.6
ALC000374,EMP0027,PRJ0080,CLI0026,2026-01-15,2026-03-23,65.1,40.7,53.4,11.7,Support,On Hold,Low,Underallocated,79.1
ALC000375,EMP0539,PRJ0148,CLI0035,2026-02-18,2026-06-09,66.1,41.3,54.2,11.9,Analyst,On Hold,Low,Underallocated,68.6
ALC000376,EMP0445,PRJ0109,CLI0010,2026-04-10,2026-08-23,60.3,37.7,49.4,10.9,Lead,Completed,Critical,Underallocated,68.6
ALC000377,EMP0259,PRJ0030,CLI0043,2026-04-05,2026-05-01,51.5,32.2,42.2,9.3,PM,On Hold,Critical,Underallocated,94.6
ALC000378,EMP0614,PRJ0020,CLI0049,2026-04-08,2026-08-26,144.5,90.3,118.5,26.0,Support,Active,Critical,Allocated,90.8
ALC000379,EMP0418,PRJ0057,CLI0043,2026-02-18,2026-05-30,144.5,90.3,118.5,26.0,Lead,On Hold,Low,Allocated,66.9
ALC000380,EMP0475,PRJ0048,CLI0035,2026-02-15,2026-03-18,129.9,81.2,106.5,23.4,Tester,Active,Low,Allocated,87.3
ALC000381,EMP0850,PRJ0058,CLI0020,2026-03-04,2026-05-11,178.4,111.5,146.3,32.1,Support,Completed,High,Overallocated,67.5
ALC000382,EMP0162,PRJ0089,CLI0043,2026-06-19,2026-08-31,,62.3,81.8,17.9,Support,Active,Critical,Allocated,82.4
ALC000383,EMP0092,PRJ0035,CLI0016,2026-02-21,2026-07-17,84.5,52.8,69.3,15.2,Developer,Completed,Low,Underallocated,68.3
ALC000384,EMP0833,PRJ0027,CLI0004,2026-06-11,2026-10-08,117.0,73.1,95.9,21.1,Tester,On Hold,Critical,Allocated,85.7
ALC000385,EMP0428,PRJ0068,CLI0059,2026-05-07,2026-08-23,157.8,98.6,129.4,28.4,Tester,Completed,Critical,Allocated,87.8
ALC000386,EMP0333,PRJ0115,CLI0050,2026-04-17,2026-08-28,88.3,55.2,72.4,15.9,PM,Active,Low,Underallocated,75.9
ALC000387,EMP0555,PRJ0096,CLI0056,2026-01-03,2026-04-08,189.8,118.6,155.6,34.2,Lead,Completed,Medium,Overallocated,73.4
ALC000388,EMP0764,PRJ0050,CLI0039,2026-04-13,2026-05-05,109.1,68.2,89.5,19.6,Tester,Active,Critical,Allocated,68.0
ALC000389,EMP0591,PRJ0047,CLI0018,2026-06-19,2026-08-18,132.5,82.8,108.6,23.8,Lead,Completed,High,Allocated,69.2
ALC000390,EMP0496,PRJ0074,CLI0006,2026-06-06,2026-09-08,118.6,74.1,97.3,21.3,Lead,Completed,Medium,Allocated,84.2
ALC000391,EMP0089,PRJ0123,CLI0039,2026-04-15,2026-07-12,96.2,60.1,78.9,17.3,Analyst,Active,Critical,Allocated,77.6
ALC000392,EMP0425,PRJ0030,CLI0043,2026-05-19,2026-09-09,148.5,92.8,121.8,26.7,PM,Active,Medium,Allocated,75.6
ALC000393,EMP0010,PRJ0176,CLI0014,2026-03-04,2026-07-10,8.0,5.0,6.6,1.4,Support,On Hold,Critical,Underallocated,88.5
ALC000394,EMP0525,PRJ0059,CLI0017,2026-01-05,2026-02-15,98.4,61.5,80.7,17.7,Lead,Completed,Low,Allocated,84.5
ALC000395,EMP0289,PRJ0009,CLI0015,2026-02-05,2026-06-10,,89.9,117.9,25.9,PM,On Hold,Low,Allocated,74.9
ALC000396,EMP0650,PRJ0082,CLI0013,2026-01-15,2026-04-08,53.9,33.7,44.2,9.7,Lead,Active,Critical,Underallocated,90.1
ALC000397,EMP0320,PRJ0068,CLI0059,2026-06-18,2026-10-17,84.0,52.5,68.9,15.1,Analyst,Active,High,Underallocated,61.7
ALC000398,EMP0313,PRJ0135,CLI0022,2026-05-08,2026-10-02,92.3,57.7,75.7,16.6,PM,Active,Critical,Underallocated,86.6
ALC000399,EMP0417,PRJ0015,CLI0015,2026-01-05,2026-03-09,98.7,61.7,80.9,17.8,Lead,Active,Low,Allocated,65.5
ALC000400,EMP0336,PRJ0055,CLI0015,2026-02-06,2026-04-26,87.8,54.9,72.0,15.8,Support,On Hold,Medium,Underallocated,66.2
ALC000401,EMP0238,PRJ0032,CLI0053,2026-01-10,2026-05-25,71.2,44.5,58.4,12.8,Designer,Active,Critical,Underallocated,82.2
ALC000402,EMP0709,,CLI0038,2026-03-15,2026-07-04,109.1,68.2,89.5,19.6,Support,Active,Critical,Allocated,94.5
ALC000403,EMP0112,PRJ0030,CLI0043,2026-06-03,2026-10-23,144.2,90.1,118.2,26.0,Support,Active,Medium,Allocated,80.2
ALC000404,EMP0017,PRJ0122,CLI0010,2026-01-02,2026-02-04,127.4,79.6,104.5,22.9,PM,Completed,Low,Allocated,63.8
ALC000405,EMP0271,PRJ0179,CLI0012,2026-01-18,2026-02-18,153.1,95.7,125.5,27.6,PM,Active,High,Allocated,64.3
ALC000406,EMP0414,PRJ0135,CLI0022,2026-03-16,2026-05-01,104.0,65.0,85.3,18.7,Lead,On Hold,Critical,Allocated,73.8
ALC000407,EMP0163,PRJ0133,CLI0044,2026-04-18,2026-07-23,162.4,101.5,133.2,29.2,Support,On Hold,Critical,Overallocated,85.4
ALC000408,EMP0174,PRJ0060,CLI0022,2026-03-18,2026-07-20,61.0,38.1,50.0,11.0,Tester,Active,High,Underallocated,80.4
ALC000409,EMP0404,PRJ0174,CLI0032,2026-02-02,2026-04-04,164.5,102.8,134.9,29.6,Lead,Completed,Low,Overallocated,78.7
ALC000410,EMP0849,PRJ0017,CLI0050,2026-06-04,2026-09-21,155.7,97.3,127.7,28.0,PM,Active,Critical,Allocated,85.6
ALC000411,EMP0437,PRJ0003,CLI0041,2026-01-03,2026-02-09,49.0,30.6,40.2,8.8,PM,On Hold,Low,Underallocated,78.3
ALC000412,EMP0588,PRJ0078,CLI0031,2026-01-18,2026-04-09,130.7,81.7,107.2,23.5,Tester,Active,Medium,Allocated,65.0
ALC000413,EMP0688,PRJ0080,CLI0026,2026-02-10,2026-04-19,106.9,66.8,87.7,19.2,Tester,On Hold,Critical,Allocated,65.0
ALC000414,EMP0328,PRJ0024,CLI0041,2026-03-14,2026-05-16,107.7,67.3,88.3,19.4,Lead,On Hold,High,Allocated,65.7
ALC000415,EMP0779,PRJ0017,CLI0050,2026-05-14,2026-09-29,114.7,71.7,94.1,20.6,PM,Active,Medium,Allocated,93.0
ALC000416,EMP0454,PRJ0148,CLI0035,2026-05-19,2026-10-13,87.2,54.5,71.5,15.7,Designer,Active,Low,Underallocated,84.8
ALC000417,EMP0121,PRJ0137,CLI0012,2026-01-20,2026-05-16,149.6,93.5,122.7,26.9,Support,Completed,Critical,Allocated,90.4
ALC000418,EMP0317,PRJ0041,CLI0044,2026-02-19,2026-06-26,112.2,70.1,92.0,20.2,Support,On Hold,High,Allocated,73.7
ALC000419,EMP0575,PRJ0065,CLI0003,2026-04-04,2026-06-15,67.0,41.9,54.9,12.1,PM,Active,High,Underallocated,74.6
ALC000420,EMP0059,PRJ0167,CLI0027,2026-02-16,2026-05-24,110.6,69.1,90.7,19.9,Analyst,On Hold,Critical,Allocated,65.7
ALC000421,EMP0486,PRJ0085,CLI0045,2026-06-09,2026-07-11,93.0,58.1,76.3,16.7,Support,On Hold,Low,Underallocated,78.5
ALC000422,EMP0725,PRJ0091,CLI0026,2026-01-07,2026-02-20,136.6,85.4,112.0,24.6,PM,Completed,Low,Allocated,84.1
ALC000423,EMP0790,PRJ0005,CLI0011,2026-04-20,2026-06-21,59.4,37.1,48.7,10.7,Developer,Active,Critical,Underallocated,73.8
ALC000424,EMP0554,PRJ0034,CLI0045,2026-04-20,2026-08-02,192.2,120.1,157.6,34.6,Designer,Active,Critical,Overallocated,73.7
ALC000425,EMP0406,PRJ0170,CLI0032,2026-02-02,2026-03-03,116.8,73.0,95.8,21.0,Lead,Active,Low,Allocated,79.6
ALC000426,EMP0233,PRJ0093,CLI0012,2026-01-05,2026-04-27,62.6,39.1,51.3,11.3,Support,On Hold,Low,Underallocated,87.7
ALC000427,EMP0632,PRJ0046,CLI0048,2026-01-15,2026-02-27,104.0,65.0,85.3,18.7,Analyst,On Hold,Critical,Allocated,75.6
ALC000428,EMP0634,PRJ0052,CLI0022,2026-03-02,2026-04-14,92.6,57.9,75.9,16.7,Support,Completed,High,Underallocated,87.6
ALC000429,EMP0099,PRJ0039,CLI0024,2026-05-15,2026-07-13,80.2,50.1,65.8,14.4,Designer,On Hold,Low,Underallocated,76.2
ALC000430,EMP0222,PRJ0068,CLI0059,2026-06-04,2026-08-04,129.0,80.6,105.8,23.2,Analyst,Completed,Medium,Allocated,91.6
ALC000431,EMP0813,PRJ0048,CLI0035,2026-02-14,2026-04-14,201.3,125.8,165.1,36.2,Designer,Active,Low,Overallocated,92.0
ALC000432,EMP0099,PRJ0062,CLI0038,2026-05-01,2026-08-27,186.7,116.7,153.1,33.6,Tester,On Hold,Critical,Overallocated,85.9
ALC000433,EMP0085,PRJ0057,CLI0043,2026-06-13,2026-11-01,120.0,75.0,98.4,21.6,Support,On Hold,Critical,Allocated,86.8
ALC000434,EMP0649,PRJ0065,CLI0003,2026-03-12,2026-07-27,80.8,50.5,66.3,14.5,Lead,On Hold,Medium,Underallocated,76.7
ALC000435,EMP0429,PRJ0116,CLI0042,2026-04-11,2026-05-15,123.2,77.0,101.0,22.2,Support,Completed,Medium,Allocated,82.4
ALC000436,EMP0743,PRJ0110,CLI0054,2026-01-12,2026-03-05,141.6,88.5,116.1,25.5,Lead,Active,High,Allocated,74.8
ALC000437,EMP0137,PRJ0070,CLI0013,2026-01-14,2026-03-10,120.2,75.1,98.6,21.6,Lead,Active,Low,Allocated,82.4
ALC000438,EMP0278,PRJ0176,CLI0014,2026-03-02,2026-06-30,141.8,88.6,116.3,25.5,Analyst,Completed,Critical,Allocated,72.0
ALC000439,EMP0627,PRJ0130,CLI0056,2026-05-03,2026-07-19,129.8,81.1,106.4,23.4,PM,Active,High,Allocated,92.1
ALC000440,EMP0287,PRJ0032,CLI0053,2026-05-09,2026-06-29,123.4,77.1,101.2,22.2,PM,Completed,High,Allocated,86.1
ALC000441,EMP0161,PRJ0033,CLI0030,2026-06-16,2026-11-04,63.4,,52.0,11.4,Lead,On Hold,Medium,Underallocated,63.8
ALC000442,EMP0113,PRJ0056,CLI0042,2026-02-12,2026-04-29,106.7,66.7,87.5,19.2,Developer,On Hold,High,Allocated,68.9
ALC000443,EMP0162,PRJ0055,CLI0015,2026-06-21,2026-08-29,188.5,117.8,154.6,33.9,Tester,Completed,Critical,Overallocated,83.6
ALC000444,EMP0353,PRJ0158,CLI0059,2026-05-17,2026-06-19,131.5,82.2,107.8,23.7,PM,Active,Medium,Allocated,80.1
ALC000445,EMP0239,PRJ0004,CLI0056,2026-05-12,2026-06-24,158.7,99.2,130.1,28.6,PM,Completed,Critical,Allocated,86.3
ALC000446,EMP0702,PRJ0031,CLI0044,2026-05-04,2026-09-13,192.5,120.3,157.8,34.6,Lead,Completed,Critical,Overallocated,81.9
ALC000447,EMP0258,PRJ0101,CLI0028,2026-06-01,2026-10-13,64.8,40.5,53.1,11.7,Analyst,On Hold,Medium,Underallocated,67.4
ALC000448,EMP0187,PRJ0090,CLI0041,2026-06-21,2026-10-20,216.0,135.0,177.1,38.9,PM,On Hold,Medium,Overallocated,88.9
ALC000449,EMP0144,PRJ0137,CLI0012,2026-06-07,2026-10-12,150.9,94.3,123.7,27.2,Lead,Completed,Critical,Allocated,91.1
ALC000450,EMP0668,PRJ0062,CLI0038,2026-03-14,2026-05-09,158.6,99.1,130.1,28.5,Support,On Hold,Low,Allocated,85.9
ALC000451,EMP0239,PRJ0090,CLI0041,2026-04-21,2026-05-17,85.1,53.2,69.8,15.3,Tester,Completed,Low,Underallocated,66.0
ALC000452,EMP0335,PRJ0094,CLI0008,2026-02-16,2026-05-18,141.0,88.1,115.6,25.4,Developer,Active,Low,Allocated,85.7
ALC000453,EMP0432,PRJ0018,CLI0024,2026-05-03,2026-09-02,80.0,50.0,65.6,14.4,PM,Completed,Low,Underallocated,71.4
ALC000454,EMP0066,PRJ0011,CLI0024,2026-04-20,2026-07-27,117.9,73.7,96.7,21.2,Lead,On Hold,Medium,Allocated,77.2
ALC000455,EMP0635,PRJ0175,CLI0054,2026-05-17,2026-08-08,125.4,78.4,102.8,22.6,Support,On Hold,Medium,Allocated,75.1
ALC000456,EMP0519,PRJ0175,CLI0054,2026-02-03,2026-06-19,102.4,64.0,84.0,18.4,Designer,Completed,High,Allocated,67.9
ALC000457,EMP0609,PRJ0109,CLI0010,2026-02-12,2026-06-17,158.1,98.8,129.6,28.5,Developer,On Hold,Medium,Allocated,91.0
ALC000458,EMP0769,PRJ0013,CLI0048,2026-04-16,2026-08-11,91.2,57.0,74.8,16.4,Analyst,Active,High,Underallocated,68.9
ALC000459,EMP0626,PRJ0032,CLI0053,2026-03-11,2026-06-19,31.5,19.7,25.8,5.7,Developer,On Hold,High,Underallocated,85.7
ALC000460,EMP0154,PRJ0054,CLI0021,2026-04-08,2026-08-04,102.2,63.9,83.8,18.4,Support,Completed,Low,Allocated,72.9
ALC000461,EMP0064,PRJ0021,CLI0060,2026-06-10,2026-11-02,162.1,101.3,132.9,29.2,Tester,Completed,High,Overallocated,64.6
ALC000462,EMP0642,PRJ0146,CLI0006,2026-01-09,2026-04-01,210.2,131.4,172.4,37.8,Support,Active,Critical,Overallocated,91.1
ALC000463,EMP0323,PRJ0017,CLI0050,2026-04-18,2026-07-11,164.6,102.9,135.0,29.6,Analyst,On Hold,Medium,Overallocated,77.8
ALC000464,EMP0043,PRJ0075,CLI0033,2026-05-04,2026-09-14,154.7,96.7,126.9,27.8,Support,Completed,High,Allocated,88.2
ALC000465,EMP0085,PRJ0125,CLI0019,2026-01-06,2026-02-23,96.8,60.5,79.4,17.4,Analyst,On Hold,Critical,Allocated,87.5
ALC000466,EMP0286,PRJ0110,CLI0054,2026-02-06,2026-06-23,204.2,127.6,167.4,36.8,Developer,Completed,Medium,Overallocated,63.8
ALC000467,EMP0825,PRJ0053,CLI0011,2026-05-02,2026-07-01,139.4,87.1,114.3,25.1,Tester,Completed,High,Allocated,90.1
ALC000468,EMP0227,PRJ0090,CLI0041,2026-03-13,2026-08-04,141.0,88.1,115.6,25.4,Analyst,Active,Low,Allocated,76.6
ALC000469,EMP0079,PRJ0156,CLI0002,2026-01-10,2026-05-19,137.1,85.7,112.4,24.7,Support,On Hold,Critical,Allocated,76.9
ALC000470,EMP0149,PRJ0168,CLI0016,2026-02-20,2026-07-03,65.6,41.0,53.8,11.8,Developer,Active,Medium,Underallocated,86.4
ALC000471,EMP0240,PRJ0033,CLI0030,2026-05-12,2026-09-18,127.4,79.6,104.5,22.9,Analyst,Completed,Low,Allocated,76.9
ALC000472,EMP0408,PRJ0056,CLI0042,2026-06-21,2026-09-22,53.8,33.6,44.1,9.7,Developer,Active,High,Underallocated,74.8
ALC000473,EMP0721,PRJ0047,CLI0018,2026-03-20,2026-05-26,145.1,90.7,119.0,26.1,Lead,Completed,Medium,Allocated,90.3
ALC000474,EMP0549,PRJ0174,CLI0032,2026-04-11,2026-05-14,125.4,78.4,102.8,22.6,Developer,Active,Critical,Allocated,80.6
ALC000475,EMP0768,PRJ0135,CLI0022,2026-04-06,2026-06-14,86.7,54.2,71.1,15.6,Tester,Active,Medium,Underallocated,92.8
ALC000476,EMP0502,PRJ0165,CLI0030,2026-01-04,2026-04-04,157.1,98.2,128.8,28.3,Designer,Active,Medium,Allocated,89.3
ALC000477,EMP0787,PRJ0130,CLI0056,2026-01-04,2026-05-25,97.6,61.0,80.0,17.6,Analyst,On Hold,Critical,Allocated,76.5
ALC000478,EMP0819,PRJ0047,CLI0018,2026-02-09,2026-03-29,98.6,61.6,80.9,17.7,Tester,On Hold,High,Allocated,87.5
ALC000479,EMP0338,PRJ0048,CLI0035,2026-01-19,2026-05-05,133.3,83.3,109.3,24.0,Tester,On Hold,High,Allocated,71.1
ALC000480,EMP0440,PRJ0036,CLI0045,2026-06-21,2026-07-30,111.4,69.6,91.3,20.1,Developer,On Hold,Critical,Allocated,89.3
ALC000481,EMP0482,PRJ0146,CLI0006,2026-03-13,2026-06-16,121.3,75.8,99.5,21.8,Analyst,On Hold,High,Allocated,78.8
ALC000482,EMP0036,PRJ0053,CLI0011,2026-04-13,2026-06-20,153.3,95.8,125.7,27.6,Analyst,Completed,Medium,Allocated,77.3
ALC000483,EMP0655,PRJ0046,CLI0048,2026-06-17,2026-10-05,82.4,51.5,67.6,14.8,Analyst,Completed,High,Underallocated,78.3
ALC000484,EMP0092,PRJ0128,CLI0044,2026-03-10,2026-04-08,79.0,49.4,64.8,14.2,Lead,On Hold,Low,Underallocated,74.2
ALC000485,EMP0479,PRJ0113,CLI0050,2026-03-16,2026-08-11,102.7,64.2,84.2,18.5,Analyst,Active,Low,Allocated,94.3
ALC000486,EMP0773,PRJ0022,CLI0037,2026-02-19,2026-07-04,109.4,68.4,89.7,19.7,Analyst,Completed,Medium,Allocated,87.4
ALC000487,EMP0275,PRJ0007,CLI0040,2026-04-04,2026-05-12,137.8,86.1,113.0,24.8,Tester,On Hold,Low,Allocated,94.4
ALC000488,EMP0283,PRJ0145,CLI0003,2026-06-01,2026-09-24,189.6,118.5,155.5,34.1,Developer,On Hold,Medium,Overallocated,72.5
ALC000489,EMP0016,PRJ0163,CLI0044,2026-03-04,2026-05-04,110.2,68.9,90.4,19.8,PM,Completed,Critical,Allocated,61.2
ALC000490,EMP0550,PRJ0039,CLI0024,2026-05-14,2026-10-07,113.4,70.9,93.0,20.4,PM,Active,High,Allocated,92.7
ALC000491,EMP0217,PRJ0102,CLI0043,2026-06-20,2026-09-16,85.9,53.7,70.4,15.5,Developer,On Hold,Low,Underallocated,92.6
ALC000492,EMP0425,PRJ0013,CLI0048,2026-02-12,2026-07-01,81.1,50.7,66.5,14.6,Lead,Completed,Low,Underallocated,86.8
ALC000493,EMP0317,PRJ0023,CLI0035,2026-04-19,2026-06-14,139.0,86.9,114.0,25.0,Lead,On Hold,Low,Allocated,62.9
ALC000494,EMP0474,PRJ0126,CLI0060,2026-02-11,2026-04-05,113.6,71.0,93.2,20.4,Lead,Active,Critical,Allocated,91.7
ALC000495,EMP0803,PRJ0090,CLI0041,2026-04-06,2026-08-26,161.9,101.2,132.8,29.1,Designer,Completed,Critical,Overallocated,89.9
ALC000496,EMP0336,PRJ0134,CLI0007,2026-01-19,2026-03-22,157.6,98.5,129.2,28.4,Tester,Completed,Critical,Allocated,70.2
ALC000497,EMP0484,PRJ0021,CLI0060,2026-06-07,2026-10-31,146.7,91.7,120.3,26.4,Tester,Active,Critical,Allocated,92.4
ALC000498,EMP0561,PRJ0127,CLI0026,2026-03-11,2026-04-22,53.6,33.5,44.0,9.6,Developer,Active,Critical,Underallocated,76.8
ALC000499,EMP0796,PRJ0172,CLI0044,2026-03-04,2026-07-25,,87.1,114.3,25.1,Designer,On Hold,High,Allocated,84.7
ALC000500,EMP0487,PRJ0006,CLI0019,2026-02-20,2026-03-15,74.6,46.6,61.2,13.4,Developer,Active,High,Underallocated,92.5
ALC000501,EMP0085,PRJ0143,CLI0032,2026-03-12,2026-07-29,36.6,22.9,30.0,6.6,Analyst,Completed,Low,Underallocated,69.6
ALC000502,EMP0445,PRJ0036,CLI0045,2026-01-05,2026-02-28,120.8,75.5,99.1,21.7,Lead,On Hold,Medium,Allocated,85.6
ALC000503,EMP0760,PRJ0169,CLI0060,2026-05-16,2026-09-21,166.2,103.9,136.3,29.9,Tester,Active,High,Overallocated,84.0
ALC000504,EMP0628,PRJ0075,CLI0033,2026-01-16,2026-02-23,140.5,87.8,115.2,25.3,Designer,Completed,High,Allocated,90.2
ALC000505,EMP0583,PRJ0019,CLI0054,2026-02-19,2026-05-25,76.8,48.0,63.0,13.8,Support,Active,High,Underallocated,64.1
ALC000506,EMP0650,PRJ0178,CLI0030,2026-01-16,2026-02-16,223.8,139.9,183.5,40.3,Designer,Active,High,Overallocated,70.5
ALC000507,EMP0685,PRJ0013,CLI0048,2026-05-05,2026-07-27,144.6,90.4,118.6,26.0,Designer,Active,High,Allocated,60.5
ALC000508,EMP0566,PRJ0132,CLI0013,2026-02-19,2026-06-22,78.4,49.0,64.3,14.1,PM,Completed,High,Underallocated,93.2
ALC000509,EMP0775,PRJ0073,CLI0016,2026-05-15,2026-08-27,,18.9,24.8,5.4,Tester,Active,High,Underallocated,90.1
ALC000510,EMP0157,PRJ0170,CLI0032,2026-02-11,2026-03-23,103.8,64.9,85.1,18.7,Tester,Active,High,Allocated,61.2
ALC000511,EMP0421,PRJ0022,CLI0037,2026-04-07,2026-05-01,33.4,20.9,27.4,6.0,Lead,Completed,Low,Underallocated,94.4
ALC000512,EMP0167,PRJ0080,CLI0026,2026-06-19,2026-10-08,70.9,44.3,58.1,12.8,Tester,Active,Critical,Underallocated,87.6
ALC000513,EMP0304,PRJ0105,CLI0056,2026-04-15,2026-06-02,44.0,27.5,36.1,7.9,Analyst,Active,Medium,Underallocated,65.0
ALC000514,EMP0384,PRJ0019,CLI0054,2026-01-14,2026-05-26,81.9,51.2,67.2,14.7,PM,Completed,Critical,Underallocated,81.1
ALC000515,EMP0335,PRJ0124,CLI0045,2026-03-19,2026-04-20,90.7,56.7,74.4,16.3,Analyst,On Hold,Low,Underallocated,64.3
ALC000516,EMP0707,PRJ0053,CLI0011,2026-05-17,2026-07-28,77.1,48.2,63.2,13.9,PM,Completed,High,Underallocated,68.5
ALC000517,EMP0630,PRJ0174,CLI0032,2026-05-17,2026-07-15,204.0,127.5,167.3,36.7,Designer,On Hold,Medium,Overallocated,91.7
ALC000518,EMP0825,PRJ0045,CLI0011,2026-03-04,2026-07-25,104.5,65.3,85.7,18.8,Analyst,Completed,Critical,Allocated,69.2
ALC000519,EMP0772,PRJ0017,CLI0050,2026-04-16,2026-07-04,165.1,103.2,135.4,29.7,Support,Completed,Medium,Overallocated,88.7
ALC000520,EMP0722,PRJ0113,CLI0050,2026-05-20,2026-10-06,134.7,145.0,110.5,24.2,Tester,On Hold,Medium,Allocated,83.7
ALC000521,EMP0837,PRJ0121,CLI0015,2026-06-05,2026-09-28,103.7,64.8,85.0,18.7,PM,On Hold,Low,Allocated,68.6
ALC000522,EMP0834,PRJ0159,CLI0025,2026-04-02,2026-08-01,92.8,58.0,76.1,16.7,Designer,Completed,Medium,Underallocated,90.6
ALC000523,EMP0294,PRJ0047,CLI0018,2026-04-12,2026-06-29,166.1,103.8,136.2,29.9,Analyst,Active,Critical,Overallocated,70.6
ALC000524,EMP0506,PRJ0031,CLI0044,2026-06-01,2026-08-17,70.6,44.1,57.9,12.7,Developer,Active,Low,Underallocated,78.4
ALC000525,EMP0716,PRJ0027,CLI0004,2026-01-14,2026-05-10,86.9,54.3,71.3,15.6,Lead,Active,Critical,Underallocated,65.3
ALC000526,EMP0287,PRJ0159,CLI0025,2026-03-13,2026-05-09,86.4,54.0,70.8,15.6,Developer,On Hold,Critical,Underallocated,62.1
ALC000527,EMP0659,PRJ0096,CLI0056,2026-04-11,2026-05-14,115.0,71.9,94.3,20.7,Developer,Active,Medium,Allocated,87.6
ALC000528,EMP0341,PRJ0098,CLI0044,2026-04-17,2026-09-02,75.7,47.3,62.1,13.6,Support,Active,High,Underallocated,93.5
ALC000529,EMP0056,PRJ0064,CLI0024,2026-05-16,2026-08-29,149.4,,122.5,26.9,Developer,On Hold,Low,Allocated,93.7
ALC000530,EMP0711,PRJ0136,CLI0003,2026-03-13,2026-06-04,155.0,96.9,127.1,27.9,Analyst,Active,Critical,Allocated,69.3
ALC000531,EMP0681,PRJ0063,CLI0016,2026-06-21,2026-11-08,83.4,52.1,68.4,15.0,Lead,On Hold,Medium,Underallocated,82.7
ALC000532,EMP0612,PRJ0150,CLI0003,2026-05-02,2026-07-22,133.1,83.2,109.1,24.0,Developer,On Hold,Critical,Allocated,89.7
ALC000533,EMP0633,PRJ0094,CLI0008,2026-01-03,2026-03-22,78.4,49.0,64.3,14.1,Analyst,Active,Low,Underallocated,64.5
ALC000534,EMP0614,PRJ0133,CLI0044,2026-02-17,2026-05-21,119.2,74.5,97.7,21.5,Designer,Active,High,Allocated,92.7
ALC000535,EMP0437,PRJ0130,CLI0056,2026-03-21,2026-05-07,158.9,99.3,130.3,28.6,Support,Completed,Low,Allocated,94.6
ALC000536,EMP0522,PRJ0114,CLI0043,2026-04-08,2026-04-29,116.2,72.6,95.3,20.9,Support,Active,Low,Allocated,79.7
ALC000537,EMP0272,PRJ0147,CLI0001,2026-05-14,2026-06-04,107.8,67.4,88.4,19.4,PM,Completed,Low,Allocated,88.1
ALC000538,EMP0404,PRJ0140,CLI0018,2026-06-09,2026-10-03,203.5,127.2,166.9,36.6,Developer,Completed,Critical,Overallocated,92.9
ALC000539,EMP0350,PRJ0023,CLI0035,2026-05-20,2026-07-20,126.4,79.0,103.6,22.8,Developer,Completed,Low,Allocated,81.4
ALC000540,EMP0595,PRJ0164,CLI0018,2026-02-17,2026-06-25,78.2,48.9,64.1,14.1,PM,On Hold,Low,Underallocated,72.6
ALC000541,EMP0701,PRJ0169,CLI0060,2026-03-20,2026-04-22,75.2,47.0,61.7,13.5,Analyst,Active,Critical,Underallocated,71.2
ALC000542,EMP0540,PRJ0117,CLI0006,2026-01-09,2026-05-07,203.2,127.0,166.6,36.6,Analyst,On Hold,Low,Overallocated,93.3
ALC000543,EMP0296,PRJ0028,CLI0011,2026-05-14,2026-09-01,82.4,51.5,67.6,14.8,Designer,Active,Low,Underallocated,60.9
ALC000544,EMP0186,PRJ0123,CLI0039,2026-03-18,2026-07-30,84.0,52.5,68.9,15.1,Lead,Completed,High,Underallocated,71.5
ALC000545,EMP0056,PRJ0127,CLI0026,2026-02-06,2026-06-17,113.1,70.7,92.7,20.4,Developer,On Hold,High,Allocated,77.8
ALC000546,EMP0551,PRJ0016,CLI0049,2026-06-13,2026-11-10,141.3,88.3,115.9,25.4,Analyst,Completed,Low,Allocated,73.3
ALC000547,EMP0808,PRJ0043,CLI0043,2026-01-12,2026-02-14,62.4,39.0,51.2,11.2,Designer,Active,Medium,Underallocated,74.6
ALC000548,EMP0499,PRJ0122,CLI0010,2026-01-02,2026-04-22,100.8,63.0,82.7,18.1,Support,Completed,High,Allocated,72.5
ALC000549,EMP0768,PRJ0073,CLI0016,2026-06-12,2026-07-16,58.4,36.5,47.9,10.5,Developer,Completed,Critical,Underallocated,61.9
ALC000550,EMP0299,PRJ0118,CLI0008,2026-01-15,2026-06-12,105.9,66.2,86.8,19.1,Analyst,Active,Critical,Allocated,87.8
ALC000551,EMP0161,PRJ0137,CLI0012,2026-01-17,2026-06-09,144.8,90.5,118.7,26.1,PM,Completed,Critical,Allocated,92.3
ALC000552,EMP0123,PRJ0010,CLI0035,2026-04-19,2026-08-03,101.9,63.7,83.6,18.3,Developer,Active,Critical,Allocated,77.2
ALC000553,EMP0040,PRJ0055,CLI0015,2026-03-10,2026-07-11,190.7,119.2,156.4,34.3,Tester,Completed,Low,Overallocated,85.2
ALC000554,EMP0308,PRJ0127,CLI0026,2026-03-03,2026-04-05,78.1,48.8,64.0,14.1,Lead,Active,Low,Underallocated,82.3
ALC000555,EMP0616,PRJ0034,CLI0045,2026-03-18,2026-07-08,120.6,75.4,98.9,21.7,Designer,Active,Medium,Allocated,74.5
ALC000556,EMP0296,PRJ0156,CLI0002,2026-03-13,2026-07-22,164.3,102.7,134.7,29.6,Developer,On Hold,Critical,Overallocated,68.4
ALC000557,EMP0593,PRJ0131,CLI0009,2026-04-02,2026-07-01,152.3,95.2,124.9,27.4,Analyst,On Hold,Medium,Allocated,80.3
ALC000558,EMP0560,PRJ0111,CLI0043,2026-06-15,2026-09-06,217.8,136.1,178.6,39.2,Developer,On Hold,High,Overallocated,88.6
ALC000559,EMP0121,PRJ0153,CLI0030,2026-01-05,2026-04-13,125.0,78.1,102.5,22.5,PM,On Hold,Low,Allocated,60.4
ALC000560,EMP0784,PRJ0078,CLI0031,2026-05-01,2026-08-17,76.2,47.6,62.5,13.7,Developer,Completed,Medium,Underallocated,93.9
ALC000561,EMP0736,PRJ0159,CLI0025,2026-02-11,2026-03-10,115.4,72.1,94.6,20.8,Support,Active,Low,Allocated,74.6
ALC000562,EMP0810,PRJ0073,CLI0016,2026-02-07,2026-03-17,78.4,49.0,64.3,14.1,Analyst,Active,Critical,Underallocated,72.4
ALC000563,EMP0098,PRJ0158,CLI0059,2026-06-09,2026-08-12,116.8,73.0,95.8,21.0,Developer,Completed,Critical,Allocated,84.5
ALC000564,EMP0417,PRJ0076,CLI0055,2026-06-21,2026-08-19,161.3,100.8,132.3,29.0,Analyst,On Hold,Low,Overallocated,64.4
ALC000565,EMP0186,PRJ0138,CLI0018,2026-04-06,2026-08-10,139.8,87.4,114.6,25.2,PM,Active,Medium,Allocated,65.7
ALC000566,EMP0702,PRJ0040,CLI0014,2026-05-16,2026-07-17,107.8,67.4,88.4,19.4,Designer,Active,Low,Allocated,84.8
ALC000567,EMP0488,PRJ0062,CLI0038,2026-03-12,2026-05-17,84.5,52.8,69.3,15.2,Analyst,Active,Low,Underallocated,91.8
ALC000568,EMP0195,PRJ0104,CLI0018,2026-01-08,2026-03-27,125.0,78.1,102.5,22.5,Lead,Completed,High,Allocated,60.6
ALC000569,EMP0073,PRJ0041,CLI0044,2026-03-04,2026-07-16,133.1,83.2,109.1,24.0,Designer,Completed,Medium,Allocated,60.5
ALC000570,EMP0359,PRJ0179,CLI0012,2026-06-01,2026-08-21,61.9,38.7,50.8,11.1,Tester,Completed,Low,Underallocated,71.4
ALC000571,EMP0381,PRJ0093,CLI0012,2026-01-13,2026-03-07,71.2,44.5,58.4,12.8,Support,Active,High,Underallocated,68.0
ALC000572,EMP0605,PRJ0038,CLI0059,2026-01-14,2026-06-04,100.5,62.8,82.4,18.1,Support,Completed,High,Allocated,72.6
ALC000573,EMP0697,PRJ0145,CLI0003,2026-06-17,2026-09-09,58.7,36.7,48.1,10.6,PM,Active,Low,Underallocated,72.8
ALC000574,EMP0298,PRJ0175,CLI0054,2026-03-05,2026-06-18,39.5,24.7,32.4,7.1,Tester,On Hold,Medium,Underallocated,60.2
ALC000575,EMP0016,PRJ0055,CLI0015,2026-06-11,2026-11-04,70.7,44.2,58.0,12.7,Analyst,On Hold,Critical,Underallocated,88.8
ALC000576,EMP0205,PRJ0042,CLI0026,2026-02-07,2026-05-31,127.4,79.6,104.5,22.9,Developer,Active,Low,Allocated,89.8
ALC000577,EMP0445,PRJ0028,CLI0011,2026-04-04,2026-05-23,116.0,72.5,95.1,20.9,Lead,Completed,High,Allocated,77.7
ALC000578,EMP0760,PRJ0010,CLI0035,2026-01-16,2026-02-10,94.2,58.9,77.2,17.0,Tester,Completed,Low,Underallocated,83.0
ALC000579,EMP0692,PRJ0120,CLI0028,2026-06-19,2026-09-14,74.6,46.6,61.2,13.4,Developer,Completed,High,Underallocated,68.8
ALC000580,EMP0583,PRJ0128,CLI0044,2026-02-11,2026-03-04,126.7,79.2,103.9,22.8,Developer,Active,Critical,Allocated,60.1
ALC000581,EMP0759,PRJ0160,CLI0057,2026-05-05,2026-07-15,124.6,77.9,102.2,22.4,Tester,Active,Critical,Allocated,61.8
ALC000582,EMP0051,PRJ0086,CLI0017,2026-03-12,2026-06-09,161.8,101.1,132.7,29.1,Lead,Active,Critical,Overallocated,83.6
ALC000583,EMP0786,PRJ0021,CLI0060,2026-02-18,2026-05-31,11.5,7.2,9.4,2.1,Developer,Active,Critical,Underallocated,77.4
ALC000584,EMP0629,PRJ0154,CLI0005,2026-03-15,2026-06-01,42.2,26.4,34.6,7.6,Lead,Active,High,Underallocated,68.1
ALC000585,EMP0625,PRJ0120,CLI0028,2026-06-05,2026-07-15,149.6,93.5,122.7,26.9,Tester,Active,Medium,Allocated,66.8
ALC000586,EMP0321,PRJ0160,CLI0057,2026-02-09,2026-06-25,130.9,81.8,107.3,23.6,Analyst,Active,Critical,Allocated,81.9
ALC000587,EMP0361,PRJ0017,CLI0050,2026-04-12,2026-05-15,149.4,93.4,122.5,26.9,Designer,On Hold,Critical,Allocated,70.3
ALC000588,EMP0730,PRJ0176,CLI0014,2026-03-03,2026-07-25,76.3,47.7,62.6,13.7,Lead,On Hold,Critical,Underallocated,67.6
ALC000589,EMP0123,PRJ0101,CLI0028,2026-03-04,2026-05-15,96.5,60.3,79.1,17.4,PM,Completed,Critical,Allocated,90.1
ALC000590,EMP0270,PRJ0096,CLI0056,2026-06-18,2026-11-07,61.0,38.1,50.0,11.0,Developer,Completed,Low,Underallocated,91.1
ALC000591,EMP0780,PRJ0137,CLI0012,2026-06-01,2026-10-15,18.6,11.6,15.3,3.3,PM,On Hold,Critical,Underallocated,62.7
ALC000592,EMP0359,PRJ0109,CLI0010,2026-06-10,2026-07-30,117.6,73.5,96.4,21.2,Support,Active,Medium,Allocated,89.7
ALC000593,EMP0675,PRJ0081,CLI0038,2026-01-12,2026-03-03,168.6,105.4,138.3,30.3,Developer,Completed,Critical,Overallocated,76.3
ALC000594,EMP0843,PRJ0079,CLI0059,2026-01-08,2026-06-06,105.3,65.8,86.3,19.0,Tester,Completed,High,Allocated,86.2
ALC000595,EMP0400,PRJ0144,CLI0056,2026-05-19,2026-08-12,83.4,52.1,68.4,15.0,Designer,On Hold,Critical,Underallocated,84.6
ALC000596,EMP0589,PRJ0138,CLI0018,2026-03-07,2026-07-08,67.2,42.0,55.1,12.1,Analyst,Completed,High,Underallocated,63.3
ALC000597,EMP0375,PRJ0123,CLI0039,2026-04-04,2026-06-05,156.5,97.8,128.3,28.2,Analyst,Completed,High,Allocated,77.7
ALC000598,EMP0583,PRJ0098,CLI0044,2026-01-10,2026-04-27,115.2,72.0,94.5,20.7,Analyst,Completed,Medium,Allocated,76.4
ALC000599,EMP0051,PRJ0109,CLI0010,2026-01-07,2026-04-01,116.8,73.0,95.8,21.0,Analyst,Active,High,Allocated,68.7
ALC000600,EMP0723,PRJ0139,CLI0008,2026-04-07,2026-08-07,54.2,33.9,44.4,9.8,Tester,Active,Medium,Underallocated,87.4
ALC000601,EMP0768,PRJ0091,CLI0026,2026-03-17,2026-06-23,75.4,47.1,61.8,13.6,Designer,On Hold,Medium,Underallocated,60.5
ALC000602,EMP0051,PRJ0043,CLI0043,2026-02-15,2026-03-10,141.4,88.4,115.9,25.5,Designer,On Hold,Critical,Allocated,66.1
ALC000603,EMP0512,,CLI0007,2026-05-06,2026-08-10,90.9,56.8,74.5,16.4,Designer,Completed,Low,Underallocated,90.4
ALC000604,EMP0135,PRJ0094,CLI0008,2026-05-07,2026-08-11,85.9,53.7,70.4,15.5,Analyst,Active,Low,Underallocated,84.7
ALC000605,EMP0715,PRJ0166,CLI0028,2026-04-18,2026-09-02,212.3,,174.1,38.2,Analyst,Completed,Medium,Overallocated,70.3
ALC000606,EMP0146,PRJ0158,CLI0059,2026-05-20,2026-09-21,114.7,71.7,94.1,20.6,Support,On Hold,Medium,Allocated,74.2
ALC000607,EMP0018,PRJ0112,CLI0006,2026-04-10,2026-06-24,105.1,65.7,86.2,18.9,Designer,On Hold,Medium,Allocated,75.5
ALC000608,EMP0802,PRJ0018,CLI0024,2026-05-19,2026-07-25,106.6,66.6,87.4,19.2,Analyst,Active,Low,Allocated,91.4
ALC000609,EMP0553,PRJ0132,CLI0013,2026-01-20,2026-02-18,84.8,53.0,69.5,15.3,Tester,Completed,Low,Underallocated,67.0
ALC000610,EMP0676,PRJ0102,CLI0043,2026-03-20,2026-07-13,109.1,68.2,89.5,19.6,Lead,Active,Critical,Allocated,83.0
ALC000611,EMP0843,PRJ0179,CLI0012,2026-01-18,2026-02-19,189.6,118.5,155.5,34.1,Lead,Active,Low,Overallocated,78.4
ALC000612,EMP0079,PRJ0141,CLI0028,2026-06-06,2026-08-20,128.5,80.3,105.4,23.1,Tester,Active,Critical,Allocated,72.7
ALC000613,EMP0585,PRJ0076,CLI0055,2026-01-06,2026-05-09,48.2,30.1,39.5,8.7,Tester,On Hold,Medium,Underallocated,61.4
ALC000614,EMP0498,PRJ0161,CLI0056,2026-06-20,2026-10-19,94.6,59.1,77.6,17.0,Lead,Active,Low,Underallocated,78.9
ALC000615,EMP0251,PRJ0119,CLI0048,2026-02-03,2026-06-13,116.2,72.6,95.3,20.9,Analyst,Active,Critical,Allocated,72.8
ALC000616,EMP0279,PRJ0177,CLI0053,2026-06-12,2026-08-16,51.7,32.3,42.4,9.3,Tester,Completed,Low,Underallocated,71.7
ALC000617,EMP0594,PRJ0163,CLI0044,2026-06-15,2026-10-24,93.3,58.3,76.5,16.8,PM,Active,High,Underallocated,76.6
ALC000618,EMP0430,PRJ0060,CLI0022,2026-03-11,2026-04-21,73.6,46.0,60.4,13.2,Tester,Completed,Medium,Underallocated,77.7
ALC000619,EMP0315,PRJ0083,CLI0032,2026-06-16,2026-08-06,96.2,60.1,78.9,17.3,Analyst,On Hold,Medium,Allocated,94.8
ALC000620,EMP0154,PRJ0124,CLI0045,2026-06-12,2026-07-12,114.9,71.8,94.2,20.7,Designer,Active,Critical,Allocated,93.0
ALC000621,EMP0639,PRJ0070,CLI0013,2026-02-05,2026-05-11,140.0,87.5,114.8,25.2,Lead,Active,High,Allocated,79.9
ALC000622,EMP0694,PRJ0003,CLI0041,2026-05-15,2026-06-17,65.9,41.2,54.0,11.9,PM,Active,Medium,Underallocated,73.6
ALC000623,EMP0403,PRJ0072,CLI0030,2026-02-12,2026-03-30,108.6,67.9,89.1,19.5,Developer,Completed,Critical,Allocated,67.0
ALC000624,EMP0826,PRJ0159,CLI0025,2026-03-03,2026-04-04,98.9,61.8,81.1,17.8,Designer,On Hold,Critical,Allocated,64.0
ALC000625,EMP0686,PRJ0149,CLI0039,2026-06-06,2026-08-19,103.2,64.5,84.6,18.6,Designer,Active,Medium,Allocated,60.5
ALC000626,EMP0225,PRJ0152,CLI0005,2026-01-09,2026-04-05,79.2,49.5,64.9,14.3,Designer,Active,Medium,Underallocated,75.2
ALC000627,EMP0226,PRJ0115,CLI0050,2026-03-14,2026-06-07,110.1,68.8,90.3,19.8,Lead,On Hold,Critical,Allocated,83.9
ALC000628,EMP0736,PRJ0032,CLI0053,2026-01-01,2026-03-20,131.7,82.3,108.0,23.7,PM,On Hold,High,Allocated,72.8
ALC000629,EMP0267,PRJ0118,CLI0008,2026-06-09,2026-09-04,56.3,35.2,46.2,10.1,Analyst,Active,Critical,Underallocated,79.2
ALC000630,EMP0445,PRJ0036,CLI0045,2026-04-15,2026-06-24,181.1,113.2,148.5,32.6,Designer,On Hold,High,Overallocated,73.9
ALC000631,EMP0196,PRJ0153,CLI0030,2026-01-02,2026-05-20,,93.5,122.7,26.9,Analyst,On Hold,Low,Allocated,75.7
ALC000632,EMP0177,PRJ0166,CLI0028,2026-06-09,2026-07-13,49.0,30.6,40.2,8.8,Lead,On Hold,Low,Underallocated,68.8
ALC000633,EMP0688,PRJ0019,CLI0054,2026-05-05,2026-09-02,169.9,106.2,139.3,30.6,PM,Completed,Medium,Overallocated,60.4
ALC000634,EMP0547,PRJ0161,CLI0056,2026-06-14,2026-07-21,172.6,107.9,141.5,31.1,PM,On Hold,Critical,Overallocated,84.5
ALC000635,EMP0375,PRJ0151,CLI0036,2026-05-03,2026-06-28,91.8,57.4,75.3,16.5,PM,Completed,Medium,Underallocated,60.8
ALC000636,EMP0072,PRJ0092,CLI0007,2026-03-03,2026-06-05,120.2,75.1,98.6,21.6,PM,Completed,High,Allocated,61.7
ALC000637,EMP0776,PRJ0164,CLI0018,2026-06-03,2026-07-28,115.7,72.3,94.9,20.8,Support,On Hold,Low,Allocated,68.9
ALC000638,EMP0230,PRJ0072,CLI0030,2026-05-13,2026-08-28,57.0,35.6,46.7,10.3,PM,Completed,Critical,Underallocated,94.6
ALC000639,EMP0346,PRJ0128,CLI0044,2026-02-08,2026-03-03,153.1,95.7,125.5,27.6,Lead,Active,Medium,Allocated,83.2
ALC000640,EMP0430,PRJ0129,CLI0019,2026-04-15,2026-09-02,36.8,23.0,30.2,6.6,Lead,Active,Critical,Underallocated,65.9
ALC000641,EMP0229,PRJ0025,CLI0003,2026-06-01,2026-08-26,123.5,77.2,101.3,22.2,Lead,On Hold,Low,Allocated,70.6
ALC000642,EMP0111,PRJ0070,CLI0013,2026-05-02,2026-07-10,174.7,109.2,143.3,31.4,Lead,On Hold,Low,Overallocated,84.6
ALC000643,EMP0337,PRJ0078,CLI0031,2026-06-03,2026-07-26,44.5,27.8,36.5,8.0,Support,On Hold,High,Underallocated,76.5
ALC000644,EMP0081,PRJ0029,CLI0058,2026-03-03,2026-07-08,100.3,62.7,82.2,18.1,Developer,Completed,Low,Allocated,76.3
ALC000645,EMP0257,PRJ0028,CLI0011,2026-05-20,2026-09-22,157.6,98.5,129.2,28.4,Lead,On Hold,Critical,Allocated,78.7
ALC000646,EMP0140,PRJ0084,CLI0016,2026-01-04,2026-02-03,128.2,80.1,105.1,23.1,Support,Completed,Critical,Allocated,91.2
ALC000647,EMP0473,PRJ0020,CLI0049,2026-01-20,2026-04-06,145.3,,119.1,26.2,Developer,Completed,High,Allocated,67.9
ALC000648,EMP0159,PRJ0074,CLI0006,2026-03-11,2026-05-09,84.5,52.8,69.3,15.2,Tester,Completed,Low,Underallocated,80.8
ALC000649,EMP0163,PRJ0038,CLI0059,2026-02-08,2026-03-18,74.4,46.5,61.0,13.4,Support,Completed,Low,Underallocated,85.2
ALC000650,EMP0844,PRJ0167,CLI0027,2026-04-04,2026-06-25,104.0,65.0,85.3,18.7,Analyst,On Hold,Low,Allocated,61.5
ALC000651,EMP0043,PRJ0116,CLI0042,2026-03-11,2026-06-10,,76.6,100.5,22.1,Support,Completed,High,Allocated,86.6
ALC000652,EMP0535,PRJ0110,CLI0054,2026-02-05,2026-06-14,136.0,85.0,111.5,24.5,Support,Completed,High,Allocated,67.5
ALC000653,EMP0492,PRJ0092,CLI0007,2026-01-13,2026-03-13,129.8,81.1,106.4,23.4,Support,Active,High,Allocated,61.4
ALC000654,EMP0319,PRJ0125,CLI0019,2026-03-11,2026-04-02,151.2,94.5,124.0,27.2,PM,Active,Critical,Allocated,74.8
ALC000655,EMP0664,PRJ0121,CLI0015,2026-04-13,2026-05-14,116.6,72.9,95.6,21.0,Support,Active,Medium,Allocated,74.4
ALC000656,EMP0620,PRJ0023,CLI0035,2026-01-18,2026-05-15,70.1,43.8,57.5,12.6,Support,Active,Low,Underallocated,86.4
ALC000657,EMP0434,PRJ0067,CLI0015,2026-01-12,2026-05-23,57.8,36.1,47.4,10.4,PM,On Hold,High,Underallocated,83.7
ALC000658,EMP0105,PRJ0069,CLI0021,2026-06-19,2026-09-20,,89.0,116.8,25.6,Lead,Active,Low,Allocated,63.5
ALC000659,EMP0115,PRJ0012,CLI0020,2026-03-15,2026-05-16,152.2,95.1,124.8,27.4,Analyst,Active,Low,Allocated,72.5
ALC000660,EMP0019,PRJ0081,CLI0038,2026-04-01,2026-08-19,,119.3,156.5,34.4,Analyst,Completed,Low,Overallocated,75.7
ALC000661,EMP0113,PRJ0041,CLI0044,2026-02-18,2026-07-17,209.0,130.6,171.4,37.6,Designer,Active,Low,Overallocated,84.2
ALC000662,EMP0225,PRJ0014,CLI0026,2026-03-12,2026-08-07,150.9,94.3,123.7,27.2,Support,Completed,Medium,Allocated,81.1
ALC000663,EMP0200,PRJ0015,CLI0015,2026-03-17,2026-05-31,126.7,79.2,103.9,22.8,Lead,On Hold,Low,Allocated,71.7
ALC000664,EMP0028,PRJ0063,CLI0016,2026-05-19,2026-08-25,95.2,59.5,78.1,17.1,PM,Completed,High,Underallocated,81.1
ALC000665,EMP0613,PRJ0025,CLI0003,2026-01-11,2026-03-28,77.1,48.2,63.2,13.9,Designer,Completed,Medium,Underallocated,71.7
ALC000666,EMP0418,PRJ0056,CLI0042,2026-02-14,2026-04-11,114.7,71.7,94.1,20.6,Analyst,On Hold,Low,Allocated,90.9
ALC000667,EMP0079,PRJ0086,CLI0017,2026-03-05,2026-06-04,107.8,67.4,88.4,19.4,Tester,Completed,Medium,Allocated,72.8
ALC000668,EMP0388,PRJ0077,CLI0025,2026-01-09,2026-03-30,188.2,117.6,154.3,33.9,Designer,On Hold,Medium,Overallocated,93.6
ALC000669,EMP0204,PRJ0133,CLI0044,2026-03-03,2026-03-30,135.5,84.7,111.1,24.4,Analyst,Completed,Medium,Allocated,72.2
ALC000670,EMP0043,PRJ0062,CLI0038,2026-01-02,2026-04-11,102.9,64.3,84.4,18.5,Tester,Completed,Medium,Allocated,77.2
ALC000671,EMP0483,PRJ0010,CLI0035,2026-01-17,2026-05-18,76.8,48.0,63.0,13.8,Lead,Completed,High,Underallocated,90.9
ALC000672,EMP0081,PRJ0101,CLI0028,2026-06-07,2026-10-01,133.4,83.4,109.4,24.0,Developer,Active,Medium,Allocated,93.9
ALC000673,EMP0707,PRJ0059,CLI0017,2026-01-20,2026-02-13,117.6,73.5,96.4,21.2,PM,Active,Critical,Allocated,91.0
ALC000674,EMP0402,PRJ0135,CLI0022,2026-06-09,2026-09-11,93.9,58.7,77.0,16.9,Tester,Active,Low,Underallocated,70.0
ALC000675,EMP0643,PRJ0114,CLI0043,2026-02-03,2026-06-25,84.5,52.8,69.3,15.2,Analyst,Active,Low,Underallocated,62.7
ALC000676,EMP0785,PRJ0161,CLI0056,2026-05-15,2026-08-01,133.9,83.7,109.8,24.1,Lead,Completed,Medium,Allocated,87.7
ALC000677,EMP0771,PRJ0101,CLI0028,2026-03-15,2026-08-01,95.7,59.8,78.5,17.2,Designer,On Hold,High,Underallocated,77.7
ALC000678,EMP0014,PRJ0045,CLI0011,2026-01-18,2026-06-05,99.0,61.9,81.2,17.8,PM,Active,Critical,Allocated,94.5
ALC000679,EMP0389,PRJ0099,CLI0038,2026-06-21,2026-10-03,92.6,57.9,75.9,16.7,PM,On Hold,Medium,Underallocated,91.4
ALC000680,EMP0838,PRJ0115,CLI0050,2026-06-16,2026-08-07,224.0,140.0,183.7,40.3,Lead,Completed,Critical,Overallocated,69.6
ALC000681,EMP0733,PRJ0058,CLI0020,2026-02-01,2026-03-07,118.2,73.9,96.9,21.3,PM,Active,High,Allocated,68.4
ALC000682,EMP0808,PRJ0115,CLI0050,2026-02-05,2026-06-16,79.0,49.4,64.8,14.2,Developer,Active,Medium,Underallocated,81.1
ALC000683,EMP0786,PRJ0012,CLI0020,2026-03-09,2026-07-14,9.1,5.7,7.5,1.6,Analyst,Completed,Medium,Underallocated,91.4
ALC000684,EMP0672,PRJ0111,CLI0043,2026-06-16,2026-08-19,46.4,29.0,38.0,8.4,Designer,On Hold,Medium,Underallocated,94.8
ALC000685,EMP0697,,CLI0017,2026-02-06,2026-04-19,100.3,62.7,82.2,18.1,Designer,On Hold,Medium,Allocated,88.8
ALC000686,EMP0032,PRJ0066,CLI0051,2026-04-07,2026-08-10,179.8,112.4,147.4,32.4,Lead,Active,Medium,Overallocated,69.4
ALC000687,EMP0637,PRJ0120,CLI0028,2026-06-07,2026-09-25,203.5,127.2,166.9,36.6,Lead,Completed,Medium,Overallocated,90.5
ALC000688,EMP0597,PRJ0126,CLI0060,2026-06-18,2026-10-26,102.4,64.0,84.0,18.4,PM,Active,Low,Allocated,87.7
ALC000689,EMP0067,PRJ0038,CLI0059,2026-06-13,2026-09-04,126.6,79.1,103.8,22.8,Developer,Completed,Critical,Allocated,91.3
ALC000690,EMP0566,PRJ0124,CLI0045,2026-04-11,2026-07-16,105.4,65.9,86.4,19.0,Designer,Completed,Low,Allocated,81.6
ALC000691,EMP0756,PRJ0136,CLI0003,2026-02-06,2026-03-26,130.2,81.4,106.8,23.4,Designer,Completed,Low,Allocated,81.4
ALC000692,EMP0379,PRJ0038,CLI0059,2026-04-14,2026-06-20,102.4,64.0,84.0,18.4,Analyst,Active,Critical,Allocated,85.6
ALC000693,EMP0163,PRJ0176,CLI0014,2026-03-19,2026-05-02,89.8,56.1,73.6,16.2,Tester,Completed,Low,Underallocated,94.0
ALC000694,EMP0766,PRJ0130,CLI0056,2026-05-02,2026-07-24,85.8,53.6,70.4,15.4,Developer,Completed,Low,Underallocated,75.0
ALC000695,EMP0313,PRJ0130,CLI0056,2026-06-02,2026-06-22,140.5,87.8,115.2,25.3,Developer,On Hold,Critical,Allocated,79.4
ALC000696,EMP0526,PRJ0099,CLI0038,2026-01-16,2026-04-09,164.2,102.6,134.6,29.6,Designer,Completed,Critical,Overallocated,81.2
ALC000697,EMP0361,PRJ0151,CLI0036,2026-01-01,2026-05-30,94.1,58.8,77.2,16.9,Tester,Completed,Critical,Underallocated,92.8
ALC000698,EMP0149,PRJ0049,CLI0043,2026-05-08,2026-08-10,141.1,88.2,115.7,25.4,Designer,Active,Critical,Allocated,84.6
ALC000699,EMP0737,PRJ0154,CLI0005,2026-01-19,2026-05-22,118.2,73.9,96.9,21.3,Analyst,Completed,Medium,Allocated,92.6
ALC000700,EMP0291,PRJ0081,CLI0038,2026-01-18,2026-06-02,96.6,60.4,79.2,17.4,Developer,On Hold,Critical,Allocated,86.8
ALC000701,EMP0793,PRJ0171,CLI0001,2026-01-06,2026-03-12,139.2,87.0,114.1,25.1,Tester,On Hold,Low,Allocated,62.2
ALC000702,EMP0843,PRJ0112,CLI0006,2026-04-07,2026-04-30,165.9,103.7,136.0,29.9,Analyst,Active,Medium,Overallocated,61.7
ALC000703,EMP0145,PRJ0119,CLI0048,2026-04-05,2026-07-17,79.0,49.4,64.8,14.2,Analyst,Active,Low,Underallocated,86.4
ALC000704,EMP0761,PRJ0026,CLI0019,2026-05-01,2026-08-04,99.0,61.9,81.2,17.8,PM,Completed,Low,Allocated,64.7
ALC000705,EMP0480,PRJ0148,CLI0035,2026-02-13,2026-05-15,170.7,106.7,140.0,30.7,Analyst,On Hold,High,Overallocated,93.7
ALC000706,EMP0425,PRJ0002,CLI0046,2026-06-12,2026-08-05,110.2,68.9,90.4,19.8,PM,On Hold,Critical,Allocated,75.9
ALC000707,EMP0484,PRJ0059,CLI0017,2026-06-19,2026-09-16,80.2,50.1,65.8,14.4,PM,Active,High,Underallocated,69.5
ALC000708,EMP0798,PRJ0077,CLI0025,2026-02-16,2026-03-25,118.7,74.2,97.3,21.4,Analyst,On Hold,Critical,Allocated,64.8
ALC000709,EMP0629,PRJ0066,CLI0051,2026-05-21,2026-06-16,112.3,70.2,92.1,20.2,Analyst,Completed,Critical,Allocated,65.9
ALC000710,EMP0527,PRJ0046,CLI0048,2026-02-21,2026-05-26,154.2,96.4,126.4,27.8,Designer,Completed,Low,Allocated,89.4
ALC000711,EMP0824,PRJ0149,CLI0039,2026-04-06,2026-07-07,110.2,68.9,90.4,19.8,Support,Active,High,Allocated,66.6
ALC000712,EMP0176,PRJ0116,CLI0042,2026-05-07,2026-08-12,111.5,,91.4,20.1,Designer,Active,High,Allocated,89.7
ALC000713,EMP0764,PRJ0168,CLI0016,2026-06-09,2026-08-22,109.9,68.7,90.1,19.8,Support,Completed,Low,Allocated,92.1
ALC000714,EMP0170,PRJ0049,CLI0043,2026-03-07,2026-06-04,118.7,74.2,97.3,21.4,Lead,Completed,Low,Allocated,92.1
ALC000715,EMP0803,PRJ0110,CLI0054,2026-06-21,2026-10-21,172.6,107.9,141.5,31.1,Support,Completed,Medium,Overallocated,92.7
ALC000716,EMP0101,PRJ0167,CLI0027,2026-05-14,2026-09-23,141.0,88.1,115.6,25.4,Lead,Active,Critical,Allocated,84.7
ALC000717,EMP0621,PRJ0156,CLI0002,2026-05-14,2026-08-22,70.2,43.9,57.6,12.6,Support,On Hold,Medium,Underallocated,84.7
ALC000718,EMP0337,PRJ0075,CLI0033,2026-06-01,2026-09-03,123.2,77.0,101.0,22.2,Lead,On Hold,Low,Allocated,74.2
ALC000719,EMP0142,PRJ0139,CLI0008,2026-03-02,2026-04-09,125.8,78.6,103.2,22.6,Designer,On Hold,Medium,Allocated,86.1
ALC000720,EMP0314,PRJ0020,CLI0049,2026-04-16,2026-08-24,127.0,79.4,104.1,22.9,Tester,On Hold,Critical,Allocated,80.9
ALC000721,EMP0586,PRJ0068,CLI0059,2026-01-05,2026-05-20,52.8,33.0,43.3,9.5,Tester,Active,High,Underallocated,91.1
ALC000722,EMP0849,PRJ0100,CLI0039,2026-01-17,2026-03-11,117.9,73.7,96.7,21.2,Support,On Hold,Low,Allocated,73.7
ALC000723,EMP0492,PRJ0109,CLI0010,2026-01-05,2026-05-12,89.3,55.8,73.2,16.1,Analyst,On Hold,Medium,Underallocated,92.2
ALC000724,EMP0497,PRJ0110,CLI0054,2026-01-03,2026-06-01,52.2,32.6,42.8,9.4,Designer,Active,Low,Underallocated,87.5
ALC000725,EMP0227,PRJ0070,CLI0013,2026-03-06,2026-06-05,160.3,100.2,131.4,28.9,Developer,Active,Low,Overallocated,87.0
ALC000726,EMP0714,PRJ0037,CLI0057,2026-05-06,2026-08-03,100.6,62.9,82.5,18.1,Designer,Completed,Medium,Allocated,70.5
ALC000727,EMP0814,PRJ0059,CLI0017,2026-01-06,2026-02-27,101.3,63.3,83.1,18.2,Support,On Hold,Low,Allocated,64.1
ALC000728,EMP0436,PRJ0028,CLI0011,2026-04-04,2026-06-07,147.4,92.1,120.9,26.5,Developer,Active,Critical,Allocated,68.3
ALC000729,EMP0477,PRJ0022,CLI0037,2026-04-15,2026-05-26,153.0,95.6,125.5,27.5,Lead,Active,Critical,Allocated,74.9
ALC000730,EMP0268,PRJ0035,CLI0016,2026-06-13,2026-07-16,102.1,63.8,83.7,18.4,Support,On Hold,Low,Allocated,95.0
ALC000731,EMP0205,PRJ0103,CLI0001,2026-05-11,2026-09-27,113.1,70.7,92.7,20.4,Tester,Completed,High,Allocated,63.0
ALC000732,EMP0182,PRJ0172,CLI0044,2026-02-12,2026-07-10,71.5,44.7,58.6,12.9,Designer,Active,Medium,Underallocated,75.6
ALC000733,EMP0196,PRJ0015,CLI0015,2026-03-03,2026-05-22,74.2,46.4,60.8,13.4,PM,Active,High,Underallocated,67.3
ALC000734,EMP0668,PRJ0172,CLI0044,2026-05-15,2026-06-13,,102.4,134.3,29.5,PM,Active,Low,Overallocated,64.9
ALC000735,EMP0559,PRJ0104,CLI0018,2026-03-17,2026-07-18,113.8,71.1,93.3,20.5,Designer,Active,High,Allocated,68.3
ALC000736,EMP0516,PRJ0073,CLI0016,2026-01-18,2026-06-04,150.7,94.2,123.6,27.1,Lead,On Hold,Critical,Allocated,73.2
ALC000737,EMP0170,PRJ0005,CLI0011,2026-03-08,2026-06-29,105.4,65.9,86.4,19.0,Tester,Completed,Low,Allocated,61.4
ALC000738,EMP0105,PRJ0015,CLI0015,2026-03-17,2026-05-30,128.8,80.5,105.6,23.2,PM,Completed,Critical,Allocated,85.4
ALC000739,EMP0659,PRJ0045,CLI0011,2026-03-20,2026-05-25,42.2,26.4,34.6,7.6,Developer,On Hold,Critical,Underallocated,86.6
ALC000740,EMP0609,PRJ0125,CLI0019,2026-06-04,2026-07-13,146.4,91.5,120.0,26.4,PM,On Hold,High,Allocated,81.8
ALC000741,EMP0806,PRJ0111,CLI0043,2026-05-19,2026-07-14,110.9,69.3,90.9,20.0,Developer,Completed,High,Allocated,89.4
ALC000742,EMP0621,PRJ0163,CLI0044,2026-05-21,2026-10-01,93.3,58.3,76.5,16.8,Tester,Active,Medium,Underallocated,88.6
ALC000743,EMP0387,PRJ0047,CLI0018,2026-04-16,2026-07-03,137.1,,112.4,24.7,Tester,Completed,Low,Allocated,93.2
ALC000744,EMP0618,PRJ0121,CLI0015,2026-03-07,2026-07-08,151.7,94.8,124.4,27.3,Designer,Active,Critical,Allocated,61.1
ALC000745,EMP0386,PRJ0145,CLI0003,2026-03-06,2026-08-02,95.8,59.9,78.6,17.2,Support,Active,Medium,Underallocated,67.4
ALC000746,EMP0514,PRJ0074,CLI0006,2026-02-08,2026-03-05,64.2,40.1,52.6,11.6,Lead,On Hold,High,Underallocated,87.9
ALC000747,EMP0242,PRJ0160,CLI0057,2026-05-16,2026-10-03,178.6,111.6,146.5,32.1,Developer,On Hold,Low,Overallocated,84.2
ALC000748,EMP0434,PRJ0058,CLI0020,2026-06-06,2026-10-19,103.4,64.6,84.8,18.6,Support,Completed,Medium,Allocated,63.6
ALC000749,EMP0571,PRJ0143,CLI0032,2026-06-02,2026-10-04,35.2,22.0,28.9,6.3,Analyst,Active,Low,Underallocated,84.7
ALC000750,EMP0394,PRJ0139,CLI0008,2026-01-18,2026-06-03,95.2,59.5,78.1,17.1,Analyst,Active,Medium,Underallocated,93.4
ALC000751,EMP0622,PRJ0076,CLI0055,2026-06-12,2026-07-18,129.9,81.2,106.5,23.4,Tester,Active,High,Allocated,83.4
ALC000752,EMP0089,PRJ0078,CLI0031,2026-03-02,2026-04-26,108.8,68.0,89.2,19.6,Developer,Completed,High,Allocated,89.7
ALC000753,EMP0806,PRJ0094,CLI0008,2026-06-09,2026-09-15,106.9,66.8,87.7,19.2,Designer,On Hold,High,Allocated,82.7
ALC000754,EMP0030,PRJ0053,CLI0011,2026-05-10,2026-09-02,97.9,61.2,80.3,17.6,Tester,Active,Low,Allocated,60.5
ALC000755,EMP0728,PRJ0094,CLI0008,2026-06-10,2026-08-26,95.2,59.5,78.1,17.1,Developer,Completed,Critical,Underallocated,68.9
ALC000756,EMP0170,PRJ0050,CLI0039,2026-06-13,2026-11-07,61.0,38.1,50.0,11.0,Developer,Active,Low,Underallocated,69.6
ALC000757,EMP0265,PRJ0070,CLI0013,2026-02-21,2026-03-17,60.2,37.6,49.4,10.8,Designer,Active,High,Underallocated,92.9
ALC000758,EMP0385,PRJ0044,CLI0043,2026-06-14,2026-09-20,126.6,79.1,103.8,22.8,Designer,On Hold,Low,Allocated,60.7
ALC000759,EMP0519,PRJ0152,CLI0005,2026-02-05,2026-06-20,161.3,100.8,132.3,29.0,Support,Active,Critical,Overallocated,92.6
ALC000760,EMP0319,PRJ0134,CLI0007,2026-05-20,2026-08-18,101.0,63.1,82.8,18.2,Support,Active,Critical,Allocated,85.2
ALC000761,EMP0824,PRJ0049,CLI0043,2026-06-01,2026-10-13,,104.6,137.3,30.1,Support,Completed,Critical,Overallocated,94.1
ALC000762,EMP0175,PRJ0036,CLI0045,2026-03-16,2026-06-07,156.0,97.5,127.9,28.1,PM,Completed,Critical,Allocated,83.0
ALC000763,EMP0462,PRJ0164,CLI0018,2026-03-13,2026-05-26,106.7,66.7,87.5,19.2,Designer,Completed,High,Allocated,60.2
ALC000764,EMP0363,PRJ0038,CLI0059,2026-05-02,2026-06-11,137.4,85.9,112.7,24.7,Tester,On Hold,Medium,Allocated,85.2
ALC000765,EMP0263,PRJ0083,CLI0032,2026-03-21,2026-07-31,131.5,82.2,107.8,23.7,Designer,Completed,Low,Allocated,85.0
ALC000766,EMP0461,PRJ0018,CLI0024,2026-04-13,2026-08-04,91.8,57.4,75.3,16.5,Lead,On Hold,Low,Underallocated,83.8
ALC000767,EMP0476,PRJ0079,CLI0059,2026-01-10,2026-03-15,25.8,16.1,21.2,4.6,Tester,Completed,Low,Underallocated,92.1
ALC000768,EMP0371,PRJ0020,CLI0049,2026-05-03,2026-06-23,117.6,73.5,96.4,21.2,Tester,Completed,Medium,Allocated,70.0
ALC000769,EMP0427,PRJ0066,CLI0051,2026-06-15,2026-07-23,140.0,87.5,114.8,25.2,Support,On Hold,Critical,Allocated,85.8
ALC000770,EMP0212,PRJ0026,CLI0019,2026-05-14,2026-07-22,89.9,56.2,73.7,16.2,Designer,Active,Low,Underallocated,68.6
ALC000771,EMP0634,PRJ0052,CLI0022,2026-04-10,2026-05-25,192.3,120.2,157.7,34.6,Developer,Active,Critical,Overallocated,94.5
ALC000772,EMP0198,PRJ0032,CLI0053,2026-04-10,2026-06-15,153.3,95.8,125.7,27.6,Support,Completed,Low,Allocated,90.2
ALC000773,EMP0001,PRJ0180,CLI0006,2026-04-07,2026-06-01,53.1,33.2,43.5,9.6,PM,On Hold,High,Underallocated,88.9
ALC000774,EMP0009,PRJ0116,CLI0042,2026-02-12,2026-04-30,104.2,65.1,85.4,18.8,Analyst,On Hold,High,Allocated,65.2
ALC000775,EMP0101,PRJ0066,CLI0051,2026-01-04,2026-03-10,78.4,49.0,64.3,14.1,Analyst,Active,Low,Underallocated,87.6
ALC000776,EMP0647,PRJ0093,CLI0012,2026-06-06,2026-08-28,97.3,60.8,79.8,17.5,Designer,On Hold,Critical,Allocated,64.6
ALC000777,EMP0489,PRJ0118,CLI0008,2026-02-05,2026-04-07,,86.4,113.3,24.9,Tester,On Hold,Medium,Allocated,71.4
ALC000778,EMP0074,PRJ0033,CLI0030,2026-04-12,2026-07-16,101.9,63.7,83.6,18.3,Analyst,Completed,Low,Allocated,89.5
ALC000779,EMP0284,PRJ0170,CLI0032,2026-02-20,2026-04-17,89.1,55.7,73.1,16.0,Developer,Active,High,Underallocated,90.5
ALC000780,EMP0216,PRJ0056,CLI0042,2026-03-02,2026-05-10,115.8,72.4,95.0,20.8,Developer,Active,Critical,Allocated,67.7
ALC000781,EMP0225,PRJ0177,CLI0053,2026-01-19,2026-03-09,142.4,89.0,116.8,25.6,Developer,On Hold,Low,Allocated,65.2
ALC000782,EMP0788,PRJ0164,CLI0018,2026-02-11,2026-04-11,141.9,88.7,116.4,25.5,Lead,Active,Low,Allocated,85.5
ALC000783,EMP0178,PRJ0157,CLI0044,2026-06-10,2026-09-20,136.6,85.4,112.0,24.6,Tester,On Hold,Low,Allocated,80.6
ALC000784,EMP0564,PRJ0061,CLI0059,2026-02-21,2026-07-20,166.9,104.3,136.9,30.0,Designer,Active,Low,Overallocated,84.4
ALC000785,EMP0457,PRJ0034,CLI0045,2026-05-06,2026-09-16,108.3,67.7,88.8,19.5,Support,Active,Critical,Allocated,64.1
ALC000786,EMP0130,PRJ0017,CLI0050,2026-03-14,2026-05-15,97.6,61.0,80.0,17.6,Tester,Completed,Critical,Allocated,77.6
ALC000787,EMP0620,PRJ0073,CLI0016,2026-06-05,2026-11-02,105.8,66.1,86.8,19.0,PM,Active,Medium,Allocated,94.3
ALC000788,EMP0091,PRJ0064,CLI0024,2026-03-12,2026-05-22,79.7,49.8,65.4,14.3,Support,On Hold,Critical,Underallocated,74.9
ALC000789,EMP0479,PRJ0118,CLI0008,2026-01-19,2026-03-24,78.7,49.2,64.5,14.2,Support,On Hold,High,Underallocated,75.7
ALC000790,EMP0645,PRJ0083,CLI0032,2026-06-14,2026-09-25,141.6,88.5,116.1,25.5,Analyst,Active,Medium,Allocated,84.3
ALC000791,EMP0766,PRJ0136,CLI0003,2026-06-21,2026-10-13,145.3,90.8,119.1,26.2,Support,On Hold,Critical,Allocated,92.2
ALC000792,EMP0111,PRJ0011,CLI0024,2026-02-16,2026-04-15,8.0,5.0,6.6,1.4,Support,On Hold,Low,Underallocated,62.8
ALC000793,EMP0581,PRJ0075,CLI0033,2026-06-16,2026-10-31,149.6,93.5,122.7,26.9,Lead,Completed,Low,Allocated,91.2
ALC000794,EMP0455,PRJ0118,CLI0008,2026-01-07,2026-04-14,95.5,59.7,78.3,17.2,Tester,Completed,High,Underallocated,92.2
ALC000795,EMP0662,PRJ0061,CLI0059,2026-06-13,2026-10-10,86.7,54.2,71.1,15.6,Developer,On Hold,Medium,Underallocated,94.5
ALC000796,EMP0400,PRJ0077,CLI0025,2026-05-05,2026-08-25,98.9,61.8,81.1,17.8,Support,On Hold,High,Allocated,66.9
ALC000797,EMP0552,PRJ0022,CLI0037,2026-05-17,2026-08-29,61.4,38.4,50.3,11.1,Support,Completed,Medium,Underallocated,79.4
ALC000798,EMP0511,PRJ0061,CLI0059,2026-04-01,2026-05-18,105.3,65.8,86.3,19.0,Support,On Hold,Low,Allocated,86.5
ALC000799,EMP0299,PRJ0122,CLI0010,2026-03-16,2026-06-12,188.6,117.9,154.7,33.9,Designer,Active,Critical,Overallocated,67.0
ALC000800,EMP0169,PRJ0148,CLI0035,2026-06-13,2026-10-24,50.1,31.3,41.1,9.0,Lead,Completed,High,Underallocated,63.9
ALC000801,EMP0104,PRJ0167,CLI0027,2026-03-01,2026-05-27,136.8,85.5,112.2,24.6,PM,Active,Medium,Allocated,72.8
ALC000802,EMP0576,PRJ0054,CLI0021,2026-04-16,2026-09-06,151.0,94.4,123.8,27.2,Developer,Active,High,Allocated,77.5
ALC000803,EMP0314,PRJ0088,CLI0011,2026-04-04,2026-05-01,135.2,84.5,110.9,24.3,PM,On Hold,Critical,Allocated,74.8
ALC000804,EMP0496,PRJ0161,CLI0056,2026-01-17,2026-02-13,173.3,108.3,142.1,31.2,Developer,Completed,Low,Overallocated,65.1
ALC000805,EMP0115,PRJ0040,CLI0014,2026-02-13,2026-03-24,151.2,94.5,124.0,27.2,Lead,On Hold,Critical,Allocated,63.0
ALC000806,EMP0212,PRJ0071,CLI0036,2026-05-04,2026-08-13,138.9,86.8,113.9,25.0,Support,Completed,Medium,Allocated,86.5
ALC000807,EMP0025,PRJ0024,CLI0041,2026-03-01,2026-07-26,153.6,96.0,126.0,27.6,Developer,Completed,Critical,Allocated,62.5
ALC000808,EMP0699,PRJ0139,CLI0008,2026-01-08,2026-05-24,151.7,94.8,124.4,27.3,Lead,On Hold,High,Allocated,60.9
ALC000809,EMP0055,PRJ0170,CLI0032,2026-01-06,2026-04-16,98.1,61.3,80.4,17.7,Analyst,Active,Low,Allocated,84.8
ALC000810,EMP0588,PRJ0174,CLI0032,2026-02-19,2026-05-18,137.3,85.8,112.6,24.7,Developer,Completed,Low,Allocated,87.2
ALC000811,EMP0031,PRJ0116,CLI0042,2026-02-21,2026-06-22,101.1,63.2,82.9,18.2,Tester,Active,Critical,Allocated,72.2
ALC000812,EMP0635,PRJ0056,CLI0042,2026-01-21,2026-06-07,58.6,36.6,48.1,10.5,Tester,On Hold,Medium,Underallocated,72.7
ALC000813,EMP0362,PRJ0122,CLI0010,2026-03-18,2026-05-26,185.4,115.9,152.0,33.4,Designer,On Hold,High,Overallocated,74.1
ALC000814,EMP0356,PRJ0173,CLI0012,2026-06-08,2026-07-05,89.9,56.2,73.7,16.2,Developer,On Hold,Medium,Underallocated,84.0
ALC000815,EMP0412,PRJ0126,CLI0060,2026-01-20,2026-02-16,155.8,97.4,127.8,28.0,Lead,Active,Critical,Allocated,80.4
ALC000816,EMP0197,PRJ0023,CLI0035,2026-04-19,2026-08-26,133.4,83.4,109.4,24.0,Tester,Active,Critical,Allocated,79.6
ALC000817,EMP0164,PRJ0117,CLI0006,2026-05-04,2026-07-12,76.2,47.6,62.5,13.7,PM,On Hold,Medium,Underallocated,94.5
ALC000818,EMP0668,PRJ0011,CLI0024,2026-05-05,2026-07-06,81.0,50.6,66.4,14.6,Analyst,Active,High,Underallocated,65.7
ALC000819,EMP0034,PRJ0014,CLI0026,2026-06-06,2026-10-08,127.8,79.9,104.8,23.0,Developer,On Hold,Medium,Allocated,88.5
ALC000820,EMP0626,PRJ0018,CLI0024,2026-01-13,2026-04-09,128.0,80.0,105.0,23.0,Developer,Completed,Low,Allocated,76.0
ALC000821,EMP0404,PRJ0038,CLI0059,2026-06-14,2026-07-28,97.0,60.6,79.5,17.5,Support,Active,High,Allocated,76.3
ALC000822,EMP0043,PRJ0162,CLI0012,2026-04-01,2026-05-20,48.8,30.5,40.0,8.8,Tester,Active,Medium,Underallocated,89.0
ALC000823,EMP0076,PRJ0143,CLI0032,2026-06-03,2026-09-28,144.2,90.1,118.2,26.0,PM,Completed,Medium,Allocated,89.5
ALC000824,EMP0261,PRJ0076,CLI0055,2026-03-16,2026-06-04,8.0,5.0,6.6,1.4,Designer,Completed,High,Underallocated,88.5
ALC000825,EMP0011,PRJ0041,CLI0044,2026-06-08,2026-07-26,125.9,78.7,103.2,22.7,Support,Active,Critical,Allocated,88.6
ALC000826,EMP0745,PRJ0176,CLI0014,2026-04-02,2026-07-05,157.3,98.3,129.0,28.3,Support,On Hold,High,Allocated,66.4
ALC000827,EMP0613,PRJ0108,CLI0055,2026-03-10,2026-04-30,38.1,23.8,31.2,6.9,Designer,On Hold,Medium,Underallocated,63.2
ALC000828,EMP0515,PRJ0023,CLI0035,2026-06-09,2026-09-22,118.4,74.0,97.1,21.3,Lead,Completed,High,Allocated,82.3
ALC000829,EMP0262,PRJ0012,CLI0020,2026-03-02,2026-06-07,96.6,60.4,79.2,17.4,Analyst,On Hold,Critical,Allocated,90.6
ALC000830,EMP0502,PRJ0156,CLI0002,2026-05-06,2026-09-18,119.8,74.9,98.2,21.6,Analyst,Active,Low,Allocated,92.1
ALC000831,EMP0439,PRJ0093,CLI0012,2026-02-04,2026-04-15,151.0,94.4,123.8,27.2,Support,Completed,High,Allocated,79.1
ALC000832,EMP0385,PRJ0156,CLI0002,2026-01-16,2026-02-22,58.1,36.3,47.6,10.5,Lead,Completed,Medium,Underallocated,65.7
ALC000833,EMP0829,PRJ0063,CLI0016,2026-05-11,2026-06-01,103.0,64.4,84.5,18.5,Designer,Completed,Low,Allocated,67.4
ALC000834,EMP0496,PRJ0138,CLI0018,2026-05-19,2026-06-08,105.4,65.9,86.4,19.0,Tester,Completed,Critical,Allocated,83.2
ALC000835,EMP0530,PRJ0179,CLI0012,2026-01-11,2026-05-29,34.1,21.3,28.0,6.1,Tester,Completed,High,Underallocated,60.3
ALC000836,EMP0531,PRJ9999,CLI0015,2026-05-19,2026-06-21,134.9,84.3,110.6,24.3,Tester,On Hold,Critical,Allocated,73.0
ALC000837,EMP0720,PRJ0029,CLI0058,2026-02-20,2026-05-22,177.1,110.7,145.2,31.9,Tester,On Hold,High,Overallocated,65.5
ALC000838,EMP0614,PRJ0003,CLI0041,2026-06-14,2026-09-14,138.9,86.8,113.9,25.0,Lead,Active,High,Allocated,69.8
ALC000839,EMP0688,PRJ0023,CLI0035,2026-02-04,2026-06-30,117.1,73.2,96.0,21.1,Lead,Completed,High,Allocated,92.9
ALC000840,EMP0281,PRJ0036,CLI0045,2026-06-01,2026-09-14,147.4,92.1,120.9,26.5,Developer,Active,High,Allocated,60.8
ALC000841,EMP0812,PRJ0088,CLI0011,2026-06-20,2026-09-17,88.2,55.1,72.3,15.9,Tester,On Hold,Low,Underallocated,75.2
ALC000842,EMP0443,PRJ0035,CLI0016,2026-06-20,2026-11-16,76.8,48.0,63.0,13.8,Support,Active,Medium,Underallocated,75.5
ALC000843,EMP0455,PRJ0018,CLI0024,2026-05-06,2026-07-25,132.5,82.8,108.6,23.8,Lead,Active,Medium,Allocated,72.4
ALC000844,EMP0533,PRJ0068,CLI0059,2026-02-21,2026-03-26,121.1,75.7,99.3,21.8,Support,Active,High,Allocated,78.3
ALC000845,EMP0750,PRJ0175,CLI0054,2026-06-05,2026-07-19,124.5,77.8,102.1,22.4,PM,Completed,Medium,Allocated,73.7
ALC000846,EMP0255,PRJ0171,CLI0001,2026-04-18,2026-08-02,77.6,48.5,63.6,14.0,Developer,Completed,High,Underallocated,75.6
ALC000847,EMP0618,PRJ0142,CLI0026,2026-05-19,2026-06-26,51.8,32.4,42.5,9.3,Support,Active,High,Underallocated,70.5
ALC000848,EMP0432,PRJ0163,CLI0044,2026-04-21,2026-06-05,70.4,44.0,57.7,12.7,Tester,Completed,Low,Underallocated,64.1
ALC000849,EMP0830,PRJ0125,CLI0019,2026-06-02,2026-10-15,77.9,48.7,63.9,14.0,PM,Active,High,Underallocated,73.4
ALC000850,EMP0546,PRJ0033,CLI0030,2026-04-04,2026-06-09,30.4,19.0,24.9,5.5,PM,On Hold,High,Underallocated,84.0
ALC000851,EMP0570,PRJ0088,CLI0011,2026-06-08,2026-08-08,131.0,81.9,107.4,23.6,Designer,Active,High,Allocated,78.4
ALC000852,EMP0208,PRJ0057,CLI0043,2026-04-06,2026-08-14,60.5,37.8,49.6,10.9,Designer,Completed,High,Underallocated,86.0
ALC000853,EMP0212,PRJ0123,CLI0039,2026-02-15,2026-04-01,58.2,36.4,47.7,10.5,Lead,Completed,High,Underallocated,82.6
ALC000854,EMP0256,PRJ0100,CLI0039,2026-02-04,2026-04-14,101.6,63.5,83.3,18.3,Analyst,Active,High,Allocated,62.0
ALC000855,EMP0057,PRJ0057,CLI0043,2026-03-18,2026-07-30,75.7,47.3,62.1,13.6,Support,Active,Medium,Underallocated,67.7
ALC000856,EMP0110,PRJ0067,CLI0015,2026-03-05,2026-06-13,49.0,30.6,40.2,8.8,Tester,On Hold,Low,Underallocated,69.4
ALC000857,EMP0440,PRJ0010,CLI0035,2026-03-16,2026-04-12,53.3,33.3,43.7,9.6,Analyst,On Hold,Critical,Underallocated,77.3
ALC000858,EMP0591,PRJ0040,CLI0014,2026-01-16,2026-04-21,133.4,83.4,109.4,24.0,Lead,On Hold,Critical,Allocated,92.6
ALC000859,EMP0765,PRJ0080,CLI0026,2026-02-02,2026-04-10,98.6,61.6,80.9,17.7,Tester,Completed,Medium,Allocated,72.0
ALC000860,EMP0322,PRJ0178,CLI0030,2026-05-20,2026-07-15,51.5,32.2,42.2,9.3,Support,On Hold,High,Underallocated,82.6
ALC000861,EMP0191,PRJ0172,CLI0044,2026-01-05,2026-05-08,170.2,106.4,139.6,30.6,Analyst,Completed,High,Overallocated,71.1
ALC000862,EMP0344,PRJ0116,CLI0042,2026-03-21,2026-07-15,83.5,52.2,68.5,15.0,Support,Completed,Low,Underallocated,85.8
ALC000863,EMP0254,PRJ0094,CLI0008,2026-01-04,2026-05-08,133.1,83.2,109.1,24.0,Designer,Completed,Medium,Allocated,70.3
ALC000864,EMP0746,PRJ0121,CLI0015,2026-05-17,2026-06-13,107.7,67.3,88.3,19.4,Tester,Completed,Medium,Allocated,68.3
ALC000865,EMP0702,PRJ0111,CLI0043,2026-05-17,2026-07-04,115.8,72.4,95.0,20.8,PM,Completed,Critical,Allocated,85.5
ALC000866,EMP0016,PRJ0110,CLI0054,2026-01-10,2026-03-06,112.8,70.5,92.5,20.3,PM,Completed,Low,Allocated,75.1
ALC000867,EMP0643,PRJ0090,CLI0041,2026-02-16,2026-06-24,56.8,35.5,46.6,10.2,Support,Active,Low,Underallocated,89.4
ALC000868,EMP0612,PRJ0109,CLI0010,2026-03-18,2026-07-26,201.8,126.1,165.5,36.3,Lead,Active,Medium,Overallocated,73.4
ALC000869,EMP0171,PRJ0009,CLI0015,2026-01-09,2026-04-30,81.6,51.0,66.9,14.7,Tester,Active,High,Underallocated,69.9
ALC000870,EMP0190,PRJ0127,CLI0026,2026-01-10,2026-03-07,145.0,90.6,118.9,26.1,Developer,Active,Medium,Allocated,81.1
ALC000871,EMP0803,PRJ0135,CLI0022,2026-03-08,2026-04-21,80.3,50.2,65.8,14.5,Lead,On Hold,High,Underallocated,85.3
ALC000872,EMP0218,PRJ0113,CLI0050,2026-05-01,2026-05-26,67.8,42.4,55.6,12.2,Developer,Completed,Critical,Underallocated,79.6
ALC000873,EMP0754,PRJ0018,CLI0024,2026-06-19,2026-07-21,166.7,104.2,136.7,30.0,Analyst,On Hold,Medium,Overallocated,87.4
ALC000874,EMP0337,PRJ0062,CLI0038,2026-04-05,2026-07-25,174.2,108.9,142.8,31.4,PM,Active,High,Overallocated,74.6
ALC000875,EMP0730,PRJ0132,CLI0013,2026-03-08,2026-07-11,130.1,81.3,106.7,23.4,Tester,On Hold,Critical,Allocated,80.0
ALC000876,EMP0651,PRJ0161,CLI0056,2026-01-19,2026-03-24,144.3,90.2,118.3,26.0,Developer,Active,Medium,Allocated,67.5
ALC000877,EMP0532,PRJ0133,CLI0044,2026-02-19,2026-05-01,,38.6,50.7,11.1,Analyst,Completed,Low,Underallocated,88.3
ALC000878,EMP0740,PRJ0119,CLI0048,2026-01-04,2026-05-17,138.4,86.5,113.5,24.9,Support,Active,Medium,Allocated,78.3
ALC000879,EMP0383,PRJ0009,CLI0015,2026-05-02,2026-08-03,137.9,86.2,113.1,24.8,Developer,On Hold,Medium,Allocated,87.5
ALC000880,EMP0578,PRJ0098,CLI0044,2026-01-20,2026-03-22,129.6,81.0,106.3,23.3,Lead,On Hold,Low,Allocated,64.4
ALC000881,EMP0643,PRJ0070,CLI0013,2026-04-14,2026-06-22,177.9,111.2,145.9,32.0,Support,Active,Critical,Overallocated,78.7
ALC000882,EMP0233,PRJ0084,CLI0016,2026-03-09,2026-06-01,20.8,13.0,17.1,3.7,PM,On Hold,High,Underallocated,89.6
ALC000883,EMP0046,PRJ0097,CLI0018,2026-02-19,2026-05-31,104.8,65.5,85.9,18.9,Designer,Completed,Low,Allocated,63.0
ALC000884,EMP0110,PRJ0160,CLI0057,2026-04-06,2026-08-16,171.4,107.1,140.5,30.9,Designer,Completed,High,Overallocated,92.8
ALC000885,EMP0522,PRJ0008,CLI0052,2026-02-13,2026-05-24,67.5,42.2,55.3,12.2,Support,Completed,Medium,Underallocated,80.1
ALC000886,EMP0359,PRJ0151,CLI0036,2026-01-07,2026-01-28,137.9,86.2,113.1,24.8,Tester,On Hold,Critical,Allocated,88.8
ALC000887,EMP0219,PRJ0034,CLI0045,2026-05-20,2026-10-11,92.6,57.9,75.9,16.7,Analyst,Active,Medium,Underallocated,81.6
ALC000888,EMP0145,PRJ0052,CLI0022,2026-06-01,2026-09-04,115.5,72.2,94.7,20.8,Lead,Active,Medium,Allocated,72.9
ALC000889,EMP0186,PRJ0126,CLI0060,2026-03-07,2026-04-02,69.8,43.6,57.2,12.6,PM,On Hold,High,Underallocated,74.6
ALC000890,EMP0298,PRJ0161,CLI0056,2026-02-20,2026-03-29,202.6,126.6,166.1,36.5,Tester,Active,Critical,Overallocated,62.1
ALC000891,EMP0522,PRJ0175,CLI0054,2026-03-14,2026-04-10,66.1,41.3,54.2,11.9,Support,Active,High,Underallocated,79.4
ALC000892,EMP0153,PRJ0057,CLI0043,2026-04-03,2026-07-22,106.7,66.7,87.5,19.2,Lead,On Hold,Critical,Allocated,80.2
ALC000893,EMP0200,PRJ0058,CLI0020,2026-02-05,2026-05-14,101.6,63.5,83.3,18.3,Lead,Active,Low,Allocated,90.2
ALC000894,EMP0535,PRJ0080,CLI0026,2026-01-02,2026-03-29,155.0,96.9,127.1,27.9,Support,Active,Critical,Allocated,85.6
ALC000895,EMP0697,PRJ0048,CLI0035,2026-01-12,2026-04-15,114.7,71.7,94.1,20.6,PM,Completed,Medium,Allocated,94.9
ALC000896,EMP0725,,CLI0056,2026-05-19,2026-06-08,49.0,30.6,40.2,8.8,Lead,Completed,Medium,Underallocated,72.3
ALC000897,EMP0536,PRJ0175,CLI0054,2026-03-19,2026-06-16,86.2,53.9,70.7,15.5,Analyst,Active,High,Underallocated,75.2
ALC000898,EMP0515,PRJ0032,CLI0053,2026-04-13,2026-09-09,25.4,15.9,20.8,4.6,Developer,Completed,Critical,Underallocated,75.9
ALC000899,EMP0488,PRJ0040,CLI0014,2026-01-15,2026-05-31,114.9,71.8,94.2,20.7,Designer,Active,High,Allocated,89.5
ALC000900,EMP0417,PRJ0014,CLI0026,2026-06-20,2026-10-19,183.2,114.5,150.2,33.0,Support,Active,Low,Overallocated,76.3
ALC000901,EMP0509,,CLI0059,2026-06-10,2026-11-03,104.0,65.0,85.3,18.7,Tester,Completed,Critical,Allocated,93.8
ALC000902,EMP0609,PRJ0018,CLI0024,2026-05-15,2026-08-11,125.6,78.5,103.0,22.6,Analyst,On Hold,Medium,Allocated,69.9
ALC000903,EMP0705,PRJ0021,CLI0060,2026-06-10,2026-09-15,156.2,145.0,128.1,28.1,Designer,Active,High,Allocated,72.1
ALC000904,EMP0448,PRJ0132,CLI0013,2026-06-08,2026-08-28,84.3,52.7,69.1,15.2,PM,On Hold,High,Underallocated,60.3
ALC000905,EMP0676,PRJ0148,CLI0035,2026-06-13,2026-10-24,156.0,,127.9,28.1,Lead,On Hold,Medium,Allocated,67.7
ALC000906,EMP0177,PRJ0118,CLI0008,2026-06-12,2026-09-12,188.5,117.8,154.6,33.9,PM,Completed,High,Overallocated,64.2
ALC000907,EMP0074,PRJ0048,CLI0035,2026-04-08,2026-06-04,41.0,25.6,33.6,7.4,PM,On Hold,Low,Underallocated,91.2
ALC000908,EMP0104,PRJ0116,CLI0042,2026-02-18,2026-05-27,157.4,98.4,129.1,28.3,PM,On Hold,Critical,Allocated,61.7
ALC000909,EMP0256,PRJ0113,CLI0050,2026-01-13,2026-06-12,52.6,32.9,43.1,9.5,Tester,Active,Medium,Underallocated,71.3
ALC000910,EMP0288,PRJ0099,CLI0038,2026-03-09,2026-05-17,81.0,50.6,66.4,14.6,Lead,Active,High,Underallocated,74.7
ALC000911,EMP0789,PRJ0144,CLI0056,2026-04-14,2026-08-09,157.3,98.3,129.0,28.3,Tester,Completed,Low,Allocated,61.6
ALC000912,EMP0686,PRJ0032,CLI0053,2026-03-16,2026-06-23,125.0,,102.5,22.5,PM,Completed,Critical,Allocated,84.8
ALC000913,EMP0375,PRJ0151,CLI0036,2026-03-15,2026-07-21,93.6,58.5,76.8,16.8,Support,On Hold,Critical,Underallocated,75.1
ALC000914,EMP0386,PRJ0018,CLI0024,2026-04-08,2026-08-11,201.3,125.8,165.1,36.2,Tester,Active,High,Overallocated,66.7
ALC000915,EMP0470,PRJ0107,CLI0032,2026-06-09,2026-09-30,98.9,61.8,81.1,17.8,PM,Active,Critical,Allocated,89.5
ALC000916,EMP0080,PRJ0156,CLI0002,2026-03-15,2026-06-06,155.8,97.4,127.8,28.0,Tester,Active,High,Allocated,81.5
ALC000917,EMP0383,PRJ0046,CLI0048,2026-06-12,2026-07-14,99.8,62.4,81.8,18.0,Designer,Active,Critical,Allocated,70.1
ALC000918,EMP0439,PRJ0073,CLI0016,2026-04-10,2026-09-06,130.2,81.4,106.8,23.4,Lead,Completed,High,Allocated,64.6
ALC000919,EMP0295,PRJ0082,CLI0013,2026-03-17,2026-05-21,131.7,82.3,108.0,23.7,Support,Active,High,Allocated,85.5
ALC000920,EMP0768,PRJ0166,CLI0028,2026-05-13,2026-09-14,115.2,72.0,94.5,20.7,Analyst,Completed,Low,Allocated,78.0
ALC000921,EMP0539,PRJ0027,CLI0004,2026-05-05,2026-07-04,55.2,34.5,45.3,9.9,PM,Active,Medium,Underallocated,88.8
ALC000922,EMP0590,PRJ0162,CLI0012,2026-02-16,2026-05-19,123.0,76.9,100.9,22.1,Analyst,Completed,Critical,Allocated,64.9
ALC000923,EMP0355,PRJ0170,CLI0032,2026-04-03,2026-04-26,88.8,55.5,72.8,16.0,Designer,Active,Medium,Underallocated,72.6
ALC000924,EMP0549,PRJ0094,CLI0008,2026-02-21,2026-07-05,93.8,58.6,76.9,16.9,Designer,On Hold,Low,Underallocated,93.9
ALC000925,EMP0369,PRJ0145,CLI0003,2026-03-10,2026-06-28,135.7,84.8,111.3,24.4,Developer,On Hold,Low,Allocated,62.1
ALC000926,EMP0172,PRJ0133,CLI0044,2026-04-01,2026-05-14,133.0,83.1,109.1,23.9,Support,On Hold,Low,Allocated,72.2
ALC000927,EMP0214,PRJ0162,CLI0012,2026-06-20,2026-08-24,81.8,51.1,67.1,14.7,Developer,On Hold,High,Underallocated,79.8
ALC000928,EMP0093,PRJ0043,CLI0043,2026-05-21,2026-08-11,120.6,75.4,98.9,21.7,PM,Completed,High,Allocated,72.3
ALC000929,EMP0126,PRJ0063,CLI0016,2026-04-04,2026-05-23,112.8,70.5,92.5,20.3,Designer,Active,Low,Allocated,67.9
ALC000930,EMP0382,PRJ0172,CLI0044,2026-05-17,2026-09-21,77.6,48.5,63.6,14.0,Designer,On Hold,Low,Underallocated,85.6
ALC000931,EMP0083,PRJ0094,CLI0008,2026-06-07,2026-08-26,80.0,50.0,65.6,14.4,PM,On Hold,Low,Underallocated,78.8
ALC000932,EMP0221,PRJ0171,CLI0001,2026-04-21,2026-07-04,80.6,50.4,66.1,14.5,Support,On Hold,Medium,Underallocated,94.6
ALC000933,EMP0263,PRJ0034,CLI0045,2026-05-01,2026-07-30,111.5,69.7,91.4,20.1,Tester,Active,High,Allocated,63.3
ALC000934,EMP0405,PRJ0177,CLI0053,2026-03-02,2026-05-10,99.8,62.4,81.8,18.0,Developer,Active,Low,Allocated,82.6
ALC000935,EMP0534,PRJ0050,CLI0039,2026-06-05,2026-08-18,120.3,75.2,98.6,21.7,Tester,Completed,High,Allocated,91.5
ALC000936,EMP0020,PRJ0013,CLI0048,2026-06-08,2026-09-25,76.8,48.0,63.0,13.8,Analyst,Completed,Critical,Underallocated,62.7
ALC000937,EMP0128,PRJ0110,CLI0054,2026-01-21,2026-06-04,105.1,65.7,86.2,18.9,Lead,On Hold,High,Allocated,90.6
ALC000938,EMP0128,PRJ0042,CLI0026,2026-04-10,2026-05-22,108.2,67.6,88.7,19.5,PM,Active,Medium,Allocated,78.7
ALC000939,EMP0065,PRJ0082,CLI0013,2026-06-06,2026-07-06,125.1,78.2,102.6,22.5,Tester,Completed,Critical,Allocated,61.9
ALC000940,EMP0097,PRJ0049,CLI0043,2026-02-07,2026-06-29,170.7,106.7,140.0,30.7,Developer,Completed,Low,Overallocated,65.8
ALC000941,EMP0640,PRJ0178,CLI0030,2026-04-09,2026-09-02,155.0,96.9,127.1,27.9,Tester,Active,Critical,Allocated,68.9
ALC000942,EMP0682,PRJ0039,CLI0024,2026-06-02,2026-09-02,109.0,68.1,89.4,19.6,PM,Active,Medium,Allocated,71.8
ALC000943,EMP0285,PRJ0173,CLI0012,2026-01-20,2026-03-06,48.2,30.1,39.5,8.7,Developer,Completed,Critical,Underallocated,89.0
ALC000944,EMP0551,PRJ0012,CLI0020,2026-04-11,2026-08-27,91.5,57.2,75.0,16.5,Support,Active,Medium,Underallocated,60.1
ALC000945,EMP0397,PRJ0114,CLI0043,2026-01-04,2026-02-27,148.8,93.0,122.0,26.8,Analyst,Active,High,Allocated,67.6
ALC000946,EMP0418,PRJ0135,CLI0022,2026-04-06,2026-07-31,109.8,68.6,90.0,19.8,Tester,Completed,Medium,Allocated,83.8
ALC000947,EMP0358,PRJ0019,CLI0054,2026-01-16,2026-03-24,61.8,38.6,50.7,11.1,Designer,Completed,High,Underallocated,83.9
ALC000948,EMP0568,PRJ0062,CLI0038,2026-03-11,2026-06-22,103.8,64.9,85.1,18.7,Support,On Hold,Critical,Allocated,73.7
ALC000949,EMP0523,PRJ0091,CLI0026,2026-01-10,2026-05-17,93.1,58.2,76.3,16.8,Tester,On Hold,Medium,Underallocated,81.3
ALC000950,EMP0302,PRJ0169,CLI0060,2026-02-16,2026-03-08,162.4,101.5,133.2,29.2,Lead,Completed,Medium,Overallocated,89.2
ALC000951,EMP0787,PRJ0177,CLI0053,2026-02-20,2026-03-26,88.6,55.4,72.7,15.9,PM,Active,Low,Underallocated,90.2
ALC000952,EMP0451,PRJ0095,CLI0017,2026-04-13,2026-06-14,128.6,80.4,105.5,23.1,Designer,On Hold,High,Allocated,92.0
ALC000953,EMP0043,PRJ0057,CLI0043,2026-04-20,2026-08-25,139.5,87.2,114.4,25.1,Developer,Active,Low,Allocated,70.6
ALC000954,EMP0183,PRJ0145,CLI0003,2026-03-11,2026-05-03,62.4,39.0,51.2,11.2,Lead,Completed,Critical,Underallocated,64.0
ALC000955,EMP0222,PRJ0179,CLI0012,2026-01-07,2026-03-22,82.2,51.4,67.4,14.8,Support,Active,Medium,Underallocated,75.0
ALC000956,EMP0570,PRJ0176,CLI0014,2026-05-20,2026-09-06,94.9,59.3,77.8,17.1,Lead,Completed,Low,Underallocated,88.8
ALC000957,EMP0499,PRJ0043,CLI0043,2026-05-12,2026-09-21,117.4,,96.3,21.1,Developer,Completed,Critical,Allocated,72.7
ALC000958,EMP0764,PRJ0054,CLI0021,2026-01-20,2026-03-04,88.2,55.1,72.3,15.9,Designer,On Hold,Medium,Underallocated,85.0
ALC000959,EMP0410,PRJ0119,CLI0048,2026-06-17,2026-08-19,57.0,35.6,46.7,10.3,Designer,Active,Medium,Underallocated,93.6
ALC000960,EMP0137,PRJ0029,CLI0058,2026-02-04,2026-05-20,71.7,44.8,58.8,12.9,Developer,Completed,Medium,Underallocated,94.0
ALC000961,EMP0378,PRJ0024,CLI0041,2026-04-06,2026-06-23,149.6,93.5,122.7,26.9,Lead,Active,Medium,Allocated,94.7
ALC000962,EMP0785,PRJ0070,CLI0013,2026-05-14,2026-09-20,194.9,121.8,159.8,35.1,Tester,Completed,Low,Overallocated,68.8
ALC000963,EMP0124,PRJ0122,CLI0010,2026-05-01,2026-05-21,124.2,77.6,101.8,22.4,PM,On Hold,Critical,Allocated,87.7
ALC000964,EMP0411,PRJ0063,CLI0016,2026-05-11,2026-06-28,155.2,97.0,127.3,27.9,Developer,Active,High,Allocated,64.8
ALC000965,EMP0822,PRJ0047,CLI0018,2026-03-11,2026-07-22,126.1,78.8,103.4,22.7,Lead,Active,High,Allocated,72.3
ALC000966,EMP0630,PRJ0089,CLI0043,2026-04-02,2026-04-29,140.0,87.5,114.8,25.2,Developer,On Hold,Medium,Allocated,72.0
ALC000967,EMP0323,PRJ0042,CLI0026,2026-01-04,2026-03-08,141.6,88.5,116.1,25.5,Developer,Active,Critical,Allocated,69.2
ALC000968,EMP0252,PRJ0021,CLI0060,2026-04-02,2026-05-10,139.0,86.9,114.0,25.0,Support,Active,High,Allocated,89.9
ALC000969,EMP0621,PRJ0029,CLI0058,2026-02-02,2026-02-28,126.2,78.9,103.5,22.7,Designer,Active,Medium,Allocated,81.4
ALC000970,EMP0687,PRJ0150,CLI0003,2026-04-08,2026-05-05,117.8,73.6,96.6,21.2,Developer,Active,Medium,Allocated,66.4
ALC000971,EMP0786,PRJ0018,CLI0024,2026-06-16,2026-09-24,95.8,59.9,78.6,17.2,Designer,On Hold,High,Underallocated,74.4
ALC000972,EMP0416,PRJ0024,CLI0041,2026-02-20,2026-04-02,133.0,83.1,109.1,23.9,Tester,On Hold,Critical,Allocated,89.4
ALC000973,EMP0654,PRJ0063,CLI0016,2026-03-19,2026-07-20,124.5,77.8,102.1,22.4,Lead,On Hold,Low,Allocated,86.3
ALC000974,EMP0430,PRJ0041,CLI0044,2026-03-09,2026-04-16,75.7,47.3,62.1,13.6,Designer,Active,Critical,Underallocated,74.7
ALC000975,EMP0570,PRJ0051,CLI0059,2026-05-14,2026-06-09,159.5,99.7,130.8,28.7,Developer,On Hold,High,Allocated,92.7
ALC000976,EMP0661,PRJ0173,CLI0012,2026-02-16,2026-06-20,151.7,94.8,124.4,27.3,Developer,Completed,Medium,Allocated,89.5
ALC000977,EMP0424,PRJ0028,CLI0011,2026-06-03,2026-09-04,119.7,74.8,98.2,21.5,Designer,Completed,High,Allocated,91.6
ALC000978,EMP0207,PRJ0132,CLI0013,2026-02-04,2026-06-23,159.0,99.4,130.4,28.6,Designer,Active,High,Allocated,77.3
ALC000979,EMP0700,PRJ0061,CLI0059,2026-02-14,2026-04-18,141.1,88.2,115.7,25.4,Support,On Hold,High,Allocated,73.7
ALC000980,EMP0405,PRJ0011,CLI0024,2026-02-20,2026-03-23,94.4,59.0,77.4,17.0,Developer,On Hold,Medium,Underallocated,83.1
ALC000981,EMP0232,PRJ0170,CLI0032,2026-03-03,2026-05-26,39.4,24.6,32.3,7.1,Support,Active,Low,Underallocated,81.8
ALC000982,EMP0585,PRJ0146,CLI0006,2026-06-01,2026-09-29,38.1,23.8,31.2,6.9,Tester,Active,Medium,Underallocated,81.1
ALC000983,EMP0599,PRJ0115,CLI0050,2026-05-08,2026-06-23,162.6,101.6,133.3,29.3,Designer,Active,High,Overallocated,65.6
ALC000984,EMP0724,PRJ0153,CLI0030,2026-03-20,2026-06-12,110.9,69.3,90.9,20.0,Analyst,Active,Low,Allocated,85.8
ALC000985,EMP0286,PRJ0052,CLI0022,2026-01-11,2026-03-28,97.1,60.7,79.6,17.5,PM,Active,High,Allocated,67.4
ALC000986,EMP0648,PRJ0096,CLI0056,2026-04-19,2026-06-02,85.6,53.5,70.2,15.4,Support,Active,Medium,Underallocated,73.8
ALC000987,EMP0811,PRJ0132,CLI0013,2026-02-21,2026-05-08,114.6,71.6,94.0,20.6,Designer,Completed,Critical,Allocated,73.5
ALC000988,EMP0373,PRJ0123,CLI0039,2026-02-08,2026-04-24,148.6,92.9,121.9,26.7,Designer,Active,High,Allocated,61.5
ALC000989,EMP0628,PRJ0089,CLI0043,2026-04-13,2026-06-09,79.5,49.7,65.2,14.3,Designer,On Hold,Medium,Underallocated,61.9
ALC000990,EMP0540,PRJ0031,CLI0044,2026-05-02,2026-08-02,115.8,72.4,95.0,20.8,Designer,Completed,Medium,Allocated,71.9
ALC000991,EMP0030,PRJ0172,CLI0044,2026-01-13,2026-05-18,218.4,136.5,179.1,39.3,Lead,Completed,Medium,Overallocated,62.5
ALC000992,EMP0810,PRJ0122,CLI0010,2026-01-03,2026-04-10,184.6,115.4,151.4,33.2,Analyst,Completed,Critical,Overallocated,93.7
ALC000993,EMP0123,PRJ0131,CLI0009,2026-01-11,2026-03-24,22.7,14.2,18.6,4.1,Support,Completed,High,Underallocated,94.3
ALC000994,EMP0233,PRJ0179,CLI0012,2026-06-07,2026-08-30,39.4,24.6,32.3,7.1,Tester,On Hold,Medium,Underallocated,63.9
ALC000995,EMP0010,PRJ0107,CLI0032,2026-05-10,2026-06-19,184.2,115.1,151.0,33.2,Designer,Completed,High,Overallocated,90.5
ALC000996,EMP0382,PRJ0162,CLI0012,2026-05-11,2026-08-20,147.8,92.4,121.2,26.6,Developer,Active,Critical,Allocated,83.9
ALC000997,EMP0641,PRJ0100,CLI0039,2026-05-11,2026-10-03,114.1,71.3,93.6,20.5,Lead,On Hold,High,Allocated,79.7
ALC000998,EMP0366,PRJ0026,CLI0019,2026-04-17,2026-08-03,133.1,83.2,109.1,24.0,Analyst,Active,Low,Allocated,87.2
ALC000999,EMP0186,PRJ0028,CLI0011,2026-06-01,2026-06-26,99.4,62.1,81.5,17.9,Analyst,Completed,High,Allocated,72.1
ALC001000,EMP0153,PRJ0139,CLI0008,2026-04-21,2026-08-15,85.4,53.4,70.0,15.4,PM,On Hold,Critical,Underallocated,64.6
ALC001001,EMP0280,PRJ0138,CLI0018,2026-06-08,2026-07-23,141.3,88.3,115.9,25.4,Developer,On Hold,Critical,Allocated,81.4
ALC001002,EMP0467,PRJ0045,CLI0011,2026-01-11,2026-02-03,108.2,67.6,88.7,19.5,Designer,On Hold,Medium,Allocated,69.8
ALC001003,EMP0278,PRJ0032,CLI0053,2026-02-19,2026-07-06,146.6,145.0,120.2,26.4,PM,Active,Critical,Allocated,84.1
ALC001004,EMP0591,PRJ0023,CLI0035,2026-06-02,2026-09-03,90.1,56.3,73.9,16.2,Tester,On Hold,Medium,Underallocated,93.4
ALC001005,EMP0144,PRJ0136,CLI0003,2026-02-07,2026-03-23,140.5,87.8,115.2,25.3,Designer,Completed,Critical,Allocated,82.2
ALC001006,EMP0551,PRJ0054,CLI0021,2026-06-05,2026-07-27,124.5,77.8,102.1,22.4,Analyst,On Hold,Critical,Allocated,66.6
ALC001007,EMP0236,PRJ0150,CLI0003,2026-05-14,2026-06-12,58.6,36.6,48.1,10.5,PM,Active,Low,Underallocated,87.9
ALC001008,EMP0008,PRJ0045,CLI0011,2026-01-09,2026-06-05,171.0,106.9,140.2,30.8,Support,Completed,Critical,Overallocated,87.8
ALC001009,EMP0214,PRJ0173,CLI0012,2026-04-14,2026-08-27,55.7,34.8,45.7,10.0,Designer,On Hold,Critical,Underallocated,77.7
ALC001010,EMP0704,PRJ0045,CLI0011,2026-01-12,2026-05-10,165.3,103.3,135.5,29.8,Developer,Active,High,Overallocated,71.4
ALC001011,EMP0392,PRJ0068,CLI0059,2026-01-17,2026-06-14,130.2,81.4,106.8,23.4,Lead,Active,High,Allocated,94.5
ALC001012,EMP0312,PRJ0147,CLI0001,2026-05-14,2026-06-13,137.6,86.0,112.8,24.8,PM,Active,High,Allocated,82.6
ALC001013,EMP0128,PRJ0047,CLI0018,2026-01-21,2026-06-07,92.3,57.7,75.7,16.6,Developer,On Hold,Low,Underallocated,86.8
ALC001014,EMP0606,PRJ0136,CLI0003,2026-04-03,2026-06-07,97.3,60.8,79.8,17.5,PM,On Hold,Critical,Allocated,74.2
ALC001015,EMP0531,PRJ0085,CLI0045,2026-01-20,2026-02-22,112.2,70.1,92.0,20.2,PM,Active,Medium,Allocated,78.5
ALC001016,EMP0468,PRJ0053,CLI0011,2026-04-07,2026-05-18,60.5,37.8,49.6,10.9,Support,Active,Low,Underallocated,94.3
ALC001017,EMP0647,PRJ0063,CLI0016,2026-01-11,2026-02-24,135.0,84.4,110.7,24.3,Analyst,On Hold,High,Allocated,80.7
ALC001018,EMP0555,PRJ0158,CLI0059,2026-01-02,2026-04-16,97.6,61.0,80.0,17.6,Tester,Active,High,Allocated,76.1
ALC001019,EMP0686,PRJ0075,CLI0033,2026-02-20,2026-06-30,27.2,17.0,22.3,4.9,Developer,Active,Critical,Underallocated,66.2
ALC001020,EMP0765,PRJ0026,CLI0019,2026-04-16,2026-06-04,187.5,117.2,153.8,33.8,Designer,Active,Critical,Overallocated,68.4
ALC001021,EMP0168,PRJ0032,CLI0053,2026-02-18,2026-03-13,122.6,76.6,100.5,22.1,Developer,Completed,Medium,Allocated,74.7
ALC001022,EMP0266,PRJ0081,CLI0038,2026-06-10,2026-08-25,125.0,78.1,102.5,22.5,Analyst,Completed,Low,Allocated,67.6
ALC001023,EMP0806,PRJ0080,CLI0026,2026-04-05,2026-08-28,84.3,52.7,69.1,15.2,Tester,Completed,Critical,Underallocated,61.4
ALC001024,EMP0129,PRJ0086,CLI0017,2026-02-21,2026-05-30,125.3,78.3,102.7,22.6,Developer,Active,Low,Allocated,72.4
ALC001025,EMP0368,PRJ0003,CLI0041,2026-01-05,2026-02-27,141.4,88.4,115.9,25.5,Tester,On Hold,Critical,Allocated,82.4
ALC001026,EMP0810,PRJ0097,CLI0018,2026-06-14,2026-07-31,53.9,33.7,44.2,9.7,Tester,Active,High,Underallocated,70.9
ALC001027,EMP0375,PRJ0144,CLI0056,2026-01-20,2026-05-02,136.2,85.1,111.7,24.5,Support,Completed,Low,Allocated,74.6
ALC001028,EMP0494,PRJ0160,CLI0057,2026-05-04,2026-07-11,69.6,43.5,57.1,12.5,Tester,Active,Medium,Underallocated,64.7
ALC001029,EMP0435,PRJ0075,CLI0033,2026-02-21,2026-07-17,60.5,37.8,49.6,10.9,Analyst,Completed,Medium,Underallocated,76.2
ALC001030,EMP0770,PRJ0138,CLI0018,2026-01-02,2026-02-25,76.8,48.0,63.0,13.8,Lead,On Hold,Critical,Underallocated,84.2
ALC001031,EMP0313,PRJ0168,CLI0016,2026-06-16,2026-08-11,196.0,122.5,160.7,35.3,Support,On Hold,High,Overallocated,67.4
ALC001032,EMP0716,PRJ0078,CLI0031,2026-06-16,2026-09-22,143.4,89.6,117.6,25.8,Analyst,Completed,Critical,Allocated,93.7
ALC001033,EMP0452,PRJ0105,CLI0056,2026-03-19,2026-07-30,111.4,,91.3,20.1,PM,On Hold,Low,Allocated,69.7
ALC001034,EMP0582,PRJ0162,CLI0012,2026-03-18,2026-06-23,180.2,112.6,147.8,32.4,Lead,On Hold,Critical,Overallocated,85.8
ALC001035,EMP0758,PRJ0021,CLI0060,2026-03-02,2026-04-25,75.0,46.9,61.5,13.5,Support,Active,High,Underallocated,90.4
ALC001036,EMP0707,PRJ0167,CLI0027,2026-03-07,2026-05-19,70.9,44.3,58.1,12.8,Analyst,Active,Low,Underallocated,60.4
ALC001037,EMP0796,PRJ0050,CLI0039,2026-05-14,2026-10-09,75.4,47.1,61.8,13.6,PM,Completed,Low,Underallocated,89.7
ALC001038,EMP0197,PRJ0080,CLI0026,2026-03-06,2026-07-17,187.0,116.9,153.3,33.7,Developer,Active,Medium,Overallocated,72.0
ALC001039,EMP0075,PRJ0133,CLI0044,2026-06-06,2026-10-26,146.7,91.7,120.3,26.4,Developer,On Hold,Low,Allocated,70.3
ALC001040,EMP0552,PRJ0047,CLI0018,2026-02-07,2026-06-15,79.4,49.6,65.1,14.3,Designer,On Hold,Low,Underallocated,73.9
ALC001041,EMP0143,PRJ0089,CLI0043,2026-03-19,2026-05-20,84.3,52.7,69.1,15.2,Developer,On Hold,High,Underallocated,71.9
ALC001042,EMP0728,PRJ0001,CLI0057,2026-03-09,2026-04-17,123.4,77.1,101.2,22.2,Designer,On Hold,Low,Allocated,80.0
ALC001043,EMP0249,PRJ0093,CLI0012,2026-06-18,2026-08-12,66.7,41.7,54.7,12.0,Analyst,On Hold,Low,Underallocated,88.8
ALC001044,EMP0660,PRJ0023,CLI0035,2026-06-06,2026-09-14,104.8,65.5,85.9,18.9,Designer,On Hold,Medium,Allocated,92.9
ALC001045,EMP0580,PRJ0106,CLI0041,2026-02-17,2026-06-11,72.3,45.2,59.3,13.0,Support,On Hold,Medium,Underallocated,92.5
ALC001046,EMP0075,PRJ0004,CLI0056,2026-03-10,2026-07-10,109.3,68.3,89.6,19.7,Lead,On Hold,Critical,Allocated,61.7
ALC001047,EMP0697,PRJ0052,CLI0022,2026-01-13,2026-02-14,144.6,90.4,118.6,26.0,Developer,Completed,Medium,Allocated,68.7
ALC001048,EMP0024,PRJ0129,CLI0019,2026-06-05,2026-10-25,181.8,113.6,149.1,32.7,Tester,Active,Low,Overallocated,90.0
ALC001049,EMP0362,PRJ0088,CLI0011,2026-04-11,2026-05-02,49.4,30.9,40.5,8.9,Designer,Active,Low,Underallocated,77.6
ALC001050,EMP0724,PRJ0158,CLI0059,2026-04-18,2026-07-24,136.0,85.0,111.5,24.5,Analyst,Completed,Low,Allocated,66.9
ALC001051,EMP0476,PRJ0015,CLI0015,2026-01-13,2026-05-21,139.0,86.9,114.0,25.0,Developer,Active,Critical,Allocated,74.8
ALC001052,EMP0685,PRJ0167,CLI0027,2026-05-18,2026-08-03,102.7,64.2,84.2,18.5,Support,Active,Medium,Allocated,63.9
ALC001053,EMP0188,PRJ0163,CLI0044,2026-05-20,2026-07-11,88.3,55.2,72.4,15.9,Support,Active,High,Underallocated,77.7
ALC001054,EMP0082,PRJ0077,CLI0025,2026-01-02,2026-02-19,88.3,55.2,72.4,15.9,Developer,Completed,High,Underallocated,91.1
ALC001055,EMP0283,PRJ0151,CLI0036,2026-04-07,2026-05-30,37.9,23.7,31.1,6.8,Lead,Active,Medium,Underallocated,86.4
ALC001056,EMP0137,PRJ0070,CLI0013,2026-02-15,2026-03-17,143.2,89.5,117.4,25.8,PM,On Hold,Medium,Allocated,67.7
ALC001057,EMP0783,PRJ0127,CLI0026,2026-05-20,2026-07-06,81.4,50.9,66.7,14.7,Tester,Active,Medium,Underallocated,78.0
ALC001058,EMP0661,PRJ0136,CLI0003,2026-05-16,2026-08-13,45.3,28.3,37.1,8.2,Designer,Active,High,Underallocated,80.2
ALC001059,EMP0045,PRJ0087,CLI0046,2026-05-14,2026-09-10,125.0,78.1,102.5,22.5,Designer,Completed,High,Allocated,74.1
ALC001060,EMP0656,PRJ0146,CLI0006,2026-01-11,2026-02-21,124.5,77.8,102.1,22.4,Developer,On Hold,Critical,Allocated,90.7
ALC001061,EMP0804,PRJ0177,CLI0053,2026-04-06,2026-08-12,145.9,91.2,119.6,26.3,Support,Active,Critical,Allocated,88.6
ALC001062,EMP0395,PRJ0033,CLI0030,2026-05-17,2026-09-23,184.6,115.4,151.4,33.2,PM,On Hold,Critical,Overallocated,91.3
ALC001063,EMP0211,PRJ0071,CLI0036,2026-01-13,2026-02-05,113.6,71.0,93.2,20.4,Tester,Completed,Low,Allocated,72.6
ALC001064,EMP0047,PRJ0107,CLI0032,2026-04-17,2026-06-26,100.0,62.5,82.0,18.0,Designer,On Hold,Low,Allocated,81.7
ALC001065,EMP0625,PRJ0110,CLI0054,2026-01-20,2026-04-13,96.3,60.2,79.0,17.3,Designer,On Hold,Critical,Allocated,84.9
ALC001066,EMP0118,PRJ0043,CLI0043,2026-05-05,2026-09-06,100.2,62.6,82.2,18.0,Lead,On Hold,Medium,Allocated,81.2
ALC001067,EMP0217,PRJ0008,CLI0052,2026-02-05,2026-05-22,82.6,51.6,67.7,14.9,Designer,On Hold,Low,Underallocated,73.5
ALC001068,EMP0099,PRJ0104,CLI0018,2026-01-04,2026-01-25,94.7,59.2,77.7,17.0,Designer,On Hold,Critical,Underallocated,62.5
ALC001069,EMP0525,PRJ0099,CLI0038,2026-02-18,2026-04-18,83.2,52.0,68.2,15.0,Developer,Completed,High,Underallocated,64.7
ALC001070,EMP0826,PRJ0065,CLI0003,2026-03-21,2026-04-29,70.4,44.0,57.7,12.7,Support,Completed,Low,Underallocated,78.0
ALC001071,EMP0523,PRJ0131,CLI0009,2026-01-05,2026-04-02,181.4,113.4,148.7,32.7,Developer,Active,Low,Overallocated,78.2
ALC001072,EMP0360,PRJ0074,CLI0006,2026-05-13,2026-06-06,167.4,104.6,137.3,30.1,Lead,Completed,High,Overallocated,68.1
ALC001073,EMP0338,PRJ0069,CLI0021,2026-03-19,2026-05-07,37.4,23.4,30.7,6.7,Designer,Active,Critical,Underallocated,86.6
ALC001074,EMP0439,PRJ0026,CLI0019,2026-05-10,2026-06-28,124.6,77.9,102.2,22.4,Tester,On Hold,High,Allocated,85.0
ALC001075,EMP0464,PRJ0124,CLI0045,2026-05-15,2026-09-17,109.4,68.4,89.7,19.7,PM,On Hold,Critical,Allocated,64.3
ALC001076,EMP0554,PRJ0135,CLI0022,2026-05-16,2026-07-13,117.8,73.6,96.6,21.2,Designer,Completed,Critical,Allocated,77.8
ALC001077,EMP0727,PRJ0170,CLI0032,2026-01-02,2026-02-17,,33.7,44.2,9.7,Lead,On Hold,High,Underallocated,79.9
ALC001078,EMP0835,PRJ0010,CLI0035,2026-02-21,2026-05-11,38.1,23.8,31.2,6.9,Analyst,Active,Critical,Underallocated,60.7
ALC001079,EMP0595,PRJ0072,CLI0030,2026-06-12,2026-07-16,109.8,68.6,90.0,19.8,PM,On Hold,High,Allocated,77.9
ALC001080,EMP0059,PRJ0087,CLI0046,2026-03-11,2026-07-15,97.3,60.8,79.8,17.5,Tester,Active,Low,Allocated,86.3
ALC001081,EMP0134,PRJ0104,CLI0018,2026-06-15,2026-11-04,90.1,56.3,73.9,16.2,PM,Active,Medium,Underallocated,92.0
ALC001082,EMP0285,PRJ0178,CLI0030,2026-02-18,2026-04-02,103.7,64.8,85.0,18.7,Analyst,Completed,Critical,Allocated,93.7
ALC001083,EMP0750,PRJ0065,CLI0003,2026-03-03,2026-04-24,136.0,85.0,111.5,24.5,Lead,On Hold,Critical,Allocated,64.8
ALC001084,EMP0219,PRJ0174,CLI0032,2026-01-03,2026-05-28,147.2,92.0,120.7,26.5,Tester,On Hold,Low,Allocated,67.7
ALC001085,EMP0090,PRJ0031,CLI0044,2026-02-17,2026-04-21,72.8,45.5,59.7,13.1,Analyst,Completed,Low,Underallocated,79.5
ALC001086,EMP0374,PRJ0071,CLI0036,2026-04-19,2026-09-03,76.5,47.8,62.7,13.8,Tester,Completed,Critical,Underallocated,94.9
ALC001087,EMP0361,PRJ0129,CLI0019,2026-03-16,2026-06-15,118.1,73.8,96.8,21.3,Support,Completed,Low,Allocated,61.0
ALC001088,EMP0227,PRJ0088,CLI0011,2026-02-19,2026-05-19,,100.6,132.0,29.0,Analyst,Active,High,Overallocated,68.2
ALC001089,EMP0706,PRJ0093,CLI0012,2026-04-18,2026-05-10,103.5,64.7,84.9,18.6,Tester,Completed,Low,Allocated,88.8
ALC001090,EMP0677,PRJ0060,CLI0022,2026-02-15,2026-03-31,117.8,73.6,96.6,21.2,Lead,Completed,Low,Allocated,77.5
ALC001091,EMP0235,PRJ0082,CLI0013,2026-02-19,2026-06-13,57.4,35.9,47.1,10.3,Designer,Completed,Medium,Underallocated,74.7
ALC001092,EMP0308,PRJ0061,CLI0059,2026-01-05,2026-02-12,24.2,15.1,19.8,4.4,PM,On Hold,Low,Underallocated,63.6
ALC001093,EMP0687,PRJ0029,CLI0058,2026-06-16,2026-07-24,204.5,127.8,167.7,36.8,PM,On Hold,Low,Overallocated,81.5
ALC001094,EMP0339,PRJ0067,CLI0015,2026-02-08,2026-03-17,123.0,76.9,100.9,22.1,Lead,Completed,High,Allocated,63.9
ALC001095,EMP0505,PRJ0068,CLI0059,2026-03-02,2026-04-06,71.2,44.5,58.4,12.8,Developer,Completed,Critical,Underallocated,74.7
ALC001096,EMP0499,PRJ0155,CLI0042,2026-01-21,2026-03-13,26.2,16.4,21.5,4.7,Support,Active,High,Underallocated,91.3
ALC001097,EMP0119,PRJ0131,CLI0009,2026-03-02,2026-05-24,169.8,106.1,139.2,30.6,Analyst,Active,High,Overallocated,64.7
ALC001098,EMP0527,PRJ0091,CLI0026,2026-01-16,2026-03-12,74.2,46.4,60.8,13.4,Tester,Completed,Critical,Underallocated,78.4
ALC001099,EMP0633,PRJ0130,CLI0056,2026-02-02,2026-03-24,74.2,46.4,60.8,13.4,Designer,On Hold,Medium,Underallocated,88.4
ALC001100,EMP0318,PRJ0016,CLI0049,2026-05-09,2026-09-10,83.4,52.1,68.4,15.0,Lead,On Hold,High,Underallocated,70.2
ALC001101,EMP0778,PRJ0167,CLI0027,2026-05-20,2026-07-04,117.4,73.4,96.3,21.1,Developer,On Hold,Low,Allocated,60.9
ALC001102,EMP0097,PRJ0143,CLI0032,2026-04-05,2026-06-11,137.6,86.0,112.8,24.8,Designer,Completed,High,Allocated,92.5
ALC001103,EMP0090,PRJ0160,CLI0057,2026-06-05,2026-09-03,100.0,62.5,82.0,18.0,Tester,On Hold,Medium,Allocated,66.6
ALC001104,EMP0298,PRJ0094,CLI0008,2026-06-06,2026-08-11,70.1,43.8,57.5,12.6,Analyst,Active,Critical,Underallocated,89.5
ALC001105,EMP0105,PRJ0054,CLI0021,2026-01-02,2026-05-07,203.8,127.4,167.1,36.7,Support,Completed,High,Overallocated,94.9
ALC001106,EMP0592,PRJ0058,CLI0020,2026-04-05,2026-06-09,92.3,57.7,75.7,16.6,Analyst,On Hold,Low,Underallocated,94.5
ALC001107,EMP0399,PRJ0143,CLI0032,2026-01-12,2026-04-02,112.5,70.3,92.2,20.2,Lead,Completed,Low,Allocated,76.2
ALC001108,EMP0294,PRJ0108,CLI0055,2026-02-19,2026-05-09,52.0,32.5,42.6,9.4,Analyst,Active,High,Underallocated,78.7
ALC001109,EMP0593,PRJ0119,CLI0048,2026-04-08,2026-04-29,135.2,84.5,110.9,24.3,Tester,Active,Low,Allocated,69.1
ALC001110,EMP0471,PRJ0038,CLI0059,2026-04-21,2026-06-19,155.7,97.3,127.7,28.0,Lead,Active,Critical,Allocated,75.6
ALC001111,EMP0801,PRJ0107,CLI0032,2026-01-09,2026-04-17,77.6,48.5,63.6,14.0,Developer,Completed,Medium,Underallocated,61.9
ALC001112,EMP0200,PRJ0026,CLI0019,2026-01-13,2026-03-02,38.4,24.0,31.5,6.9,Analyst,Completed,Low,Underallocated,82.2
ALC001113,EMP0146,PRJ0099,CLI0038,2026-02-10,2026-03-26,96.8,60.5,79.4,17.4,Lead,Completed,Critical,Allocated,89.5
ALC001114,EMP0246,PRJ0141,CLI0028,2026-06-02,2026-08-23,187.8,117.4,154.0,33.8,Analyst,Active,Medium,Overallocated,69.2
ALC001115,EMP0050,PRJ0138,CLI0018,2026-04-15,2026-09-04,86.4,54.0,70.8,15.6,Designer,Active,Medium,Underallocated,85.2
ALC001116,EMP0621,PRJ0085,CLI0045,2026-03-12,2026-06-26,213.3,133.3,174.9,38.4,Analyst,Completed,Low,Overallocated,67.4
ALC001117,EMP0832,PRJ0107,CLI0032,2026-06-14,2026-07-19,89.6,56.0,73.5,16.1,PM,Completed,Critical,Underallocated,82.0
ALC001118,EMP0745,PRJ0059,CLI0017,2026-06-05,2026-09-13,39.0,24.4,32.0,7.0,Support,Completed,High,Underallocated,83.4
ALC001119,EMP0053,,CLI0028,2026-03-04,2026-06-01,91.7,57.3,75.2,16.5,Developer,Active,Medium,Underallocated,94.1
ALC001120,EMP0649,PRJ0089,CLI0043,2026-01-03,2026-04-27,37.1,23.2,30.4,6.7,Developer,Completed,Critical,Underallocated,77.7
ALC001121,EMP0329,PRJ0115,CLI0050,2026-06-19,2026-10-26,83.2,52.0,68.2,15.0,Tester,Completed,High,Underallocated,83.1
ALC001122,EMP0551,PRJ0063,CLI0016,2026-05-15,2026-07-01,127.4,79.6,104.5,22.9,Tester,Completed,Critical,Allocated,84.7
ALC001123,EMP0017,PRJ0149,CLI0039,2026-05-14,2026-08-19,93.4,58.4,76.6,16.8,Analyst,Completed,Medium,Underallocated,78.9
ALC001124,EMP0105,PRJ0008,CLI0052,2026-06-19,2026-09-16,156.0,97.5,127.9,28.1,Designer,Active,Medium,Allocated,63.6
ALC001125,EMP0638,PRJ0043,CLI0043,2026-03-21,2026-06-27,90.6,56.6,74.3,16.3,Developer,Completed,High,Underallocated,71.3
ALC001126,EMP0162,PRJ0029,CLI0058,2026-03-16,2026-04-13,52.3,32.7,42.9,9.4,Developer,Active,Critical,Underallocated,67.1
ALC001127,EMP0320,PRJ0050,CLI0039,2026-02-16,2026-06-03,117.9,73.7,96.7,21.2,Analyst,Completed,Medium,Allocated,66.3
ALC001128,EMP0763,PRJ0115,CLI0050,2026-06-18,2026-11-14,106.1,66.3,87.0,19.1,Support,Active,Medium,Allocated,61.3
ALC001129,EMP0570,PRJ0058,CLI0020,2026-01-17,2026-04-27,111.0,69.4,91.0,20.0,Tester,On Hold,Medium,Allocated,63.6
ALC001130,EMP0483,PRJ0038,CLI0059,2026-01-09,2026-04-27,61.1,38.2,50.1,11.0,Lead,Completed,Low,Underallocated,91.3
ALC001131,EMP0738,PRJ0034,CLI0045,2026-06-16,2026-09-24,122.7,76.7,100.6,22.1,Support,Completed,Critical,Allocated,69.9
ALC001132,EMP0563,PRJ0002,CLI0046,2026-02-06,2026-03-09,167.5,104.7,137.3,30.1,Designer,Active,High,Overallocated,75.8
ALC001133,EMP0333,PRJ0171,CLI0001,2026-04-19,2026-05-21,59.4,37.1,48.7,10.7,Tester,Active,Low,Underallocated,67.2
ALC001134,EMP0239,PRJ0065,CLI0003,2026-02-21,2026-04-01,35.5,22.2,29.1,6.4,Support,Active,Medium,Underallocated,91.6
ALC001135,EMP0836,PRJ0037,CLI0057,2026-01-08,2026-05-08,50.2,31.4,41.2,9.0,Lead,On Hold,Medium,Underallocated,60.5
ALC001136,EMP0422,PRJ0060,CLI0022,2026-06-19,2026-11-08,110.9,69.3,90.9,20.0,PM,Completed,High,Allocated,65.6
ALC001137,EMP0094,PRJ0067,CLI0015,2026-05-15,2026-06-22,47.7,29.8,39.1,8.6,Developer,On Hold,High,Underallocated,74.1
ALC001138,EMP0450,PRJ0155,CLI0042,2026-01-18,2026-05-03,125.1,78.2,102.6,22.5,Tester,Active,Medium,Allocated,61.1
ALC001139,EMP0087,PRJ0133,CLI0044,2026-01-09,2026-03-29,126.2,78.9,103.5,22.7,Support,Active,High,Allocated,91.4
ALC001140,EMP0479,PRJ0040,CLI0014,2026-04-02,2026-07-13,126.7,79.2,103.9,22.8,Support,On Hold,Critical,Allocated,67.3
ALC001141,EMP0071,PRJ0171,CLI0001,2026-04-02,2026-07-05,215.5,134.7,176.7,38.8,PM,On Hold,Medium,Overallocated,82.6
ALC001142,EMP0464,,CLI0035,2026-05-05,2026-08-21,37.4,23.4,30.7,6.7,Lead,On Hold,High,Underallocated,65.9
ALC001143,EMP0783,PRJ0075,CLI0033,2026-03-14,2026-07-04,43.7,145.0,35.8,7.9,PM,Completed,Critical,Underallocated,89.9
ALC001144,EMP0553,PRJ0102,CLI0043,2026-05-09,2026-07-01,163.2,102.0,133.8,29.4,Lead,On Hold,Medium,Overallocated,89.0
ALC001145,EMP0378,PRJ0118,CLI0008,2026-03-17,2026-07-13,133.3,83.3,109.3,24.0,PM,Completed,Low,Allocated,91.7
ALC001146,EMP0771,PRJ0020,CLI0049,2026-02-20,2026-04-25,157.9,98.7,129.5,28.4,Analyst,Completed,Low,Allocated,75.8
ALC001147,EMP0672,PRJ0147,CLI0001,2026-06-06,2026-08-04,30.4,19.0,24.9,5.5,Developer,Active,Medium,Underallocated,61.4
ALC001148,EMP0301,PRJ0146,CLI0006,2026-06-01,2026-06-23,57.6,36.0,47.2,10.4,Designer,Completed,High,Underallocated,89.3
ALC001149,EMP0754,PRJ0013,CLI0048,2026-05-15,2026-07-10,151.2,94.5,124.0,27.2,Analyst,Completed,Low,Allocated,83.9
ALC001150,EMP0326,PRJ0082,CLI0013,2026-05-21,2026-09-02,105.3,65.8,86.3,19.0,PM,Active,Low,Allocated,84.2
ALC001151,EMP0365,PRJ0092,CLI0007,2026-06-02,2026-06-30,164.6,102.9,135.0,29.6,Tester,On Hold,Medium,Overallocated,73.4
ALC001152,EMP0525,PRJ0112,CLI0006,2026-02-21,2026-06-28,95.4,59.6,78.2,17.2,Designer,On Hold,High,Underallocated,81.0
ALC001153,EMP0625,PRJ0175,CLI0054,2026-04-02,2026-05-19,103.5,,84.9,18.6,Tester,On Hold,Critical,Allocated,86.5
ALC001154,EMP0599,PRJ0103,CLI0001,2026-03-02,2026-04-23,203.7,127.3,167.0,36.7,Developer,On Hold,High,Overallocated,71.0
ALC001155,EMP0543,PRJ0077,CLI0025,2026-05-20,2026-07-18,70.4,44.0,57.7,12.7,Lead,Active,Low,Underallocated,78.0
ALC001156,EMP0644,PRJ0054,CLI0021,2026-03-04,2026-06-17,141.6,88.5,116.1,25.5,Designer,Completed,High,Allocated,94.7
ALC001157,EMP0089,PRJ0126,CLI0060,2026-04-06,2026-06-03,49.3,30.8,40.4,8.9,Support,Active,Critical,Underallocated,71.2
ALC001158,EMP0531,PRJ0152,CLI0005,2026-03-18,2026-05-01,77.3,48.3,63.4,13.9,Support,Completed,Medium,Underallocated,92.1
ALC001159,EMP0161,PRJ0176,CLI0014,2026-03-21,2026-06-28,141.4,88.4,115.9,25.5,PM,Completed,Low,Allocated,69.3
ALC001160,EMP0613,PRJ0017,CLI0050,2026-02-17,2026-05-22,55.4,34.6,45.4,10.0,Designer,Active,Low,Underallocated,74.4
ALC001161,EMP0719,PRJ0044,CLI0043,2026-02-04,2026-05-09,147.0,91.9,120.5,26.5,Support,Active,Medium,Allocated,67.7
ALC001162,EMP0375,PRJ0110,CLI0054,2026-03-16,2026-04-29,103.2,64.5,84.6,18.6,PM,On Hold,Low,Allocated,60.4
ALC001163,EMP0759,PRJ0023,CLI0035,2026-02-19,2026-04-01,73.0,45.6,59.9,13.1,Tester,Completed,Critical,Underallocated,63.3
ALC001164,EMP0709,PRJ0180,CLI0006,2026-03-13,2026-06-03,107.7,67.3,88.3,19.4,Analyst,Active,Medium,Allocated,83.5
ALC001165,EMP0157,PRJ0147,CLI0001,2026-01-02,2026-05-02,88.6,55.4,72.7,15.9,Support,Completed,Low,Underallocated,75.1
ALC001166,EMP0732,PRJ0078,CLI0031,2026-03-19,2026-05-09,83.5,52.2,68.5,15.0,Designer,Active,Medium,Underallocated,79.6
ALC001167,EMP0538,PRJ0089,CLI0043,2026-05-14,2026-09-25,92.2,57.6,75.6,16.6,Designer,On Hold,Critical,Underallocated,81.2
ALC001168,EMP0292,PRJ0064,CLI0024,2026-02-07,2026-04-17,56.3,35.2,46.2,10.1,PM,Completed,High,Underallocated,68.6
ALC001169,EMP0167,PRJ0017,CLI0050,2026-03-13,2026-04-26,41.4,25.9,33.9,7.5,PM,Active,Medium,Underallocated,68.4
ALC001170,EMP0299,PRJ0030,CLI0043,2026-04-17,2026-09-08,26.9,16.8,22.1,4.8,Lead,Completed,Low,Underallocated,81.8
ALC001171,EMP0549,PRJ0164,CLI0018,2026-06-17,2026-07-15,132.2,82.6,108.4,23.8,Analyst,Completed,Low,Allocated,66.1
ALC001172,EMP0621,PRJ0136,CLI0003,2026-06-13,2026-09-06,129.3,80.8,106.0,23.3,Analyst,Active,Critical,Allocated,66.7
ALC001173,EMP0103,PRJ0115,CLI0050,2026-06-02,2026-07-12,80.3,50.2,65.8,14.5,PM,Active,Low,Underallocated,95.0
ALC001174,EMP0171,PRJ0166,CLI0028,2026-06-04,2026-08-27,106.9,66.8,87.7,19.2,Developer,Active,Low,Allocated,79.3
ALC001175,EMP0388,PRJ0139,CLI0008,2026-01-11,2026-04-30,167.4,104.6,137.3,30.1,Designer,Completed,High,Overallocated,66.3
ALC001176,EMP0167,PRJ0121,CLI0015,2026-03-01,2026-04-12,86.9,54.3,71.3,15.6,Designer,Completed,Medium,Underallocated,80.4
ALC001177,EMP0021,PRJ0122,CLI0010,2026-03-14,2026-07-19,101.3,63.3,83.1,18.2,Support,Completed,High,Allocated,88.2
ALC001178,EMP0813,PRJ0036,CLI0045,2026-03-07,2026-05-31,189.6,118.5,155.5,34.1,Designer,On Hold,Critical,Overallocated,81.1
ALC001179,EMP0593,PRJ0155,CLI0042,2026-06-10,2026-07-03,127.5,,104.5,22.9,Developer,Active,Medium,Allocated,82.7
ALC001180,EMP0045,PRJ0142,CLI0026,2026-03-05,2026-05-27,148.2,92.6,121.5,26.7,Support,On Hold,High,Allocated,76.3
ALC001181,EMP0542,PRJ0091,CLI0026,2026-01-15,2026-06-02,140.5,87.8,115.2,25.3,Support,Completed,Medium,Allocated,82.6
ALC001182,EMP0439,PRJ0127,CLI0026,2026-06-10,2026-08-28,132.2,82.6,108.4,23.8,Tester,On Hold,Critical,Allocated,72.5
ALC001183,EMP0546,PRJ0074,CLI0006,2026-02-08,2026-03-12,83.0,51.9,68.1,14.9,Designer,On Hold,Low,Underallocated,78.6
ALC001184,EMP0634,PRJ0134,CLI0007,2026-04-05,2026-06-28,73.1,45.7,59.9,13.2,Tester,On Hold,Critical,Underallocated,75.5
ALC001185,EMP0070,PRJ0115,CLI0050,2026-01-08,2026-02-21,139.0,86.9,114.0,25.0,PM,On Hold,Medium,Allocated,60.0
ALC001186,EMP0763,PRJ0015,CLI0015,2026-06-04,2026-09-28,133.0,83.1,109.1,23.9,Analyst,Completed,Critical,Allocated,90.7
ALC001187,EMP0638,PRJ0120,CLI0028,2026-04-04,2026-04-26,121.3,75.8,99.5,21.8,Lead,Active,Critical,Allocated,79.9
ALC001188,EMP0444,PRJ0004,CLI0056,2026-06-17,2026-10-04,123.7,77.3,101.4,22.3,Support,Completed,Medium,Allocated,91.3
ALC001189,EMP0081,PRJ0162,CLI0012,2026-04-20,2026-08-14,81.1,50.7,66.5,14.6,Tester,Active,Medium,Underallocated,79.7
ALC001190,EMP0700,PRJ0059,CLI0017,2026-05-20,2026-08-26,65.0,40.6,53.3,11.7,Developer,On Hold,Critical,Underallocated,81.5
ALC001191,EMP0527,PRJ0018,CLI0024,2026-05-16,2026-09-18,82.7,51.7,67.8,14.9,Tester,Active,Medium,Underallocated,79.2
ALC001192,EMP0110,PRJ0051,CLI0059,2026-03-20,2026-07-07,101.9,63.7,83.6,18.3,Support,Active,Low,Allocated,68.0
ALC001193,EMP0670,PRJ0119,CLI0048,2026-05-18,2026-09-30,88.2,55.1,72.3,15.9,Analyst,Completed,High,Underallocated,64.3
ALC001194,EMP0424,PRJ0041,CLI0044,2026-04-18,2026-06-23,174.7,109.2,143.3,31.4,Support,On Hold,Critical,Overallocated,79.5
ALC001195,EMP0004,PRJ0003,CLI0041,2026-06-19,2026-07-21,171.0,106.9,140.2,30.8,PM,Completed,High,Overallocated,83.6
ALC001196,EMP0603,PRJ0041,CLI0044,2026-01-02,2026-04-18,146.1,91.3,119.8,26.3,Designer,Completed,Medium,Allocated,84.6
ALC001197,EMP0639,PRJ0178,CLI0030,2026-03-13,2026-08-07,160.8,100.5,131.9,28.9,Designer,Active,Critical,Overallocated,80.0
ALC001198,EMP0323,PRJ0110,CLI0054,2026-01-03,2026-04-13,60.3,37.7,49.4,10.9,Support,Completed,Critical,Underallocated,60.4
ALC001199,EMP0244,PRJ0003,CLI0041,2026-02-05,2026-03-28,140.6,87.9,115.3,25.3,Lead,On Hold,Critical,Allocated,93.8
ALC001200,EMP0304,PRJ0098,CLI0044,2026-02-15,2026-07-13,110.6,69.1,90.7,19.9,Developer,On Hold,Medium,Allocated,92.7
ALC001201,EMP0675,PRJ0077,CLI0025,2026-01-19,2026-02-10,93.6,58.5,76.8,16.8,PM,Active,Medium,Underallocated,76.0
ALC001202,EMP0512,PRJ0046,CLI0048,2026-02-02,2026-06-16,100.6,62.9,82.5,18.1,Analyst,On Hold,Medium,Allocated,82.9
ALC001203,EMP0710,PRJ0121,CLI0015,2026-03-10,2026-05-23,101.1,63.2,82.9,18.2,Tester,Completed,Low,Allocated,79.8
ALC001204,EMP0144,PRJ0095,CLI0017,2026-01-19,2026-05-12,96.8,60.5,79.4,17.4,Analyst,Completed,Low,Allocated,70.1
ALC001205,EMP0273,PRJ0178,CLI0030,2026-01-02,2026-05-22,87.4,54.6,71.7,15.7,Tester,Active,Medium,Underallocated,73.4
ALC001206,EMP0331,PRJ0107,CLI0032,2026-02-10,2026-04-18,58.4,36.5,47.9,10.5,PM,Completed,High,Underallocated,91.6
ALC001207,EMP0697,PRJ0088,CLI0011,2026-04-17,2026-07-06,49.1,30.7,40.3,8.8,Developer,Active,Low,Underallocated,79.5
ALC001208,EMP0702,PRJ0116,CLI0042,2026-03-01,2026-03-29,128.0,80.0,105.0,23.0,Analyst,On Hold,Medium,Allocated,69.7
ALC001209,EMP0507,PRJ0100,CLI0039,2026-02-16,2026-03-25,8.0,,6.6,1.4,Tester,Completed,Critical,Underallocated,86.0
ALC001210,EMP0356,PRJ0094,CLI0008,2026-05-02,2026-07-31,189.8,118.6,155.6,34.2,Support,Completed,Low,Overallocated,94.7
ALC001211,EMP0543,PRJ0068,CLI0059,2026-06-13,2026-08-01,87.2,54.5,71.5,15.7,Developer,Completed,Medium,Underallocated,73.2
ALC001212,EMP0799,PRJ0041,CLI0044,2026-05-08,2026-08-12,40.0,25.0,32.8,7.2,Lead,Active,Critical,Underallocated,79.6
ALC001213,EMP0582,PRJ0127,CLI0026,2026-05-18,2026-09-02,133.0,83.1,109.1,23.9,Support,On Hold,High,Allocated,70.8
ALC001214,EMP0110,PRJ0162,CLI0012,2026-03-06,2026-07-06,106.6,66.6,87.4,19.2,Analyst,Completed,Critical,Allocated,93.6
ALC001215,EMP0506,PRJ0057,CLI0043,2026-06-08,2026-09-16,74.1,46.3,60.8,13.3,Analyst,Completed,Critical,Underallocated,86.1
ALC001216,EMP0016,PRJ0095,CLI0017,2026-06-04,2026-08-06,89.0,55.6,73.0,16.0,Analyst,Completed,Medium,Underallocated,71.5
ALC001217,EMP0120,PRJ0149,CLI0039,2026-01-19,2026-03-01,108.5,67.8,89.0,19.5,Support,On Hold,Low,Allocated,69.9
ALC001218,EMP0341,PRJ0091,CLI0026,2026-03-07,2026-07-10,155.4,97.1,127.4,28.0,Analyst,On Hold,Low,Allocated,88.7
ALC001219,EMP0201,PRJ0142,CLI0026,2026-05-10,2026-06-23,8.0,5.0,6.6,1.4,Designer,On Hold,High,Underallocated,66.6
ALC001220,EMP0675,PRJ0127,CLI0026,2026-05-17,2026-10-02,124.8,78.0,102.3,22.5,Analyst,Active,Low,Allocated,73.0
ALC001221,EMP0212,PRJ0155,CLI0042,2026-03-05,2026-04-07,177.8,111.1,145.8,32.0,Support,Completed,Medium,Overallocated,87.7
ALC001222,EMP0514,PRJ0082,CLI0013,2026-05-02,2026-09-28,79.4,49.6,65.1,14.3,Lead,Active,Critical,Underallocated,91.5
ALC001223,EMP0567,PRJ0032,CLI0053,2026-05-02,2026-07-14,141.9,88.7,116.4,25.5,Developer,Active,Low,Allocated,93.8
ALC001224,EMP0674,PRJ0137,CLI0012,2026-01-14,2026-02-03,138.9,86.8,113.9,25.0,Designer,On Hold,Low,Allocated,77.2
ALC001225,EMP0523,PRJ0154,CLI0005,2026-04-16,2026-06-20,187.2,117.0,153.5,33.7,Tester,On Hold,Medium,Overallocated,65.1
ALC001226,EMP0837,PRJ0011,CLI0024,2026-03-02,2026-03-24,121.4,75.9,99.5,21.9,Lead,Active,Critical,Allocated,69.5
ALC001227,EMP0601,PRJ0081,CLI0038,2026-01-04,2026-04-25,140.2,87.6,115.0,25.2,PM,On Hold,Critical,Allocated,82.9
ALC001228,EMP0693,PRJ0090,CLI0041,2026-06-20,2026-11-16,154.6,96.6,126.8,27.8,Analyst,Completed,Low,Allocated,79.4
ALC001229,EMP0088,PRJ0026,CLI0019,2026-04-05,2026-07-01,136.6,85.4,112.0,24.6,Lead,Active,Critical,Allocated,83.9
ALC001230,EMP0499,PRJ0161,CLI0056,2026-02-14,2026-05-11,76.3,47.7,62.6,13.7,Lead,Active,Medium,Underallocated,90.3
ALC001231,EMP0102,PRJ0013,CLI0048,2026-01-11,2026-02-13,82.9,51.8,68.0,14.9,PM,On Hold,Critical,Underallocated,70.2
ALC001232,EMP0798,PRJ0042,CLI0026,2026-01-17,2026-06-12,122.7,76.7,100.6,22.1,Analyst,On Hold,Medium,Allocated,93.8
ALC001233,EMP0604,PRJ0029,CLI0058,2026-02-18,2026-07-10,146.7,91.7,120.3,26.4,Tester,Completed,Critical,Allocated,77.8
ALC001234,EMP0664,PRJ0125,CLI0019,2026-06-03,2026-10-03,125.6,78.5,103.0,22.6,Support,On Hold,Low,Allocated,65.6
ALC001235,EMP0021,,CLI0012,2026-06-13,2026-08-18,70.6,44.1,57.9,12.7,Analyst,Completed,Low,Underallocated,85.8
ALC001236,EMP0549,PRJ0091,CLI0026,2026-02-17,2026-06-05,102.2,63.9,83.8,18.4,Designer,On Hold,Medium,Allocated,91.0
ALC001237,EMP0811,PRJ0054,CLI0021,2026-02-17,2026-03-16,56.5,35.3,46.3,10.2,Designer,Active,Critical,Underallocated,64.8
ALC001238,EMP0822,PRJ0116,CLI0042,2026-04-18,2026-05-26,135.5,84.7,111.1,24.4,Developer,On Hold,Low,Allocated,65.6
ALC001239,EMP0443,PRJ0019,CLI0054,2026-03-16,2026-05-29,191.2,119.5,156.8,34.4,Designer,Completed,Critical,Overallocated,87.1
ALC001240,EMP0789,PRJ0061,CLI0059,2026-06-15,2026-09-11,133.1,83.2,109.1,24.0,Analyst,On Hold,High,Allocated,88.0
ALC001241,EMP0759,PRJ0070,CLI0013,2026-02-17,2026-07-10,33.8,21.1,27.7,6.1,Designer,On Hold,Medium,Underallocated,81.6
ALC001242,EMP0474,PRJ0119,CLI0048,2026-04-15,2026-07-03,116.2,72.6,95.3,20.9,Lead,Active,Medium,Allocated,87.0
ALC001243,EMP0777,PRJ0022,CLI0037,2026-06-20,2026-11-01,111.4,69.6,91.3,20.1,Tester,Completed,Medium,Allocated,68.0
ALC001244,EMP0470,PRJ0074,CLI0006,2026-06-20,2026-09-25,90.7,56.7,74.4,16.3,Support,Active,Low,Underallocated,63.6
ALC001245,EMP0263,PRJ0146,CLI0006,2026-06-16,2026-07-11,30.2,18.9,24.8,5.4,Support,Completed,Critical,Underallocated,81.3
ALC001246,EMP0176,PRJ0136,CLI0003,2026-06-11,2026-08-02,131.2,82.0,107.6,23.6,Lead,Completed,Critical,Allocated,66.5
ALC001247,EMP0621,PRJ0045,CLI0011,2026-01-08,2026-05-24,149.9,93.7,122.9,27.0,Lead,Completed,High,Allocated,71.2
ALC001248,EMP0150,PRJ0065,CLI0003,2026-06-09,2026-07-07,76.6,47.9,62.8,13.8,Designer,Completed,Low,Underallocated,61.1
ALC001249,EMP0757,PRJ0047,CLI0018,2026-05-06,2026-09-21,76.3,47.7,62.6,13.7,Developer,Active,Low,Underallocated,62.6
ALC001250,EMP0686,PRJ0042,CLI0026,2026-06-14,2026-10-13,99.4,62.1,81.5,17.9,Developer,Completed,Medium,Allocated,84.8
ALC001251,EMP0847,PRJ0146,CLI0006,2026-04-12,2026-08-01,181.8,113.6,149.1,32.7,Analyst,On Hold,Medium,Overallocated,71.0
ALC001252,EMP0051,PRJ0162,CLI0012,2026-03-13,2026-08-07,100.6,62.9,82.5,18.1,PM,On Hold,High,Allocated,91.5
ALC001253,EMP0608,PRJ0156,CLI0002,2026-01-14,2026-05-16,81.4,50.9,66.7,14.7,Support,On Hold,Medium,Underallocated,70.2
ALC001254,EMP0577,PRJ0104,CLI0018,2026-02-15,2026-06-11,96.0,60.0,78.7,17.3,Tester,On Hold,Critical,Allocated,85.3
ALC001255,EMP0074,PRJ0136,CLI0003,2026-03-08,2026-05-09,135.2,84.5,110.9,24.3,Tester,On Hold,Medium,Allocated,88.6
ALC001256,EMP0026,PRJ0095,CLI0017,2026-02-11,2026-06-27,31.0,19.4,25.4,5.6,PM,Active,Low,Underallocated,86.1
ALC001257,EMP0501,PRJ0061,CLI0059,2026-05-14,2026-08-20,,64.2,84.2,18.5,Developer,Active,Critical,Allocated,68.6
ALC001258,EMP0283,PRJ0048,CLI0035,2026-06-11,2026-07-26,98.1,61.3,80.4,17.7,Designer,On Hold,High,Allocated,75.9
ALC001259,EMP0444,PRJ0155,CLI0042,2026-01-08,2026-04-03,107.7,67.3,88.3,19.4,Lead,Completed,Critical,Allocated,69.3
ALC001260,EMP0679,PRJ0009,CLI0015,2026-01-09,2026-04-15,84.2,52.6,69.0,15.2,Developer,Completed,High,Underallocated,80.7
ALC001261,EMP0543,PRJ0065,CLI0003,2026-01-21,2026-05-17,58.7,36.7,48.1,10.6,Designer,Completed,Low,Underallocated,79.4
ALC001262,EMP0225,PRJ0028,CLI0011,2026-01-01,2026-02-21,,93.3,122.4,26.9,Support,On Hold,Critical,Allocated,79.9
ALC001263,EMP0676,PRJ0022,CLI0037,2026-05-13,2026-08-21,38.4,24.0,31.5,6.9,Developer,Active,Critical,Underallocated,88.3
ALC001264,EMP0413,PRJ0173,CLI0012,2026-02-19,2026-04-23,174.6,109.1,143.2,31.4,Analyst,Active,Critical,Overallocated,69.3
ALC001265,EMP0483,PRJ0094,CLI0008,2026-03-18,2026-06-24,125.9,78.7,103.2,22.7,Developer,Completed,Low,Allocated,82.3
ALC001266,EMP0295,PRJ0088,CLI0011,2026-02-16,2026-07-14,139.2,87.0,114.1,25.1,Developer,Completed,Low,Allocated,84.2
ALC001267,EMP0815,PRJ0104,CLI0018,2026-06-09,2026-07-29,114.6,71.6,94.0,20.6,Analyst,Active,Medium,Allocated,89.1
ALC001268,EMP0286,PRJ0155,CLI0042,2026-01-19,2026-06-12,159.2,99.5,130.5,28.7,Developer,On Hold,Medium,Allocated,80.1
ALC001269,EMP0746,PRJ0157,CLI0044,2026-01-15,2026-02-14,133.4,83.4,109.4,24.0,Tester,On Hold,Medium,Allocated,75.8
ALC001270,EMP0608,PRJ0178,CLI0030,2026-05-01,2026-06-03,164.2,102.6,134.6,29.6,Lead,Completed,Low,Overallocated,62.9
ALC001271,EMP0415,PRJ0153,CLI0030,2026-01-14,2026-05-08,145.8,91.1,119.6,26.2,Analyst,On Hold,Critical,Allocated,67.8
ALC001272,EMP0392,PRJ0012,CLI0020,2026-05-06,2026-09-13,156.6,97.9,128.4,28.2,Designer,On Hold,Critical,Allocated,70.8
ALC001273,EMP0828,PRJ0071,CLI0036,2026-02-14,2026-03-24,83.4,52.1,68.4,15.0,Tester,On Hold,Low,Underallocated,90.8
ALC001274,EMP0376,PRJ0082,CLI0013,2026-06-11,2026-10-17,96.8,60.5,79.4,17.4,PM,On Hold,Low,Allocated,75.9
ALC001275,EMP0675,PRJ0064,CLI0024,2026-03-09,2026-03-31,112.6,70.4,92.3,20.3,PM,Completed,High,Allocated,80.7
ALC001276,EMP0522,PRJ0033,CLI0030,2026-02-16,2026-04-26,112.2,70.1,92.0,20.2,Analyst,Completed,High,Allocated,84.5
ALC001277,EMP0502,PRJ0056,CLI0042,2026-01-11,2026-04-29,135.0,84.4,110.7,24.3,Designer,On Hold,Medium,Allocated,78.1
ALC001278,EMP0332,PRJ0044,CLI0043,2026-06-11,2026-07-03,82.1,51.3,67.3,14.8,Support,On Hold,High,Underallocated,85.7
ALC001279,EMP0111,PRJ0083,CLI0032,2026-02-16,2026-05-30,111.7,69.8,91.6,20.1,Designer,Completed,High,Allocated,86.0
ALC001280,EMP0271,PRJ0029,CLI0058,2026-02-12,2026-07-02,137.1,85.7,112.4,24.7,Developer,On Hold,Low,Allocated,64.7
ALC001281,EMP0658,PRJ0126,CLI0060,2026-04-02,2026-05-24,35.4,22.1,29.0,6.4,Lead,On Hold,Critical,Underallocated,64.3
ALC001282,EMP0182,PRJ0066,CLI0051,2026-04-13,2026-06-18,154.2,96.4,126.4,27.8,Designer,Completed,Critical,Allocated,89.2
ALC001283,EMP0037,PRJ0158,CLI0059,2026-03-02,2026-04-20,193.8,121.1,158.9,34.9,Support,Active,Critical,Overallocated,87.4
ALC001284,EMP0062,PRJ0150,CLI0003,2026-02-10,2026-06-27,75.4,47.1,61.8,13.6,Tester,Active,High,Underallocated,69.5
ALC001285,EMP0788,PRJ0149,CLI0039,2026-05-02,2026-09-18,171.2,107.0,140.4,30.8,Developer,On Hold,Medium,Overallocated,78.7
ALC001286,EMP0735,PRJ0089,CLI0043,2026-06-14,2026-07-28,121.1,75.7,99.3,21.8,Developer,On Hold,Critical,Allocated,72.0
ALC001287,EMP0418,PRJ0060,CLI0022,2026-06-19,2026-09-08,76.6,47.9,62.8,13.8,Lead,On Hold,Low,Underallocated,79.9
ALC001288,EMP0128,PRJ0064,CLI0024,2026-05-13,2026-10-02,145.1,90.7,119.0,26.1,Developer,On Hold,Critical,Allocated,90.5
ALC001289,EMP0111,PRJ0098,CLI0044,2026-03-15,2026-06-13,189.6,118.5,155.5,34.1,Support,Active,Medium,Overallocated,88.9
ALC001290,EMP0766,PRJ0013,CLI0048,2026-04-19,2026-05-27,95.8,59.9,78.6,17.2,Developer,Active,High,Underallocated,66.0
ALC001291,EMP0256,PRJ0030,CLI0043,2026-06-17,2026-09-23,69.3,43.3,56.8,12.5,Support,Active,High,Underallocated,73.4
ALC001292,EMP0494,PRJ0120,CLI0028,2026-06-09,2026-08-24,22.6,14.1,18.5,4.1,PM,Active,High,Underallocated,60.8
ALC001293,EMP0020,PRJ0123,CLI0039,2026-05-01,2026-06-04,106.2,66.4,87.1,19.1,Lead,Active,Low,Allocated,60.8
ALC001294,EMP0363,PRJ0107,CLI0032,2026-01-05,2026-06-03,118.6,74.1,97.3,21.3,Lead,On Hold,Low,Allocated,79.4
ALC001295,EMP0178,PRJ0150,CLI0003,2026-05-19,2026-06-29,184.6,115.4,151.4,33.2,Developer,Completed,Critical,Overallocated,65.8
ALC001296,EMP0625,PRJ0105,CLI0056,2026-04-15,2026-08-04,186.4,116.5,152.8,33.6,Support,On Hold,Low,Overallocated,88.8
ALC001297,EMP0240,PRJ0173,CLI0012,2026-02-09,2026-03-08,85.4,53.4,70.0,15.4,Designer,On Hold,Medium,Underallocated,60.6
ALC001298,EMP0357,PRJ0055,CLI0015,2026-05-08,2026-07-25,144.3,90.2,118.3,26.0,Analyst,Completed,Medium,Allocated,87.2
ALC001299,EMP0329,PRJ0151,CLI0036,2026-01-06,2026-02-12,65.9,41.2,54.0,11.9,Tester,On Hold,Medium,Underallocated,86.8
ALC001300,EMP0373,PRJ0124,CLI0045,2026-06-04,2026-10-16,114.9,71.8,94.2,20.7,Lead,Completed,Medium,Allocated,69.3
ALC001301,EMP0454,PRJ0119,CLI0048,2026-06-09,2026-06-29,106.9,66.8,87.7,19.2,Support,Active,High,Allocated,85.1
ALC001302,EMP0117,PRJ0032,CLI0053,2026-06-01,2026-07-16,77.0,48.1,63.1,13.9,Developer,Active,High,Underallocated,68.4
ALC001303,EMP0135,PRJ0024,CLI0041,2026-01-03,2026-04-01,107.2,,87.9,19.3,Designer,Completed,Low,Allocated,64.6
ALC001304,EMP0070,PRJ0096,CLI0056,2026-03-09,2026-06-10,145.8,91.1,119.6,26.2,Designer,Active,Medium,Allocated,89.4
ALC001305,EMP0805,PRJ0122,CLI0010,2026-05-19,2026-07-24,155.8,97.4,127.8,28.0,Lead,On Hold,Critical,Allocated,87.4
ALC001306,EMP0624,PRJ0113,CLI0050,2026-04-13,2026-05-12,106.2,66.4,87.1,19.1,Analyst,Active,High,Allocated,64.3
ALC001307,EMP0058,PRJ0149,CLI0039,2026-01-19,2026-06-07,108.5,67.8,89.0,19.5,Analyst,Completed,Low,Allocated,88.6
ALC001308,EMP0722,PRJ0179,CLI0012,2026-02-17,2026-05-29,38.4,24.0,31.5,6.9,Analyst,Completed,High,Underallocated,71.5
ALC001309,EMP0240,PRJ0014,CLI0026,2026-04-15,2026-07-31,122.9,76.8,100.8,22.1,PM,Active,Critical,Allocated,89.6
ALC001310,EMP0314,PRJ0146,CLI0006,2026-03-13,2026-08-06,101.4,63.4,83.1,18.3,Lead,Completed,Low,Allocated,63.4
ALC001311,EMP0034,PRJ0153,CLI0030,2026-06-13,2026-10-29,108.3,67.7,88.8,19.5,PM,Active,High,Allocated,75.8
ALC001312,EMP0676,PRJ0035,CLI0016,2026-05-08,2026-07-04,92.8,58.0,76.1,16.7,Support,Active,Low,Underallocated,82.7
ALC001313,EMP0529,PRJ0118,CLI0008,2026-06-15,2026-08-14,74.1,46.3,60.8,13.3,Lead,On Hold,Medium,Underallocated,61.6
ALC001314,EMP0130,PRJ0058,CLI0020,2026-03-02,2026-04-06,77.1,48.2,63.2,13.9,Lead,Active,High,Underallocated,80.0
ALC001315,EMP0434,PRJ0139,CLI0008,2026-06-06,2026-07-13,85.0,53.1,69.7,15.3,Developer,On Hold,Critical,Underallocated,71.1
ALC001316,EMP0355,PRJ0066,CLI0051,2026-05-17,2026-07-02,58.9,36.8,48.3,10.6,Designer,Active,Low,Underallocated,87.7
ALC001317,EMP0161,PRJ0168,CLI0016,2026-03-12,2026-06-22,123.7,77.3,101.4,22.3,Support,Active,Medium,Allocated,67.8
ALC001318,EMP0136,PRJ0100,CLI0039,2026-04-20,2026-07-04,134.4,84.0,110.2,24.2,Support,Completed,High,Allocated,92.2
ALC001319,EMP0212,PRJ0102,CLI0043,2026-04-02,2026-05-16,106.6,66.6,87.4,19.2,Support,On Hold,Critical,Allocated,77.1
ALC001320,EMP0278,PRJ0081,CLI0038,2026-01-13,2026-05-31,119.0,74.4,97.6,21.4,Developer,Completed,Medium,Allocated,63.1
ALC001321,EMP0641,PRJ0161,CLI0056,2026-06-15,2026-11-03,102.9,64.3,84.4,18.5,Tester,On Hold,Critical,Allocated,61.0
ALC001322,EMP0501,PRJ0036,CLI0045,2026-01-06,2026-05-27,157.8,98.6,129.4,28.4,PM,On Hold,Medium,Allocated,71.8
ALC001323,EMP0353,PRJ0056,CLI0042,2026-01-21,2026-03-25,114.2,71.4,93.6,20.6,Lead,Active,Medium,Allocated,84.3
ALC001324,EMP0761,PRJ0032,CLI0053,2026-03-02,2026-06-18,123.0,,100.9,22.1,Analyst,On Hold,Low,Allocated,66.2
ALC001325,EMP0394,PRJ0128,CLI0044,2026-02-17,2026-04-21,144.2,90.1,118.2,26.0,Designer,On Hold,Medium,Allocated,85.2
ALC001326,EMP0167,PRJ0100,CLI0039,2026-06-14,2026-10-03,111.0,69.4,91.0,20.0,Analyst,On Hold,High,Allocated,64.1
ALC001327,EMP0266,PRJ0061,CLI0059,2026-04-06,2026-08-04,167.7,104.8,137.5,30.2,Analyst,On Hold,Medium,Overallocated,94.2
ALC001328,EMP0388,PRJ0094,CLI0008,2026-05-17,2026-08-11,85.4,53.4,70.0,15.4,Designer,On Hold,High,Underallocated,92.9
ALC001329,EMP0772,PRJ0097,CLI0018,2026-01-13,2026-03-10,181.1,113.2,148.5,32.6,Designer,Completed,Medium,Overallocated,60.1
ALC001330,EMP0093,PRJ0023,CLI0035,2026-03-07,2026-06-04,104.2,65.1,85.4,18.8,Lead,Active,High,Allocated,65.9
ALC001331,EMP0272,PRJ0131,CLI0009,2026-03-08,2026-08-05,85.9,53.7,70.4,15.5,Support,On Hold,Critical,Underallocated,72.5
ALC001332,EMP0065,PRJ0100,CLI0039,2026-06-07,2026-09-06,49.3,30.8,40.4,8.9,Designer,On Hold,High,Underallocated,78.7
ALC001333,EMP0656,PRJ0020,CLI0049,2026-05-02,2026-09-17,146.9,91.8,120.5,26.4,Designer,Completed,Medium,Allocated,70.8
ALC001334,EMP0155,PRJ0003,CLI0041,2026-04-11,2026-05-13,97.4,60.9,79.9,17.5,Support,Active,Medium,Allocated,71.5
ALC001335,EMP0614,PRJ0037,CLI0057,2026-04-07,2026-08-19,117.8,73.6,96.6,21.2,PM,Active,Critical,Allocated,90.8
ALC001336,EMP0597,PRJ0152,CLI0005,2026-04-06,2026-08-26,122.4,76.5,100.4,22.0,PM,Completed,Critical,Allocated,64.4
ALC001337,EMP0444,PRJ0132,CLI0013,2026-06-07,2026-08-07,92.5,57.8,75.8,16.6,Support,Completed,Medium,Underallocated,86.1
ALC001338,EMP0712,PRJ0105,CLI0056,2026-01-01,2026-03-04,154.9,96.8,127.0,27.9,Analyst,Active,Low,Allocated,75.2
ALC001339,EMP0402,PRJ0100,CLI0039,2026-01-04,2026-04-10,130.2,81.4,106.8,23.4,Tester,Completed,Low,Allocated,72.6
ALC001340,EMP0539,PRJ0167,CLI0027,2026-01-14,2026-02-22,77.9,48.7,63.9,14.0,PM,Active,Critical,Underallocated,67.0
ALC001341,EMP0737,PRJ0104,CLI0018,2026-06-05,2026-10-19,58.2,36.4,47.7,10.5,PM,On Hold,Low,Underallocated,91.9
ALC001342,EMP0151,PRJ0088,CLI0011,2026-02-16,2026-03-21,143.2,,117.4,25.8,Designer,Completed,Medium,Allocated,79.5
ALC001343,EMP0334,PRJ0025,CLI0003,2026-04-05,2026-07-15,102.4,64.0,84.0,18.4,Designer,Completed,Low,Allocated,87.3
ALC001344,EMP0245,PRJ0050,CLI0039,2026-01-07,2026-02-13,139.8,87.4,114.6,25.2,Support,Active,Critical,Allocated,61.0
ALC001345,EMP0495,PRJ0167,CLI0027,2026-03-03,2026-05-17,102.1,63.8,83.7,18.4,Support,Active,Critical,Allocated,91.4
ALC001346,EMP0481,PRJ0098,CLI0044,2026-04-20,2026-06-05,120.5,75.3,98.8,21.7,Lead,Active,Low,Allocated,78.2
ALC001347,EMP0591,PRJ0080,CLI0026,2026-03-15,2026-08-06,144.2,90.1,118.2,26.0,Developer,Active,Low,Allocated,63.7
ALC001348,EMP0712,PRJ0079,CLI0059,2026-01-12,2026-02-15,52.0,32.5,42.6,9.4,Designer,Active,Critical,Underallocated,62.1
ALC001349,EMP0631,PRJ0072,CLI0030,2026-02-11,2026-06-11,,112.2,147.2,32.3,PM,On Hold,Critical,Overallocated,72.1
ALC001350,EMP0338,PRJ0029,CLI0058,2026-02-19,2026-06-22,127.0,79.4,104.1,22.9,Tester,Completed,High,Allocated,68.9
ALC001351,EMP0691,PRJ0103,CLI0001,2026-01-14,2026-04-02,30.2,18.9,24.8,5.4,Developer,Active,Low,Underallocated,87.4
ALC001352,EMP0733,PRJ0106,CLI0041,2026-02-16,2026-03-31,165.9,103.7,136.0,29.9,Lead,Active,High,Overallocated,88.2
ALC001353,EMP0197,PRJ0063,CLI0016,2026-05-16,2026-07-19,151.5,94.7,124.2,27.3,Support,Completed,Critical,Allocated,75.6
ALC001354,EMP0113,PRJ0008,CLI0052,2026-06-16,2026-10-20,104.5,65.3,85.7,18.8,Designer,Completed,Critical,Allocated,93.2
ALC001355,EMP0754,PRJ0045,CLI0011,2026-06-01,2026-07-07,167.8,104.9,137.6,30.2,PM,Active,Medium,Overallocated,81.1
ALC001356,EMP0820,PRJ0156,CLI0002,2026-05-05,2026-06-13,86.4,54.0,70.8,15.6,Developer,Active,Critical,Underallocated,81.6
ALC001357,EMP0735,PRJ0093,CLI0012,2026-02-02,2026-06-14,106.7,66.7,87.5,19.2,PM,Active,High,Allocated,73.3
ALC001358,EMP0087,PRJ0164,CLI0018,2026-04-04,2026-05-23,205.8,128.6,168.8,37.0,Tester,On Hold,Medium,Overallocated,89.0
ALC001359,EMP0781,PRJ0081,CLI0038,2026-04-16,2026-08-17,132.8,83.0,108.9,23.9,Support,Completed,High,Allocated,88.6
ALC001360,EMP0530,PRJ0101,CLI0028,2026-04-05,2026-04-28,155.4,97.1,127.4,28.0,Analyst,On Hold,Medium,Allocated,90.9
ALC001361,EMP0691,PRJ0138,CLI0018,2026-03-11,2026-04-02,144.6,90.4,118.6,26.0,Support,Active,High,Allocated,67.1
ALC001362,EMP0075,PRJ0058,CLI0020,2026-01-14,2026-03-07,56.6,35.4,46.4,10.2,Tester,On Hold,Critical,Underallocated,89.9
ALC001363,EMP0249,PRJ0087,CLI0046,2026-03-17,2026-05-14,124.0,77.5,101.7,22.3,Support,Completed,High,Allocated,65.5
ALC001364,EMP0109,PRJ0023,CLI0035,2026-03-14,2026-04-07,120.3,75.2,98.6,21.7,Tester,Completed,Critical,Allocated,89.7
ALC001365,EMP0563,PRJ0067,CLI0015,2026-01-13,2026-04-18,159.4,99.6,130.7,28.7,Analyst,Active,Low,Allocated,85.5
ALC001366,EMP0128,PRJ0162,CLI0012,2026-05-12,2026-06-26,172.0,107.5,141.0,31.0,PM,Completed,Medium,Overallocated,62.1
ALC001367,EMP0749,PRJ0087,CLI0046,2026-06-07,2026-07-24,163.5,102.2,134.1,29.4,PM,On Hold,High,Overallocated,70.5
ALC001368,EMP0773,PRJ0013,CLI0048,2026-02-09,2026-06-04,93.1,58.2,76.3,16.8,Support,Completed,High,Underallocated,77.9
ALC001369,EMP0527,PRJ0110,CLI0054,2026-05-21,2026-09-19,54.6,34.1,44.8,9.8,Support,Active,High,Underallocated,94.2
ALC001370,EMP0141,PRJ0016,CLI0049,2026-04-04,2026-06-24,132.0,82.5,108.2,23.8,Tester,Completed,High,Allocated,68.0
ALC001371,EMP0720,PRJ0121,CLI0015,2026-05-16,2026-09-02,108.5,67.8,89.0,19.5,Tester,Completed,Low,Allocated,68.8
ALC001372,EMP0485,PRJ0107,CLI0032,2026-04-07,2026-07-28,69.9,43.7,57.3,12.6,Support,On Hold,Critical,Underallocated,71.6
ALC001373,EMP0641,PRJ0113,CLI0050,2026-06-16,2026-08-23,84.2,52.6,69.0,15.2,Lead,Active,Critical,Underallocated,70.7
ALC001374,EMP0356,PRJ0101,CLI0028,2026-06-04,2026-10-19,109.6,68.5,89.9,19.7,PM,Completed,High,Allocated,62.7
ALC001375,EMP0505,PRJ0096,CLI0056,2026-03-17,2026-07-05,122.4,76.5,100.4,22.0,Designer,Active,Low,Allocated,62.7
ALC001376,EMP0203,PRJ0104,CLI0018,2026-04-20,2026-08-07,89.8,56.1,73.6,16.2,Designer,Completed,High,Underallocated,74.0
ALC001377,EMP0836,PRJ0059,CLI0017,2026-01-05,2026-03-16,111.4,69.6,91.3,20.1,Developer,Completed,Critical,Allocated,74.5
ALC001378,EMP0462,PRJ0159,CLI0025,2026-03-08,2026-04-25,109.1,68.2,89.5,19.6,Developer,On Hold,Medium,Allocated,65.4
ALC001379,EMP0642,PRJ0125,CLI0019,2026-01-12,2026-04-04,123.0,,100.9,22.1,Developer,Active,High,Allocated,76.0
ALC001380,EMP0126,PRJ0031,CLI0044,2026-05-10,2026-06-19,73.0,45.6,59.9,13.1,Lead,Completed,Critical,Underallocated,73.6
ALC001381,EMP0169,PRJ0077,CLI0025,2026-03-08,2026-06-06,84.0,52.5,68.9,15.1,Tester,On Hold,Critical,Underallocated,92.7
ALC001382,EMP0563,PRJ0053,CLI0011,2026-06-20,2026-07-28,165.9,103.7,136.0,29.9,Lead,Active,Medium,Overallocated,87.5
ALC001383,EMP0157,PRJ0155,CLI0042,2026-04-20,2026-08-20,101.6,63.5,83.3,18.3,PM,Active,Critical,Allocated,70.9
ALC001384,EMP0751,PRJ0011,CLI0024,2026-05-06,2026-10-03,131.0,81.9,107.4,23.6,Analyst,On Hold,Medium,Allocated,77.7
ALC001385,EMP0647,PRJ0017,CLI0050,2026-06-11,2026-07-10,63.2,39.5,51.8,11.4,Lead,On Hold,Critical,Underallocated,68.2
ALC001386,EMP0203,PRJ0141,CLI0028,2026-02-05,2026-05-08,159.5,99.7,130.8,28.7,PM,On Hold,High,Allocated,89.0
ALC001387,EMP0738,PRJ0055,CLI0015,2026-03-04,2026-04-04,158.1,98.8,129.6,28.5,Developer,Active,Critical,Allocated,71.7
ALC001388,EMP0420,PRJ0035,CLI0016,2026-01-16,2026-02-07,124.0,77.5,101.7,22.3,PM,On Hold,Low,Allocated,63.2
ALC001389,EMP0289,PRJ0051,CLI0059,2026-02-02,2026-02-28,87.5,54.7,71.8,15.8,Developer,Completed,Medium,Underallocated,84.7
ALC001390,EMP0178,PRJ0112,CLI0006,2026-01-12,2026-06-05,54.6,34.1,44.8,9.8,Support,On Hold,High,Underallocated,89.2
ALC001391,EMP0548,PRJ0010,CLI0035,2026-02-04,2026-03-02,203.0,126.9,166.5,36.5,Lead,Completed,Low,Overallocated,62.9
ALC001392,EMP0774,PRJ0006,CLI0019,2026-03-11,2026-05-09,95.8,59.9,78.6,17.2,Analyst,Completed,Low,Underallocated,86.2
ALC001393,EMP0317,PRJ0026,CLI0019,2026-04-13,2026-06-23,54.7,34.2,44.9,9.8,Lead,On Hold,High,Underallocated,78.7
ALC001394,EMP0451,PRJ0096,CLI0056,2026-02-16,2026-05-17,88.2,55.1,72.3,15.9,Support,Completed,Critical,Underallocated,73.7
ALC001395,EMP0122,PRJ0017,CLI0050,2026-03-07,2026-06-06,128.0,80.0,105.0,23.0,Tester,On Hold,Low,Allocated,65.7
ALC001396,EMP0500,PRJ0021,CLI0060,2026-01-09,2026-04-19,62.1,38.8,50.9,11.2,Analyst,Completed,Critical,Underallocated,71.8
ALC001397,EMP0225,PRJ0072,CLI0030,2026-06-20,2026-10-17,88.3,55.2,72.4,15.9,Support,Completed,Low,Underallocated,78.1
ALC001398,EMP0296,PRJ0164,CLI0018,2026-01-14,2026-06-02,54.4,34.0,44.6,9.8,PM,Completed,High,Underallocated,75.1
ALC001399,EMP0306,PRJ0135,CLI0022,2026-02-11,2026-07-11,169.8,106.1,139.2,30.6,Support,On Hold,Low,Overallocated,71.8
ALC001400,EMP0242,PRJ0141,CLI0028,2026-02-04,2026-03-15,108.6,67.9,89.1,19.5,Designer,Completed,Medium,Allocated,79.3
ALC001401,EMP0774,PRJ0133,CLI0044,2026-03-20,2026-06-12,53.9,33.7,44.2,9.7,Lead,Completed,Critical,Underallocated,89.2
ALC001402,EMP0279,PRJ0078,CLI0031,2026-06-03,2026-10-26,76.0,47.5,62.3,13.7,Analyst,On Hold,Critical,Underallocated,71.9
ALC001403,EMP0507,PRJ0176,CLI0014,2026-03-08,2026-07-27,86.2,53.9,70.7,15.5,Designer,Completed,Critical,Underallocated,64.3
ALC001404,EMP0514,PRJ0010,CLI0035,2026-04-16,2026-05-29,113.0,70.6,92.7,20.3,Support,On Hold,Critical,Allocated,67.0
ALC001405,EMP0067,PRJ0162,CLI0012,2026-05-19,2026-08-18,75.5,47.2,61.9,13.6,Lead,Active,Medium,Underallocated,65.0
ALC001406,EMP0474,PRJ0176,CLI0014,2026-06-19,2026-10-16,97.4,60.9,79.9,17.5,PM,Completed,Medium,Allocated,81.9
ALC001407,EMP0072,PRJ0012,CLI0020,2026-06-09,2026-08-31,86.6,54.1,71.0,15.6,Lead,Completed,Low,Underallocated,80.9
ALC001408,EMP0665,PRJ0003,CLI0041,2026-02-14,2026-03-25,54.6,34.1,44.8,9.8,Support,On Hold,High,Underallocated,79.2
ALC001409,EMP0342,PRJ0179,CLI0012,2026-03-21,2026-07-21,75.4,47.1,61.8,13.6,Lead,Completed,High,Underallocated,69.9
ALC001410,EMP0513,PRJ0064,CLI0024,2026-06-16,2026-08-29,81.1,50.7,66.5,14.6,Developer,Active,High,Underallocated,61.7
ALC001411,EMP0265,PRJ0064,CLI0024,2026-03-11,2026-08-01,63.2,39.5,51.8,11.4,Analyst,Active,Low,Underallocated,65.2
ALC001412,EMP0344,PRJ0067,CLI0015,2026-04-19,2026-09-10,54.2,33.9,44.4,9.8,PM,Active,Critical,Underallocated,63.5
ALC001413,EMP0251,PRJ0020,CLI0049,2026-04-10,2026-08-14,88.2,55.1,72.3,15.9,Analyst,Active,Critical,Underallocated,90.5
ALC001414,EMP0321,PRJ0099,CLI0038,2026-03-17,2026-06-13,146.6,91.6,120.2,26.4,Support,On Hold,Critical,Allocated,87.4
ALC001415,EMP0108,PRJ0029,CLI0058,2026-05-10,2026-07-30,106.1,66.3,87.0,19.1,Lead,On Hold,Low,Allocated,70.6
ALC001416,EMP0269,PRJ0059,CLI0017,2026-04-17,2026-08-21,8.0,5.0,6.6,1.4,Support,Completed,Critical,Underallocated,84.2
ALC001417,EMP0510,PRJ0149,CLI0039,2026-03-20,2026-08-01,152.5,95.3,125.0,27.4,Support,On Hold,Low,Allocated,74.0
ALC001418,EMP0364,PRJ0010,CLI0035,2026-03-18,2026-06-14,84.3,52.7,69.1,15.2,PM,Active,Critical,Underallocated,60.4
ALC001419,EMP0728,PRJ0129,CLI0019,2026-02-13,2026-06-30,169.4,105.9,138.9,30.5,Support,Completed,Low,Overallocated,87.9
ALC001420,EMP0273,PRJ0146,CLI0006,2026-04-18,2026-08-07,144.3,,118.3,26.0,Support,On Hold,Low,Allocated,86.4
ALC001421,EMP0273,PRJ0087,CLI0046,2026-03-16,2026-05-20,99.7,62.3,81.8,17.9,Developer,Active,High,Allocated,83.3
ALC001422,EMP0711,,CLI0043,2026-05-04,2026-07-21,104.2,65.1,85.4,18.8,Developer,Active,High,Allocated,89.9
ALC001423,EMP0281,PRJ0029,CLI0058,2026-04-19,2026-08-24,66.4,41.5,54.4,12.0,Designer,Active,Critical,Underallocated,82.2
ALC001424,EMP0187,PRJ0169,CLI0060,2026-04-21,2026-05-15,138.1,86.3,113.2,24.9,Designer,Active,Medium,Allocated,87.3
ALC001425,EMP0408,PRJ0075,CLI0033,2026-01-10,2026-03-10,176.6,110.4,144.8,31.8,Lead,Completed,Low,Overallocated,85.4
ALC001426,EMP0274,PRJ0044,CLI0043,2026-02-19,2026-03-27,82.9,51.8,68.0,14.9,Support,Completed,Low,Underallocated,83.9
ALC001427,EMP0709,PRJ0017,CLI0050,2026-04-08,2026-06-02,87.8,54.9,72.0,15.8,PM,Active,Critical,Underallocated,88.2
ALC001428,EMP0034,PRJ0122,CLI0010,2026-04-06,2026-08-27,190.9,119.3,156.5,34.4,Lead,On Hold,Critical,Overallocated,81.1
ALC001429,EMP0227,PRJ0006,CLI0019,2026-05-20,2026-07-30,115.5,72.2,94.7,20.8,Lead,On Hold,High,Allocated,61.8
ALC001430,EMP0106,PRJ0147,CLI0001,2026-04-03,2026-07-06,51.0,31.9,41.8,9.2,Support,Completed,Critical,Underallocated,87.2
ALC001431,EMP0375,PRJ0057,CLI0043,2026-06-05,2026-08-06,57.4,,47.1,10.3,Support,Completed,Critical,Underallocated,78.0
ALC001432,EMP0441,PRJ0096,CLI0056,2026-03-10,2026-07-21,180.2,112.6,147.8,32.4,Analyst,Completed,Low,Overallocated,60.7
ALC001433,EMP0125,PRJ0021,CLI0060,2026-06-02,2026-09-19,130.9,81.8,107.3,23.6,PM,On Hold,Medium,Allocated,70.4
ALC001434,EMP0602,PRJ0051,CLI0059,2026-05-19,2026-07-30,69.9,43.7,57.3,12.6,Tester,Completed,Medium,Underallocated,70.2
ALC001435,EMP0666,PRJ0013,CLI0048,2026-04-02,2026-07-15,,78.4,102.8,22.6,Lead,Active,Medium,Allocated,92.9
ALC001436,EMP0297,PRJ0081,CLI0038,2026-06-13,2026-07-09,78.7,49.2,64.5,14.2,Developer,On Hold,Low,Underallocated,76.9
ALC001437,EMP0436,PRJ0064,CLI0024,2026-03-13,2026-05-12,35.2,22.0,28.9,6.3,Support,On Hold,Critical,Underallocated,90.6
ALC001438,EMP0804,PRJ0168,CLI0016,2026-02-01,2026-05-17,98.2,61.4,80.5,17.7,Support,Completed,Low,Allocated,78.4
ALC001439,EMP0451,PRJ0074,CLI0006,2026-03-06,2026-06-08,111.7,69.8,91.6,20.1,Tester,Completed,Medium,Allocated,66.8
ALC001440,EMP0847,PRJ0030,CLI0043,2026-02-05,2026-04-16,49.3,30.8,40.4,8.9,Designer,On Hold,Medium,Underallocated,74.7
ALC001441,EMP0263,PRJ0075,CLI0033,2026-02-02,2026-03-15,61.8,38.6,50.7,11.1,Tester,Completed,Low,Underallocated,85.9
ALC001442,EMP0023,PRJ0088,CLI0011,2026-01-06,2026-02-17,72.0,45.0,59.0,13.0,Analyst,Completed,Critical,Underallocated,78.8
ALC001443,EMP0185,PRJ0118,CLI0008,2026-06-21,2026-10-12,103.8,64.9,85.1,18.7,Lead,On Hold,Medium,Allocated,74.3
ALC001444,EMP0559,PRJ0166,CLI0028,2026-03-04,2026-03-28,117.1,73.2,96.0,21.1,Developer,On Hold,Critical,Allocated,63.0
ALC001445,EMP0738,PRJ0139,CLI0008,2026-03-01,2026-05-19,54.2,33.9,44.4,9.8,Developer,On Hold,Medium,Underallocated,87.8
ALC001446,EMP0194,PRJ0179,CLI0012,2026-06-03,2026-10-18,88.6,55.4,72.7,15.9,Analyst,On Hold,Medium,Underallocated,65.9
ALC001447,EMP0209,PRJ0032,CLI0053,2026-06-06,2026-09-22,93.1,58.2,76.3,16.8,Tester,Active,Critical,Underallocated,93.7
ALC001448,EMP0190,PRJ0040,CLI0014,2026-02-08,2026-03-07,42.6,26.6,34.9,7.7,Support,On Hold,Low,Underallocated,71.3
ALC001449,EMP0440,PRJ0028,CLI0011,2026-03-20,2026-08-06,121.0,75.6,99.2,21.8,PM,Completed,Medium,Allocated,70.9
ALC001450,EMP0398,PRJ0047,CLI0018,2026-03-19,2026-05-31,135.8,84.9,111.4,24.4,Analyst,Completed,Medium,Allocated,62.8
ALC001451,EMP0839,PRJ0051,CLI0059,2026-02-16,2026-06-16,124.5,77.8,102.1,22.4,Designer,On Hold,High,Allocated,90.0
ALC001452,EMP0687,PRJ0097,CLI0018,2026-04-05,2026-05-19,59.2,37.0,48.5,10.7,Lead,On Hold,Low,Underallocated,87.1
ALC001453,EMP0847,PRJ0091,CLI0026,2026-01-12,2026-02-13,135.8,84.9,111.4,24.4,Analyst,Active,Low,Allocated,71.6
ALC001454,EMP0469,PRJ0168,CLI0016,2026-01-14,2026-04-06,108.0,67.5,88.6,19.4,Analyst,On Hold,Critical,Allocated,85.4
ALC001455,EMP0744,PRJ0064,CLI0024,2026-06-01,2026-08-23,151.4,94.6,124.1,27.3,Developer,Completed,High,Allocated,92.1
ALC001456,EMP0438,PRJ0125,CLI0019,2026-01-10,2026-04-17,131.2,82.0,107.6,23.6,Designer,Completed,Medium,Allocated,81.3
ALC001457,EMP0036,PRJ0151,CLI0036,2026-05-21,2026-09-04,,77.8,102.1,22.4,Analyst,On Hold,Medium,Allocated,62.9
ALC001458,EMP0812,PRJ0022,CLI0037,2026-04-09,2026-08-14,100.6,62.9,82.5,18.1,Lead,Active,High,Allocated,85.9
ALC001459,EMP0677,PRJ0088,CLI0011,2026-03-06,2026-07-19,150.2,93.9,123.2,27.0,Support,On Hold,Critical,Allocated,64.0
ALC001460,EMP0223,PRJ0037,CLI0057,2026-03-19,2026-08-16,66.2,41.4,54.3,11.9,Designer,Active,Critical,Underallocated,62.2
ALC001461,EMP0297,PRJ0128,CLI0044,2026-05-11,2026-06-02,61.4,38.4,50.3,11.1,Developer,Completed,Low,Underallocated,86.8
ALC001462,EMP0425,PRJ0036,CLI0045,2026-03-12,2026-05-06,221.8,138.6,181.9,39.9,Designer,Active,Low,Overallocated,63.3
ALC001463,EMP0730,PRJ0087,CLI0046,2026-01-16,2026-03-30,34.2,21.4,28.0,6.2,Lead,Active,Low,Underallocated,81.2
ALC001464,EMP0605,PRJ0136,CLI0003,2026-03-12,2026-06-27,64.3,40.2,52.7,11.6,Developer,Completed,Medium,Underallocated,69.3
ALC001465,EMP0374,PRJ0160,CLI0057,2026-02-11,2026-05-30,144.2,90.1,118.2,26.0,Tester,Completed,Critical,Allocated,76.6
ALC001466,EMP0538,PRJ0142,CLI0026,2026-04-16,2026-07-12,46.9,29.3,38.5,8.4,Tester,Completed,Medium,Underallocated,82.7
ALC001467,EMP0195,PRJ0142,CLI0026,2026-01-04,2026-05-21,141.4,88.4,115.9,25.5,Designer,Active,Critical,Allocated,90.3
ALC001468,EMP0102,PRJ0042,CLI0026,2026-02-01,2026-05-28,161.1,100.7,132.1,29.0,Developer,Active,Medium,Overallocated,94.1
ALC001469,EMP0213,PRJ0123,CLI0039,2026-01-18,2026-06-16,165.9,103.7,136.0,29.9,Developer,On Hold,Medium,Overallocated,88.3
ALC001470,EMP0094,PRJ0065,CLI0003,2026-04-18,2026-06-18,114.7,71.7,94.1,20.6,Lead,Completed,Critical,Allocated,87.8
ALC001471,EMP0643,PRJ0131,CLI0009,2026-01-01,2026-02-13,65.1,40.7,53.4,11.7,Lead,Completed,Low,Underallocated,88.4
ALC001472,EMP0550,PRJ0136,CLI0003,2026-01-04,2026-03-19,75.4,47.1,61.8,13.6,Tester,Completed,Critical,Underallocated,85.2
ALC001473,EMP0767,PRJ0025,CLI0003,2026-03-12,2026-04-06,162.6,101.6,133.3,29.3,Developer,Completed,High,Overallocated,61.6
ALC001474,EMP0238,PRJ0118,CLI0008,2026-01-18,2026-04-20,37.4,23.4,30.7,6.7,Tester,On Hold,Critical,Underallocated,87.4
ALC001475,EMP0840,PRJ0061,CLI0059,2026-05-21,2026-10-14,145.0,90.6,118.9,26.1,Tester,Active,Low,Allocated,62.7
ALC001476,EMP0261,PRJ0115,CLI0050,2026-04-04,2026-08-10,47.7,29.8,39.1,8.6,PM,On Hold,Low,Underallocated,69.0
ALC001477,EMP0298,PRJ0120,CLI0028,2026-05-17,2026-07-27,108.2,67.6,88.7,19.5,Designer,Completed,High,Allocated,78.3
ALC001478,EMP0806,PRJ0166,CLI0028,2026-05-06,2026-07-23,87.0,54.4,71.3,15.7,Designer,Completed,Critical,Underallocated,74.9
ALC001479,EMP0553,PRJ0147,CLI0001,2026-01-12,2026-03-22,94.2,58.9,77.2,17.0,PM,Active,Low,Underallocated,81.3
ALC001480,EMP0602,PRJ0079,CLI0059,2026-05-21,2026-10-13,165.6,103.5,135.8,29.8,Designer,On Hold,Low,Overallocated,60.4
ALC001481,EMP0816,PRJ9999,CLI0044,2026-04-02,2026-08-09,90.4,56.5,74.1,16.3,Developer,Active,Critical,Underallocated,78.8
ALC001482,EMP0304,PRJ0122,CLI0010,2026-01-20,2026-05-22,153.8,96.1,126.1,27.7,Lead,Active,Low,Allocated,60.7
ALC001483,EMP0802,PRJ0108,CLI0055,2026-03-21,2026-08-18,83.2,52.0,68.2,15.0,Analyst,On Hold,Low,Underallocated,65.4
ALC001484,EMP0145,PRJ0127,CLI0026,2026-04-11,2026-08-19,122.6,76.6,100.5,22.1,Analyst,On Hold,Critical,Allocated,77.7
ALC001485,EMP0551,PRJ0117,CLI0006,2026-01-09,2026-03-31,106.9,66.8,87.7,19.2,Support,On Hold,Critical,Allocated,80.6
ALC001486,EMP0307,PRJ0157,CLI0044,2026-01-16,2026-05-24,57.1,35.7,46.8,10.3,Designer,Active,High,Underallocated,76.1
ALC001487,EMP0012,PRJ0094,CLI0008,2026-02-02,2026-05-20,57.9,36.2,47.5,10.4,Support,Active,Critical,Underallocated,84.4
ALC001488,EMP0259,PRJ0024,CLI0041,2026-04-10,2026-09-06,101.4,63.4,83.1,18.3,Designer,On Hold,High,Allocated,88.9
ALC001489,EMP0117,PRJ0168,CLI0016,2026-02-10,2026-06-11,96.3,60.2,79.0,17.3,Developer,On Hold,Low,Allocated,64.3
ALC001490,EMP0125,PRJ0056,CLI0042,2026-02-19,2026-06-01,139.0,86.9,114.0,25.0,PM,Active,High,Allocated,93.3
ALC001491,EMP0363,PRJ0079,CLI0059,2026-05-10,2026-06-29,37.8,23.6,31.0,6.8,Tester,On Hold,Critical,Underallocated,67.5
ALC001492,EMP0306,PRJ0123,CLI0039,2026-02-19,2026-03-24,78.9,49.3,64.7,14.2,Developer,On Hold,Medium,Underallocated,86.5
ALC001493,EMP0429,PRJ0129,CLI0019,2026-01-02,2026-01-31,129.3,80.8,106.0,23.3,Developer,On Hold,Low,Allocated,94.6
ALC001494,EMP0192,PRJ0064,CLI0024,2026-02-08,2026-04-21,102.1,63.8,83.7,18.4,Tester,Active,Critical,Allocated,89.3
ALC001495,EMP0539,PRJ0031,CLI0044,2026-03-09,2026-06-20,53.8,33.6,44.1,9.7,Tester,On Hold,Medium,Underallocated,63.3
ALC001496,EMP0683,PRJ0108,CLI0055,2026-06-13,2026-08-11,126.4,79.0,103.6,22.8,Analyst,Completed,High,Allocated,66.1
ALC001497,EMP0342,PRJ0131,CLI0009,2026-05-04,2026-06-04,145.9,91.2,119.6,26.3,Developer,Active,Low,Allocated,73.8
ALC001498,EMP0129,PRJ0115,CLI0050,2026-02-15,2026-03-27,72.2,45.1,59.2,13.0,Tester,Completed,Low,Underallocated,73.1
ALC001499,EMP0738,PRJ0062,CLI0038,2026-03-03,2026-07-30,150.7,94.2,123.6,27.1,Designer,Completed,High,Allocated,80.8
ALC001500,EMP0549,PRJ0107,CLI0032,2026-01-12,2026-04-27,88.2,55.1,72.3,15.9,Designer,On Hold,Medium,Underallocated,90.8
ALC001501,EMP0441,PRJ0075,CLI0033,2026-02-12,2026-06-04,97.8,61.1,80.2,17.6,PM,Completed,Critical,Allocated,63.9
ALC001502,EMP0307,PRJ0155,CLI0042,2026-02-13,2026-03-10,90.7,56.7,74.4,16.3,Support,Completed,Low,Underallocated,76.3
ALC001503,EMP0557,PRJ0095,CLI0017,2026-06-08,2026-08-11,152.6,95.4,125.1,27.5,Developer,Active,High,Allocated,68.5
ALC001504,EMP0398,,CLI0044,2026-01-20,2026-04-19,105.4,65.9,86.4,19.0,Developer,Completed,Critical,Allocated,85.1
ALC001505,EMP0252,PRJ0171,CLI0001,2026-06-17,2026-09-16,142.9,89.3,117.2,25.7,Lead,Completed,Medium,Allocated,92.9
ALC001506,EMP0171,PRJ0142,CLI0026,2026-03-05,2026-06-13,92.6,57.9,75.9,16.7,Designer,On Hold,High,Underallocated,88.0
ALC001507,EMP0372,PRJ0029,CLI0058,2026-04-11,2026-07-19,126.4,79.0,103.6,22.8,Tester,Completed,Medium,Allocated,67.2
ALC001508,EMP0236,PRJ0055,CLI0015,2026-01-07,2026-05-19,68.5,42.8,56.2,12.3,Tester,Active,Critical,Underallocated,78.4
ALC001509,EMP0505,PRJ0064,CLI0024,2026-02-20,2026-03-22,152.0,95.0,124.6,27.4,Developer,On Hold,Low,Allocated,84.7
ALC001510,EMP0337,PRJ0048,CLI0035,2026-06-14,2026-10-14,99.7,62.3,81.8,17.9,Support,On Hold,Medium,Allocated,81.2
ALC001511,EMP0250,PRJ0091,CLI0026,2026-05-09,2026-09-28,161.9,101.2,132.8,29.1,Analyst,Completed,Critical,Overallocated,79.6
ALC001512,EMP0736,PRJ0125,CLI0019,2026-06-11,2026-07-31,109.9,68.7,90.1,19.8,Designer,On Hold,High,Allocated,84.6
ALC001513,EMP0811,PRJ0114,CLI0043,2026-04-21,2026-09-14,115.8,72.4,95.0,20.8,Lead,On Hold,Critical,Allocated,71.2
ALC001514,EMP0028,PRJ0021,CLI0060,2026-03-07,2026-04-19,203.5,127.2,166.9,36.6,Lead,On Hold,Low,Overallocated,74.9
ALC001515,EMP0806,PRJ0125,CLI0019,2026-01-05,2026-02-28,141.8,88.6,116.3,25.5,PM,Completed,Low,Allocated,69.0
ALC001516,EMP0554,PRJ0111,CLI0043,2026-02-19,2026-06-23,119.8,74.9,98.2,21.6,Developer,On Hold,Medium,Allocated,86.5
ALC001517,EMP0251,PRJ0058,CLI0020,2026-05-11,2026-07-22,63.2,39.5,51.8,11.4,Designer,Completed,Critical,Underallocated,61.9
ALC001518,EMP0481,PRJ0129,CLI0019,2026-04-12,2026-07-16,81.8,51.1,67.1,14.7,Support,Active,Medium,Underallocated,92.6
ALC001519,EMP0709,PRJ0045,CLI0011,2026-03-06,2026-07-03,143.4,89.6,117.6,25.8,Support,On Hold,High,Allocated,77.1
ALC001520,EMP0838,PRJ0150,CLI0003,2026-05-12,2026-08-31,98.7,61.7,80.9,17.8,Support,Completed,High,Allocated,78.5
ALC001521,EMP0018,PRJ0085,CLI0045,2026-03-14,2026-05-11,103.7,64.8,85.0,18.7,Tester,Completed,Low,Allocated,72.3
ALC001522,EMP0846,PRJ0033,CLI0030,2026-02-09,2026-03-12,68.6,42.9,56.3,12.3,PM,Active,High,Underallocated,64.1
ALC001523,EMP0749,PRJ0004,CLI0056,2026-03-08,2026-05-29,128.2,80.1,105.1,23.1,Tester,Active,Low,Allocated,87.8
ALC001524,EMP0228,PRJ0056,CLI0042,2026-02-02,2026-04-08,116.2,72.6,95.3,20.9,Analyst,On Hold,Medium,Allocated,78.6
ALC001525,EMP0212,PRJ0134,CLI0007,2026-03-06,2026-06-27,140.5,87.8,115.2,25.3,Developer,On Hold,High,Allocated,76.6
ALC001526,EMP0132,PRJ0112,CLI0006,2026-03-20,2026-07-23,161.4,100.9,132.3,29.1,Lead,Active,Medium,Overallocated,73.0
ALC001527,EMP0588,PRJ0129,CLI0019,2026-02-07,2026-06-24,129.9,81.2,106.5,23.4,Developer,On Hold,Critical,Allocated,64.5
ALC001528,EMP0339,PRJ0053,CLI0011,2026-01-13,2026-05-17,65.1,40.7,53.4,11.7,Lead,On Hold,Low,Underallocated,94.9
ALC001529,EMP0057,PRJ0073,CLI0016,2026-06-13,2026-10-26,51.5,32.2,42.2,9.3,Tester,Active,Low,Underallocated,68.6
ALC001530,EMP0235,PRJ0110,CLI0054,2026-03-11,2026-08-03,141.3,88.3,115.9,25.4,Analyst,Active,Medium,Allocated,94.3
ALC001531,EMP0406,PRJ0053,CLI0011,2026-04-14,2026-05-11,116.8,73.0,95.8,21.0,Support,On Hold,High,Allocated,93.6
ALC001532,EMP0289,PRJ0162,CLI0012,2026-04-18,2026-07-10,182.1,113.8,149.3,32.8,Analyst,Completed,Low,Overallocated,67.4
ALC001533,EMP0315,PRJ0102,CLI0043,2026-04-06,2026-08-23,113.0,70.6,92.7,20.3,Lead,Active,Critical,Allocated,88.4
ALC001534,EMP0316,PRJ0147,CLI0001,2026-02-16,2026-05-18,42.9,26.8,35.2,7.7,Analyst,Active,Medium,Underallocated,66.2
ALC001535,EMP0271,PRJ0142,CLI0026,2026-06-10,2026-10-26,61.4,38.4,50.3,11.1,Designer,Active,Critical,Underallocated,85.5
ALC001536,EMP0062,PRJ0014,CLI0026,2026-03-09,2026-06-13,81.9,51.2,67.2,14.7,Designer,Active,Low,Underallocated,81.3
ALC001537,EMP0475,PRJ0036,CLI0045,2026-02-03,2026-04-25,181.6,113.5,148.9,32.7,Lead,On Hold,Critical,Overallocated,65.2
ALC001538,EMP0271,PRJ0028,CLI0011,2026-02-21,2026-07-09,158.7,99.2,130.1,28.6,Developer,On Hold,Critical,Allocated,77.7
ALC001539,EMP0720,PRJ0088,CLI0011,2026-01-18,2026-06-10,90.6,56.6,74.3,16.3,Lead,Active,High,Underallocated,77.6
ALC001540,EMP0541,PRJ0067,CLI0015,2026-02-18,2026-04-17,104.3,65.2,85.5,18.8,Lead,Completed,High,Allocated,73.1
ALC001541,EMP0182,PRJ0030,CLI0043,2026-06-13,2026-10-28,57.4,35.9,47.1,10.3,Developer,On Hold,High,Underallocated,68.4
ALC001542,EMP0367,PRJ0044,CLI0043,2026-03-11,2026-06-26,56.2,35.1,46.1,10.1,Analyst,On Hold,Medium,Underallocated,75.4
ALC001543,EMP0212,PRJ0106,CLI0041,2026-04-17,2026-08-06,156.8,98.0,128.6,28.2,PM,Active,Low,Allocated,88.5
ALC001544,EMP0280,PRJ0040,CLI0014,2026-05-14,2026-09-18,149.6,93.5,122.7,26.9,Tester,On Hold,Medium,Allocated,81.8
ALC001545,EMP0670,PRJ0016,CLI0049,2026-01-08,2026-03-11,101.0,63.1,82.8,18.2,Tester,On Hold,Low,Allocated,73.5
ALC001546,EMP0399,PRJ0115,CLI0050,2026-06-16,2026-07-22,185.8,116.1,152.4,33.4,Designer,Completed,High,Overallocated,88.5
ALC001547,EMP0205,PRJ0091,CLI0026,2026-03-16,2026-04-29,129.4,80.9,106.1,23.3,Support,On Hold,Medium,Allocated,81.0
ALC001548,EMP0742,PRJ0007,CLI0040,2026-06-10,2026-09-09,120.5,75.3,98.8,21.7,PM,Completed,High,Allocated,63.0
ALC001549,EMP0210,PRJ0120,CLI0028,2026-06-10,2026-10-10,120.6,75.4,98.9,21.7,Designer,Active,Critical,Allocated,88.4
ALC001550,EMP0213,PRJ0043,CLI0043,2026-05-19,2026-08-14,69.6,43.5,57.1,12.5,Support,Completed,High,Underallocated,90.9
ALC001551,EMP0827,PRJ0115,CLI0050,2026-04-18,2026-07-28,149.8,93.6,122.8,27.0,Developer,Completed,Medium,Allocated,92.2
ALC001552,EMP0531,PRJ0160,CLI0057,2026-05-21,2026-06-10,150.1,93.8,123.1,27.0,Tester,Active,Low,Allocated,83.7
ALC001553,EMP0736,PRJ0175,CLI0054,2026-02-12,2026-03-27,121.6,76.0,99.7,21.9,Support,Completed,Critical,Allocated,73.5
ALC001554,EMP0300,PRJ0156,CLI0002,2026-04-13,2026-09-10,67.2,42.0,55.1,12.1,PM,On Hold,Critical,Underallocated,66.0
ALC001555,EMP0733,PRJ0093,CLI0012,2026-06-01,2026-06-30,155.5,97.2,127.5,28.0,Tester,On Hold,Low,Allocated,64.0
ALC001556,EMP0794,PRJ0120,CLI0028,2026-02-05,2026-07-01,40.0,25.0,32.8,7.2,Support,On Hold,Medium,Underallocated,79.5
ALC001557,EMP0129,PRJ0164,CLI0018,2026-05-18,2026-06-18,81.1,50.7,66.5,14.6,Designer,Active,Medium,Underallocated,71.3
ALC001558,EMP0517,PRJ0158,CLI0059,2026-01-19,2026-05-29,135.2,84.5,110.9,24.3,Developer,Completed,Medium,Allocated,86.3
ALC001559,EMP0402,PRJ0118,CLI0008,2026-02-15,2026-04-28,95.7,59.8,78.5,17.2,Tester,Active,High,Underallocated,83.2
ALC001560,EMP0615,PRJ0130,CLI0056,2026-06-01,2026-08-18,72.5,45.3,59.4,13.0,Support,Completed,High,Underallocated,76.9
ALC001561,EMP0816,PRJ0084,CLI0016,2026-02-20,2026-04-28,167.4,104.6,137.3,30.1,Tester,Completed,Low,Overallocated,86.5
ALC001562,EMP0499,PRJ0170,CLI0032,2026-02-16,2026-03-10,157.3,98.3,129.0,28.3,PM,On Hold,Medium,Allocated,77.4
ALC001563,EMP0431,PRJ0055,CLI0015,2026-01-19,2026-03-11,154.7,96.7,126.9,27.8,PM,Active,High,Allocated,64.0
ALC001564,EMP0198,PRJ0161,CLI0056,2026-03-06,2026-07-20,125.3,78.3,102.7,22.6,PM,On Hold,High,Allocated,62.3
ALC001565,EMP0800,PRJ0120,CLI0028,2026-02-01,2026-05-03,113.4,70.9,93.0,20.4,Lead,Completed,Medium,Allocated,81.6
ALC001566,EMP0152,PRJ0050,CLI0039,2026-06-03,2026-10-11,,145.0,148.7,32.7,Designer,Completed,Low,Overallocated,92.6
ALC001567,EMP0457,PRJ0167,CLI0027,2026-02-08,2026-03-20,169.4,105.9,138.9,30.5,Tester,On Hold,Critical,Overallocated,63.3
ALC001568,EMP0839,PRJ0127,CLI0026,2026-04-20,2026-09-17,108.6,67.9,89.1,19.5,PM,Active,Medium,Allocated,71.2
ALC001569,EMP0294,PRJ0157,CLI0044,2026-03-09,2026-07-05,220.5,137.8,180.8,39.7,Lead,On Hold,Medium,Overallocated,69.6
ALC001570,EMP0658,PRJ0163,CLI0044,2026-04-17,2026-09-07,107.0,66.9,87.7,19.3,PM,Active,Critical,Allocated,70.4
ALC001571,EMP0442,PRJ0120,CLI0028,2026-03-21,2026-04-15,127.4,79.6,104.5,22.9,Analyst,On Hold,Low,Allocated,70.0
ALC001572,EMP0159,PRJ0072,CLI0030,2026-03-16,2026-08-13,167.7,104.8,137.5,30.2,PM,Active,Critical,Overallocated,63.3
ALC001573,EMP0134,PRJ0147,CLI0001,2026-04-08,2026-05-03,126.9,79.3,104.1,22.8,Developer,Active,Low,Allocated,91.9
ALC001574,EMP0439,PRJ0160,CLI0057,2026-04-07,2026-07-17,101.4,63.4,83.1,18.3,Designer,On Hold,Low,Allocated,69.8
ALC001575,EMP0426,PRJ0148,CLI0035,2026-04-08,2026-07-14,127.2,79.5,104.3,22.9,Lead,Active,Low,Allocated,91.6
ALC001576,EMP0717,PRJ0036,CLI0045,2026-06-07,2026-09-19,111.8,69.9,91.7,20.1,Developer,On Hold,High,Allocated,94.8
ALC001577,EMP0152,PRJ0118,CLI0008,2026-06-04,2026-09-24,26.7,16.7,21.9,4.8,Tester,Active,High,Underallocated,92.8
ALC001578,EMP0199,PRJ0169,CLI0060,2026-04-16,2026-07-06,152.2,95.1,124.8,27.4,Designer,Active,Critical,Allocated,78.3
ALC001579,EMP0606,PRJ0019,CLI0054,2026-06-08,2026-07-23,87.0,54.4,71.3,15.7,Developer,Active,Medium,Underallocated,69.9
ALC001580,EMP0403,PRJ0179,CLI0012,2026-05-17,2026-08-19,65.9,41.2,54.0,11.9,PM,On Hold,Low,Underallocated,83.4
ALC001581,EMP0773,PRJ0064,CLI0024,2026-03-06,2026-06-10,160.2,100.1,131.4,28.8,PM,Active,High,Overallocated,60.8
ALC001582,EMP0791,PRJ0078,CLI0031,2026-06-16,2026-08-09,127.2,79.5,104.3,22.9,Designer,Completed,High,Allocated,91.4
ALC001583,EMP0200,PRJ0064,CLI0024,2026-03-02,2026-03-27,139.2,87.0,114.1,25.1,Lead,Completed,Critical,Allocated,60.0
ALC001584,EMP0023,PRJ0001,CLI0057,2026-05-06,2026-09-07,106.9,66.8,87.7,19.2,Tester,On Hold,Medium,Allocated,78.6
ALC001585,EMP0644,PRJ0023,CLI0035,2026-05-13,2026-10-10,121.0,75.6,99.2,21.8,Lead,Active,Medium,Allocated,71.5
ALC001586,EMP0159,PRJ0124,CLI0045,2026-01-01,2026-02-21,100.0,62.5,82.0,18.0,Analyst,Active,High,Allocated,89.1
ALC001587,EMP0317,PRJ0102,CLI0043,2026-06-06,2026-08-24,77.6,48.5,63.6,14.0,Lead,On Hold,Medium,Underallocated,88.1
ALC001588,EMP0023,PRJ0096,CLI0056,2026-03-06,2026-07-26,139.4,87.1,114.3,25.1,Lead,Active,Critical,Allocated,82.3
ALC001589,EMP0204,PRJ0078,CLI0031,2026-04-09,2026-07-26,121.4,75.9,99.5,21.9,Tester,Active,Low,Allocated,72.2
ALC001590,EMP0508,PRJ0121,CLI0015,2026-05-13,2026-09-03,180.8,113.0,148.3,32.5,Analyst,Active,Medium,Overallocated,80.1
ALC001591,EMP0795,PRJ0138,CLI0018,2026-04-05,2026-05-16,22.6,14.1,18.5,4.1,Tester,Completed,High,Underallocated,65.6
ALC001592,EMP0471,PRJ0064,CLI0024,2026-02-20,2026-03-28,159.2,99.5,130.5,28.7,Lead,Active,Critical,Allocated,94.0
ALC001593,EMP0098,PRJ0047,CLI0018,2026-02-10,2026-03-05,96.5,60.3,79.1,17.4,PM,Completed,Low,Allocated,66.7
ALC001594,EMP0643,PRJ0122,CLI0010,2026-03-19,2026-05-01,92.6,57.9,75.9,16.7,Tester,Completed,Critical,Underallocated,89.6
ALC001595,EMP0233,PRJ0092,CLI0007,2026-06-18,2026-09-11,135.4,84.6,111.0,24.4,Tester,Completed,High,Allocated,78.7
ALC001596,EMP0073,PRJ0176,CLI0014,2026-02-02,2026-06-28,76.5,47.8,62.7,13.8,PM,Completed,High,Underallocated,77.4
ALC001597,EMP0203,PRJ0058,CLI0020,2026-04-08,2026-07-07,94.1,58.8,77.2,16.9,Support,On Hold,Low,Underallocated,73.7
ALC001598,EMP0521,,CLI0043,2026-03-18,2026-07-18,135.8,84.9,111.4,24.4,PM,On Hold,High,Allocated,92.2
ALC001599,EMP0358,PRJ0003,CLI0041,2026-02-16,2026-06-17,90.6,56.6,74.3,16.3,Support,Completed,Medium,Underallocated,92.8
ALC001600,EMP0753,PRJ0012,CLI0020,2026-01-03,2026-02-03,83.8,52.4,68.7,15.1,Analyst,On Hold,Critical,Underallocated,86.1
ALC001601,EMP0373,PRJ0125,CLI0019,2026-04-04,2026-06-20,83.7,52.3,68.6,15.1,Lead,Active,Medium,Underallocated,83.5
ALC001602,EMP0413,PRJ0078,CLI0031,2026-06-09,2026-08-17,126.1,78.8,103.4,22.7,Tester,Active,Critical,Allocated,63.5
ALC001603,EMP0402,PRJ0024,CLI0041,2026-05-03,2026-09-04,63.8,39.9,52.3,11.5,Tester,On Hold,Critical,Underallocated,66.8
ALC001604,EMP0509,PRJ0079,CLI0059,2026-06-20,2026-10-17,142.2,,116.6,25.6,Analyst,Active,Critical,Allocated,63.1
ALC001605,EMP0746,PRJ0105,CLI0056,2026-04-10,2026-08-09,196.6,122.9,161.2,35.4,Tester,Completed,Critical,Overallocated,94.4
ALC001606,EMP0418,PRJ0095,CLI0017,2026-06-03,2026-09-18,112.2,70.1,92.0,20.2,Developer,Active,Critical,Allocated,63.5
ALC001607,EMP0019,PRJ0018,CLI0024,2026-01-20,2026-06-12,129.4,80.9,106.1,23.3,Support,On Hold,Critical,Allocated,73.4
ALC001608,EMP0032,,CLI0017,2026-03-16,2026-04-08,122.6,76.6,100.5,22.1,Lead,On Hold,High,Allocated,69.7
ALC001609,EMP0007,PRJ0115,CLI0050,2026-06-03,2026-10-15,74.7,46.7,61.3,13.4,Developer,Completed,Low,Underallocated,94.5
ALC001610,EMP0762,PRJ0063,CLI0016,2026-04-11,2026-05-04,124.6,,102.2,22.4,Analyst,Active,Medium,Allocated,60.5
ALC001611,EMP0467,PRJ0079,CLI0059,2026-03-19,2026-06-02,121.0,75.6,99.2,21.8,Lead,Completed,Low,Allocated,60.1
ALC001612,EMP0040,PRJ0038,CLI0059,2026-06-19,2026-10-22,182.9,114.3,150.0,32.9,Tester,Completed,High,Overallocated,87.6
ALC001613,EMP0187,PRJ0062,CLI0038,2026-05-12,2026-08-28,121.9,76.2,100.0,21.9,Support,Completed,Low,Allocated,91.2
ALC001614,EMP0147,PRJ0171,CLI0001,2026-02-12,2026-05-05,161.6,101.0,132.5,29.1,Lead,On Hold,Medium,Overallocated,81.5
ALC001615,EMP0841,PRJ0129,CLI0019,2026-01-17,2026-04-30,129.1,80.7,105.9,23.2,Support,Completed,High,Allocated,87.4
ALC001616,EMP0156,PRJ0040,CLI0014,2026-04-17,2026-09-05,91.7,57.3,75.2,16.5,Lead,Active,High,Underallocated,74.8
ALC001617,EMP0840,PRJ0129,CLI0019,2026-02-16,2026-04-25,64.6,40.4,53.0,11.6,Designer,On Hold,High,Underallocated,65.0
ALC001618,EMP0786,PRJ0005,CLI0011,2026-01-20,2026-05-23,124.3,77.7,101.9,22.4,Support,Active,High,Allocated,65.6
ALC001619,EMP0308,PRJ0112,CLI0006,2026-02-17,2026-03-26,142.4,89.0,116.8,25.6,PM,On Hold,Critical,Allocated,87.9
ALC001620,EMP0460,PRJ0130,CLI0056,2026-04-17,2026-06-14,108.5,67.8,89.0,19.5,Analyst,Active,Low,Allocated,65.4
ALC001621,EMP0002,PRJ0159,CLI0025,2026-02-20,2026-05-12,86.7,54.2,71.1,15.6,Tester,On Hold,High,Underallocated,83.9
ALC001622,EMP0167,PRJ0151,CLI0036,2026-05-02,2026-07-12,168.3,105.2,138.0,30.3,Analyst,On Hold,High,Overallocated,61.1
ALC001623,EMP0159,PRJ0127,CLI0026,2026-03-15,2026-06-30,94.4,59.0,77.4,17.0,PM,On Hold,Medium,Underallocated,74.1
ALC001624,EMP0616,PRJ0131,CLI0009,2026-04-05,2026-04-27,65.9,41.2,54.0,11.9,Analyst,On Hold,High,Underallocated,86.1
ALC001625,EMP0348,PRJ0022,CLI0037,2026-03-14,2026-07-07,109.4,68.4,89.7,19.7,Analyst,Active,High,Allocated,86.4
ALC001626,EMP0082,PRJ0125,CLI0019,2026-05-06,2026-09-19,115.0,71.9,94.3,20.7,Developer,Active,Low,Allocated,63.1
ALC001627,EMP0255,PRJ0071,CLI0036,2026-03-20,2026-04-26,82.6,51.6,67.7,14.9,Support,Active,Low,Underallocated,82.4
ALC001628,EMP0366,PRJ0111,CLI0043,2026-01-07,2026-05-15,108.3,67.7,88.8,19.5,Tester,Completed,Low,Allocated,89.4
ALC001629,EMP0076,PRJ0032,CLI0053,2026-05-16,2026-10-11,44.2,27.6,36.2,8.0,Analyst,Active,Medium,Underallocated,63.3
ALC001630,EMP0115,PRJ0140,CLI0018,2026-03-21,2026-06-30,129.0,80.6,105.8,23.2,Tester,Active,Low,Allocated,89.7
ALC001631,EMP0513,PRJ0029,CLI0058,2026-03-03,2026-06-30,70.1,43.8,57.5,12.6,Designer,On Hold,Medium,Underallocated,79.2
ALC001632,EMP0751,PRJ0148,CLI0035,2026-02-07,2026-06-22,96.8,60.5,79.4,17.4,PM,Active,High,Allocated,90.0
ALC001633,EMP0430,PRJ0153,CLI0030,2026-05-04,2026-06-28,85.0,53.1,69.7,15.3,Designer,On Hold,Low,Underallocated,76.2
ALC001634,EMP0165,PRJ0065,CLI0003,2026-03-20,2026-07-16,168.0,105.0,137.8,30.2,Lead,Completed,High,Overallocated,89.6
ALC001635,EMP0363,PRJ0006,CLI0019,2026-05-20,2026-08-30,99.8,62.4,81.8,18.0,Designer,On Hold,Critical,Allocated,93.6
ALC001636,EMP0767,PRJ0172,CLI0044,2026-02-11,2026-03-28,78.2,48.9,64.1,14.1,Support,On Hold,Medium,Underallocated,78.6
ALC001637,EMP0747,PRJ0001,CLI0057,2026-02-19,2026-06-02,195.7,122.3,160.5,35.2,Analyst,Completed,High,Overallocated,87.3
ALC001638,EMP0486,PRJ0125,CLI0019,2026-01-12,2026-04-11,183.8,114.9,150.7,33.1,PM,On Hold,High,Overallocated,71.8
ALC001639,EMP0566,PRJ0131,CLI0009,2026-06-01,2026-08-14,145.4,90.9,119.2,26.2,Tester,Active,Low,Allocated,94.2
ALC001640,EMP0050,PRJ0157,CLI0044,2026-03-21,2026-07-31,134.6,84.1,110.4,24.2,PM,Active,Critical,Allocated,77.6
ALC001641,EMP0659,PRJ0175,CLI0054,2026-05-13,2026-10-04,77.4,48.4,63.5,13.9,Tester,Completed,Low,Underallocated,95.0
ALC001642,EMP0313,,CLI0039,2026-01-04,2026-04-01,155.5,97.2,127.5,28.0,PM,Completed,Medium,Allocated,74.9
ALC001643,EMP0523,PRJ0022,CLI0037,2026-06-17,2026-07-08,126.6,79.1,103.8,22.8,Designer,On Hold,Low,Allocated,84.3
ALC001644,EMP0486,PRJ0132,CLI0013,2026-04-06,2026-07-23,86.6,54.1,71.0,15.6,PM,On Hold,High,Underallocated,86.2
ALC001645,EMP0552,PRJ0146,CLI0006,2026-04-15,2026-06-10,117.6,73.5,96.4,21.2,Support,Completed,Medium,Allocated,65.9
ALC001646,EMP0595,PRJ0019,CLI0054,2026-03-18,2026-05-30,93.4,58.4,76.6,16.8,Tester,Completed,High,Underallocated,73.1
ALC001647,EMP0490,PRJ0096,CLI0056,2026-03-01,2026-06-22,51.0,31.9,41.8,9.2,Support,Active,Low,Underallocated,93.8
ALC001648,EMP0177,,CLI0035,2026-01-16,2026-05-10,166.6,104.1,136.6,30.0,Support,Completed,Medium,Overallocated,69.7
ALC001649,EMP0747,PRJ0155,CLI0042,2026-05-04,2026-05-30,39.5,24.7,32.4,7.1,Analyst,Active,High,Underallocated,65.0
ALC001650,EMP0359,PRJ0096,CLI0056,2026-04-04,2026-05-17,198.2,123.9,162.5,35.7,Support,Completed,High,Overallocated,63.3
ALC001651,EMP0143,PRJ0090,CLI0041,2026-06-11,2026-07-19,103.5,64.7,84.9,18.6,Designer,On Hold,High,Allocated,71.9
ALC001652,EMP0669,PRJ0031,CLI0044,2026-04-11,2026-06-11,130.1,81.3,106.7,23.4,Tester,Completed,Medium,Allocated,93.3
ALC001653,EMP0037,PRJ0167,CLI0027,2026-02-13,2026-07-02,133.4,83.4,109.4,24.0,Lead,Active,High,Allocated,79.7
ALC001654,EMP0775,PRJ0111,CLI0043,2026-04-10,2026-07-07,72.5,45.3,59.4,13.0,Analyst,Completed,Low,Underallocated,82.8
ALC001655,EMP0431,PRJ0038,CLI0059,2026-06-21,2026-09-20,103.5,64.7,84.9,18.6,Analyst,Active,Medium,Allocated,60.1
ALC001656,EMP0819,PRJ0140,CLI0018,2026-04-21,2026-09-13,108.0,67.5,88.6,19.4,Support,Active,Critical,Allocated,85.1
ALC001657,EMP0741,PRJ0134,CLI0007,2026-01-05,2026-02-19,87.8,54.9,72.0,15.8,Lead,Completed,Low,Underallocated,79.3
ALC001658,EMP0020,PRJ0153,CLI0030,2026-04-04,2026-06-28,153.4,95.9,125.8,27.6,Analyst,Completed,Critical,Allocated,91.2
ALC001659,EMP0459,PRJ0130,CLI0056,2026-06-13,2026-08-03,63.7,39.8,52.2,11.5,Tester,Completed,Low,Underallocated,87.8
ALC001660,EMP0181,PRJ0067,CLI0015,2026-01-18,2026-04-24,120.0,75.0,98.4,21.6,Developer,Completed,Medium,Allocated,94.7
ALC001661,EMP0197,PRJ0075,CLI0033,2026-05-15,2026-10-04,43.5,27.2,35.7,7.8,Developer,Active,Critical,Underallocated,83.7
ALC001662,EMP0192,PRJ0123,CLI0039,2026-06-07,2026-09-27,121.6,76.0,99.7,21.9,Designer,Completed,Low,Allocated,72.7
ALC001663,EMP0493,PRJ0125,CLI0019,2026-04-15,2026-09-10,,74.2,97.3,21.4,Analyst,On Hold,Low,Allocated,63.5
ALC001664,EMP0738,PRJ0041,CLI0044,2026-03-05,2026-04-17,188.3,117.7,154.4,33.9,Tester,Completed,Low,Overallocated,76.6
ALC001665,EMP0284,PRJ0145,CLI0003,2026-01-21,2026-04-06,87.4,54.6,71.7,15.7,Developer,Active,Critical,Underallocated,71.8
ALC001666,EMP0012,PRJ0164,CLI0018,2026-01-21,2026-04-12,105.3,65.8,86.3,19.0,Designer,Active,Medium,Allocated,90.2
ALC001667,EMP0439,PRJ0094,CLI0008,2026-04-06,2026-08-27,102.4,64.0,84.0,18.4,Support,On Hold,Medium,Allocated,86.5
ALC001668,EMP0378,PRJ0081,CLI0038,2026-06-15,2026-10-22,179.2,145.0,146.9,32.3,Support,On Hold,Low,Overallocated,76.5
ALC001669,EMP0379,PRJ0115,CLI0050,2026-02-10,2026-03-19,89.0,55.6,73.0,16.0,Designer,Active,Critical,Underallocated,61.9
ALC001670,EMP0492,PRJ0054,CLI0021,2026-01-11,2026-04-10,121.0,75.6,99.2,21.8,Designer,On Hold,Critical,Allocated,61.2
ALC001671,EMP0538,PRJ0053,CLI0011,2026-05-01,2026-06-03,100.3,62.7,82.2,18.1,Analyst,Active,Critical,Allocated,76.5
ALC001672,EMP0550,PRJ0068,CLI0059,2026-01-17,2026-03-25,105.9,66.2,86.8,19.1,Support,On Hold,Critical,Allocated,72.5
ALC001673,EMP0123,PRJ0069,CLI0021,2026-04-04,2026-05-28,112.5,70.3,92.2,20.2,Lead,On Hold,Medium,Allocated,61.0
ALC001674,EMP0249,PRJ0055,CLI0015,2026-01-03,2026-02-16,156.0,97.5,127.9,28.1,Support,On Hold,Medium,Allocated,68.4
ALC001675,EMP0770,PRJ0092,CLI0007,2026-03-17,2026-06-04,170.1,106.3,139.5,30.6,PM,Completed,High,Overallocated,61.8
ALC001676,EMP0725,PRJ0090,CLI0041,2026-02-07,2026-03-01,56.5,35.3,46.3,10.2,Lead,On Hold,Medium,Underallocated,75.9
ALC001677,EMP0244,PRJ0071,CLI0036,2026-05-18,2026-09-26,143.2,89.5,117.4,25.8,Tester,Active,Low,Allocated,77.8
ALC001678,EMP0534,PRJ0140,CLI0018,2026-03-18,2026-07-30,162.2,101.4,133.0,29.2,Support,Completed,Low,Overallocated,69.8
ALC001679,EMP0626,PRJ0086,CLI0017,2026-05-13,2026-09-03,125.6,78.5,103.0,22.6,Developer,Active,Medium,Allocated,88.4
ALC001680,EMP0315,PRJ0056,CLI0042,2026-04-11,2026-05-04,159.4,99.6,130.7,28.7,Lead,Active,Medium,Allocated,66.9
ALC001681,EMP0454,PRJ0025,CLI0003,2026-06-09,2026-09-04,62.1,38.8,50.9,11.2,Developer,On Hold,Medium,Underallocated,81.8
ALC001682,EMP0462,PRJ0108,CLI0055,2026-01-20,2026-02-20,132.3,82.7,108.5,23.8,Designer,Active,High,Allocated,74.2
ALC001683,EMP0395,PRJ0042,CLI0026,2026-04-18,2026-08-10,161.9,101.2,132.8,29.1,PM,Completed,Critical,Overallocated,79.6
ALC001684,EMP0182,PRJ0142,CLI0026,2026-02-16,2026-03-17,86.7,54.2,71.1,15.6,Support,Completed,Critical,Underallocated,89.8
ALC001685,EMP0837,PRJ0069,CLI0021,2026-02-05,2026-03-01,60.5,37.8,49.6,10.9,Lead,Completed,Low,Underallocated,64.6
ALC001686,EMP0462,PRJ0107,CLI0032,2026-04-04,2026-05-23,157.6,98.5,129.2,28.4,PM,On Hold,Low,Allocated,69.6
ALC001687,EMP0635,PRJ0133,CLI0044,2026-02-20,2026-05-24,95.0,59.4,77.9,17.1,Lead,On Hold,Critical,Underallocated,93.9
ALC001688,EMP0105,PRJ0126,CLI0060,2026-04-08,2026-08-29,88.8,55.5,72.8,16.0,Support,Completed,Medium,Underallocated,67.7
ALC001689,EMP0100,PRJ0054,CLI0021,2026-01-20,2026-03-16,36.8,23.0,30.2,6.6,Support,Completed,Low,Underallocated,89.5
ALC001690,EMP0235,PRJ0116,CLI0042,2026-03-09,2026-05-25,91.5,57.2,75.0,16.5,Developer,On Hold,Low,Underallocated,65.7
ALC001691,EMP0204,PRJ0046,CLI0048,2026-02-14,2026-06-07,84.0,52.5,68.9,15.1,Developer,Active,Critical,Underallocated,60.8
ALC001692,EMP0471,PRJ0078,CLI0031,2026-01-20,2026-03-09,39.8,24.9,32.6,7.2,Tester,On Hold,Medium,Underallocated,89.4
ALC001693,EMP0387,PRJ0143,CLI0032,2026-03-09,2026-05-31,88.6,55.4,72.7,15.9,Tester,On Hold,High,Underallocated,80.9
ALC001694,EMP0148,PRJ0008,CLI0052,2026-02-07,2026-05-28,159.4,99.6,130.7,28.7,Support,Active,Critical,Allocated,83.9
ALC001695,EMP0659,PRJ0010,CLI0035,2026-05-16,2026-07-10,125.8,78.6,103.2,22.6,Tester,On Hold,Low,Allocated,86.6
ALC001696,EMP0617,PRJ0147,CLI0001,2026-05-17,2026-07-18,46.6,29.1,38.2,8.4,Support,Completed,High,Underallocated,64.5
ALC001697,EMP0792,PRJ0178,CLI0030,2026-02-04,2026-06-13,127.5,79.7,104.5,22.9,PM,On Hold,High,Allocated,65.9
ALC001698,EMP0719,PRJ0083,CLI0032,2026-06-17,2026-07-27,141.1,88.2,115.7,25.4,Developer,On Hold,Low,Allocated,72.1
ALC001699,EMP0746,PRJ0155,CLI0042,2026-04-09,2026-09-03,116.2,72.6,95.3,20.9,Tester,Active,Critical,Allocated,89.2
ALC001700,EMP0047,PRJ0080,CLI0026,2026-06-19,2026-08-28,110.6,69.1,90.7,19.9,Support,Active,High,Allocated,81.7
ALC001701,EMP0097,PRJ0051,CLI0059,2026-03-17,2026-06-27,80.3,50.2,65.8,14.5,Developer,On Hold,Low,Underallocated,60.0
ALC001702,EMP0076,PRJ0111,CLI0043,2026-06-02,2026-07-22,128.8,80.5,105.6,23.2,Designer,Active,High,Allocated,93.3
ALC001703,EMP0573,PRJ0130,CLI0056,2026-01-16,2026-06-06,135.4,84.6,111.0,24.4,Designer,Completed,High,Allocated,86.8
ALC001704,EMP0504,PRJ0048,CLI0035,2026-03-06,2026-07-02,123.2,77.0,101.0,22.2,PM,On Hold,Medium,Allocated,87.3
ALC001705,EMP0557,PRJ0176,CLI0014,2026-03-05,2026-05-13,181.8,113.6,149.1,32.7,Lead,Completed,Low,Overallocated,61.0
ALC001706,EMP0599,PRJ0026,CLI0019,2026-06-19,2026-07-29,103.8,64.9,85.1,18.7,PM,Completed,Medium,Allocated,61.9
ALC001707,EMP0651,PRJ0074,CLI0006,2026-05-08,2026-09-05,59.8,145.0,49.0,10.8,PM,On Hold,Low,Underallocated,70.1
ALC001708,EMP0847,PRJ0034,CLI0045,2026-06-20,2026-10-23,179.0,111.9,146.8,32.2,Designer,On Hold,Low,Overallocated,87.6
ALC001709,EMP0002,PRJ0055,CLI0015,2026-06-19,2026-11-03,36.5,22.8,29.9,6.6,Support,Active,Low,Underallocated,77.9
ALC001710,EMP0486,PRJ0047,CLI0018,2026-02-07,2026-04-13,96.0,60.0,78.7,17.3,Developer,Active,High,Allocated,80.0
ALC001711,EMP0427,PRJ0065,CLI0003,2026-03-08,2026-08-01,75.2,47.0,61.7,13.5,Designer,Active,Low,Underallocated,71.3
ALC001712,EMP0632,PRJ0070,CLI0013,2026-01-14,2026-04-01,108.0,67.5,88.6,19.4,Developer,On Hold,Critical,Allocated,68.7
ALC001713,EMP0334,PRJ0112,CLI0006,2026-01-01,2026-02-24,106.6,66.6,87.4,19.2,PM,On Hold,Critical,Allocated,85.5
ALC001714,EMP0071,PRJ0077,CLI0025,2026-06-10,2026-08-08,73.8,46.1,60.5,13.3,PM,On Hold,Critical,Underallocated,85.2
ALC001715,EMP0326,PRJ0123,CLI0039,2026-06-14,2026-07-15,154.7,96.7,126.9,27.8,Lead,On Hold,High,Allocated,78.4
ALC001716,EMP0279,PRJ0038,CLI0059,2026-05-02,2026-06-20,106.6,66.6,87.4,19.2,Analyst,Active,High,Allocated,63.6
ALC001717,EMP0262,PRJ0004,CLI0056,2026-05-08,2026-09-15,160.8,100.5,131.9,28.9,Designer,Completed,Critical,Overallocated,88.2
ALC001718,EMP0151,PRJ0084,CLI0016,2026-05-14,2026-06-05,65.3,40.8,53.5,11.8,Developer,Active,Critical,Underallocated,86.9
ALC001719,EMP0046,PRJ0098,CLI0044,2026-03-08,2026-07-11,68.8,43.0,56.4,12.4,Designer,On Hold,High,Underallocated,79.4
ALC001720,EMP0546,PRJ0131,CLI0009,2026-01-18,2026-03-18,67.7,42.3,55.5,12.2,Lead,Completed,High,Underallocated,63.7
ALC001721,EMP0378,PRJ0123,CLI0039,2026-04-06,2026-06-12,132.8,83.0,108.9,23.9,Lead,On Hold,Medium,Allocated,80.0
ALC001722,EMP0567,PRJ0161,CLI0056,2026-06-08,2026-07-30,181.9,113.7,149.2,32.7,Designer,Active,Critical,Overallocated,88.9
ALC001723,EMP0195,PRJ0019,CLI0054,2026-06-20,2026-07-19,99.8,62.4,81.8,18.0,Tester,Active,Critical,Allocated,76.7
ALC001724,EMP0651,PRJ0124,CLI0045,2026-03-18,2026-04-16,19.5,12.2,16.0,3.5,Tester,On Hold,Critical,Underallocated,89.9
ALC001725,EMP0518,PRJ0016,CLI0049,2026-05-16,2026-09-16,131.0,,107.4,23.6,Designer,Completed,Low,Allocated,65.3
ALC001726,EMP0747,PRJ0063,CLI0016,2026-01-17,2026-03-28,138.6,86.6,113.7,24.9,Designer,On Hold,High,Allocated,86.8
ALC001727,EMP0519,PRJ0015,CLI0015,2026-01-07,2026-03-09,70.6,44.1,57.9,12.7,Support,Active,Critical,Underallocated,69.9
ALC001728,EMP0564,PRJ0141,CLI0028,2026-02-04,2026-03-09,134.6,84.1,110.4,24.2,Lead,Active,High,Allocated,60.6
ALC001729,EMP0764,PRJ0042,CLI0026,2026-01-08,2026-03-01,144.5,90.3,118.5,26.0,Lead,On Hold,Critical,Allocated,93.7
ALC001730,EMP0505,PRJ0167,CLI0027,2026-01-02,2026-05-13,30.1,18.8,24.7,5.4,Tester,On Hold,Critical,Underallocated,64.6
ALC001731,EMP0837,PRJ0049,CLI0043,2026-04-14,2026-07-09,156.6,97.9,128.4,28.2,Developer,On Hold,Critical,Allocated,65.4
ALC001732,EMP0342,PRJ0076,CLI0055,2026-04-04,2026-04-24,159.2,99.5,130.5,28.7,Analyst,Active,Medium,Allocated,61.9
ALC001733,EMP0784,PRJ0051,CLI0059,2026-04-12,2026-08-23,99.7,62.3,81.8,17.9,Developer,Completed,Critical,Allocated,83.8
ALC001734,EMP0413,PRJ0053,CLI0011,2026-03-19,2026-07-05,137.8,86.1,113.0,24.8,Designer,On Hold,Critical,Allocated,60.7
ALC001735,EMP0061,PRJ0004,CLI0056,2026-06-15,2026-08-02,191.0,119.4,156.6,34.4,Lead,Completed,Medium,Overallocated,92.0
ALC001736,EMP0581,PRJ0176,CLI0014,2026-01-18,2026-05-17,85.8,53.6,70.4,15.4,Designer,Completed,High,Underallocated,66.5
ALC001737,EMP0105,PRJ0111,CLI0043,2026-06-12,2026-10-07,158.4,99.0,129.9,28.5,Designer,Completed,Low,Allocated,86.2
ALC001738,EMP0167,PRJ0006,CLI0019,2026-01-19,2026-06-08,121.8,76.1,99.9,21.9,Developer,Active,Low,Allocated,87.1
ALC001739,EMP0567,PRJ0053,CLI0011,2026-02-14,2026-05-27,66.4,41.5,54.4,12.0,PM,On Hold,High,Underallocated,71.7
ALC001740,EMP0246,PRJ0128,CLI0044,2026-02-10,2026-04-28,39.2,24.5,32.1,7.1,Lead,On Hold,High,Underallocated,95.0
ALC001741,EMP0150,PRJ0092,CLI0007,2026-06-17,2026-07-27,140.8,88.0,115.5,25.3,PM,Active,Critical,Allocated,92.4
ALC001742,EMP0372,PRJ0136,CLI0003,2026-02-10,2026-06-20,59.7,37.3,49.0,10.7,Tester,Active,Medium,Underallocated,72.5
ALC001743,EMP0206,PRJ0141,CLI0028,2026-01-03,2026-02-27,150.7,,123.6,27.1,Tester,On Hold,Medium,Allocated,64.1
ALC001744,EMP0287,PRJ0160,CLI0057,2026-04-20,2026-09-04,24.6,15.4,20.2,4.4,Developer,On Hold,Low,Underallocated,67.7
ALC001745,EMP0075,PRJ0143,CLI0032,2026-06-10,2026-07-19,117.9,73.7,96.7,21.2,Designer,On Hold,Low,Allocated,71.3
ALC001746,EMP0085,PRJ0110,CLI0054,2026-01-11,2026-04-27,99.2,62.0,81.3,17.9,Analyst,Active,Low,Allocated,89.2
ALC001747,EMP0495,PRJ0008,CLI0052,2026-02-19,2026-05-14,179.0,111.9,146.8,32.2,Analyst,Active,Critical,Overallocated,68.5
ALC001748,EMP0348,PRJ0108,CLI0055,2026-03-06,2026-07-08,121.0,75.6,99.2,21.8,PM,On Hold,Critical,Allocated,85.4
ALC001749,EMP0177,PRJ0137,CLI0012,2026-01-02,2026-03-31,136.5,85.3,111.9,24.6,Support,Active,Critical,Allocated,79.5
ALC001750,EMP0756,PRJ0150,CLI0003,2026-01-05,2026-03-14,,59.2,77.7,17.0,Designer,Active,Critical,Underallocated,70.4
ALC001751,EMP0020,PRJ0180,CLI0006,2026-01-01,2026-03-20,104.8,65.5,85.9,18.9,PM,On Hold,High,Allocated,66.3
ALC001752,EMP0604,PRJ0027,CLI0004,2026-04-10,2026-08-10,154.1,96.3,126.4,27.7,Support,Completed,Low,Allocated,88.4
ALC001753,EMP0445,PRJ0006,CLI0019,2026-04-07,2026-06-21,112.6,70.4,92.3,20.3,Tester,On Hold,Medium,Allocated,60.8
ALC001754,EMP0626,PRJ0160,CLI0057,2026-04-10,2026-05-17,75.2,47.0,61.7,13.5,PM,Active,Low,Underallocated,91.1
ALC001755,EMP0015,PRJ0033,CLI0030,2026-01-08,2026-05-06,157.6,98.5,129.2,28.4,Tester,On Hold,Medium,Allocated,93.4
ALC001756,EMP0772,PRJ0063,CLI0016,2026-03-02,2026-04-02,179.4,112.1,147.1,32.3,PM,Completed,Low,Overallocated,69.4
ALC001757,EMP0033,PRJ0178,CLI0030,2026-01-12,2026-02-11,172.2,107.6,141.2,31.0,Developer,On Hold,High,Overallocated,63.6
ALC001758,EMP0689,PRJ0167,CLI0027,2026-01-20,2026-04-17,163.7,102.3,134.2,29.5,Developer,Completed,Low,Overallocated,92.5
ALC001759,EMP0486,PRJ0011,CLI0024,2026-05-13,2026-08-07,,62.9,82.5,18.1,Analyst,Active,Critical,Allocated,65.1
ALC001760,EMP0757,PRJ0131,CLI0009,2026-03-16,2026-06-13,72.8,45.5,59.7,13.1,Designer,Completed,Medium,Underallocated,61.0
ALC001761,EMP0255,PRJ0006,CLI0019,2026-06-08,2026-08-03,64.5,40.3,52.9,11.6,Developer,Active,Low,Underallocated,63.6
ALC001762,EMP0396,PRJ0075,CLI0033,2026-05-18,2026-08-10,59.7,37.3,49.0,10.7,PM,Active,Medium,Underallocated,93.1
ALC001763,EMP0214,PRJ0147,CLI0001,2026-02-11,2026-05-24,108.3,67.7,88.8,19.5,Designer,On Hold,High,Allocated,94.5
ALC001764,EMP0224,PRJ0046,CLI0048,2026-04-13,2026-05-26,182.9,114.3,150.0,32.9,Analyst,On Hold,Critical,Overallocated,82.5
ALC001765,EMP0816,PRJ0026,CLI0019,2026-02-04,2026-05-06,45.8,28.6,37.6,8.2,PM,Completed,High,Underallocated,69.6
ALC001766,EMP0657,PRJ0005,CLI0011,2026-03-13,2026-07-23,112.6,70.4,92.3,20.3,Analyst,Active,Medium,Allocated,67.1
ALC001767,EMP0710,PRJ0063,CLI0016,2026-02-01,2026-05-09,99.2,62.0,81.3,17.9,Analyst,Completed,High,Allocated,75.1
ALC001768,EMP0051,PRJ0108,CLI0055,2026-05-12,2026-08-08,65.0,40.6,53.3,11.7,Developer,Active,High,Underallocated,76.0
ALC001769,EMP0577,PRJ0045,CLI0011,2026-04-15,2026-07-20,101.9,63.7,83.6,18.3,PM,On Hold,High,Allocated,82.1
ALC001770,EMP0014,PRJ0047,CLI0018,2026-02-01,2026-05-28,163.5,102.2,134.1,29.4,Support,Completed,Low,Overallocated,86.8
ALC001771,EMP0620,PRJ0053,CLI0011,2026-06-05,2026-10-17,121.1,75.7,99.3,21.8,Analyst,On Hold,Medium,Allocated,69.4
ALC001772,EMP0469,PRJ0075,CLI0033,2026-03-04,2026-07-16,137.1,,112.4,24.7,Lead,Active,Medium,Allocated,84.1
ALC001773,EMP0160,PRJ0120,CLI0028,2026-06-03,2026-08-16,154.7,96.7,126.9,27.8,Developer,Completed,Critical,Allocated,85.2
ALC001774,EMP0119,PRJ0151,CLI0036,2026-02-14,2026-04-14,127.5,79.7,104.5,22.9,Tester,Completed,Critical,Allocated,87.9
ALC001775,EMP0658,PRJ0046,CLI0048,2026-06-10,2026-09-10,97.3,60.8,79.8,17.5,Support,Completed,Critical,Allocated,73.3
ALC001776,EMP0694,PRJ0057,CLI0043,2026-02-01,2026-03-21,116.0,72.5,95.1,20.9,Developer,Active,High,Allocated,62.8
ALC001777,EMP0810,PRJ0097,CLI0018,2026-05-09,2026-05-31,69.1,43.2,56.7,12.4,Designer,Completed,Low,Underallocated,89.1
ALC001778,EMP0548,PRJ0029,CLI0058,2026-06-20,2026-10-23,114.2,71.4,93.6,20.6,Tester,Active,Low,Allocated,82.9
ALC001779,EMP0154,PRJ0036,CLI0045,2026-02-07,2026-06-04,116.8,73.0,95.8,21.0,Lead,Completed,Low,Allocated,89.8
ALC001780,EMP0056,PRJ0005,CLI0011,2026-04-03,2026-06-18,164.6,102.9,135.0,29.6,Developer,Completed,Low,Overallocated,73.4
ALC001781,EMP0739,PRJ0153,CLI0030,2026-02-06,2026-04-15,99.0,61.9,81.2,17.8,Support,Active,Critical,Allocated,70.8
ALC001782,EMP0161,PRJ0071,CLI0036,2026-04-19,2026-08-24,99.0,61.9,81.2,17.8,PM,Completed,Critical,Allocated,60.7
ALC001783,EMP0013,PRJ0133,CLI0044,2026-06-19,2026-10-12,51.4,32.1,42.1,9.3,Designer,Completed,Critical,Underallocated,73.5
ALC001784,EMP0167,PRJ0153,CLI0030,2026-04-19,2026-08-23,137.9,86.2,113.1,24.8,Lead,On Hold,High,Allocated,67.2
ALC001785,EMP0507,PRJ0081,CLI0038,2026-01-17,2026-05-14,53.3,33.3,43.7,9.6,Support,Completed,Critical,Underallocated,88.9
ALC001786,EMP0767,PRJ0042,CLI0026,2026-05-05,2026-05-29,92.2,57.6,75.6,16.6,Tester,Completed,Low,Underallocated,92.8
ALC001787,EMP0064,PRJ0170,CLI0032,2026-01-03,2026-02-25,83.5,52.2,68.5,15.0,Analyst,Completed,Low,Underallocated,67.0
ALC001788,EMP0356,PRJ0141,CLI0028,2026-05-21,2026-08-28,147.7,92.3,121.1,26.6,PM,Active,Critical,Allocated,88.8
ALC001789,EMP0834,PRJ0048,CLI0035,2026-04-06,2026-04-29,131.5,82.2,107.8,23.7,Tester,Completed,Critical,Allocated,92.1
ALC001790,EMP0624,PRJ0171,CLI0001,2026-03-18,2026-05-18,140.3,87.7,115.0,25.3,Developer,On Hold,Medium,Allocated,62.1
ALC001791,EMP0403,PRJ0105,CLI0056,2026-06-01,2026-08-21,149.8,93.6,122.8,27.0,Tester,Active,Medium,Allocated,92.9
ALC001792,EMP0492,PRJ0148,CLI0035,2026-02-18,2026-05-29,86.4,54.0,70.8,15.6,Developer,On Hold,High,Underallocated,63.9
ALC001793,EMP0626,PRJ0174,CLI0032,2026-06-11,2026-08-15,77.3,48.3,63.4,13.9,Analyst,On Hold,High,Underallocated,71.8
ALC001794,EMP0185,PRJ0094,CLI0008,2026-05-09,2026-10-05,44.6,27.9,36.6,8.0,Lead,Completed,Medium,Underallocated,89.6
ALC001795,EMP0149,PRJ0065,CLI0003,2026-04-20,2026-07-24,117.1,73.2,96.0,21.1,Lead,On Hold,Medium,Allocated,84.5
ALC001796,EMP0696,PRJ0159,CLI0025,2026-04-02,2026-06-23,80.6,50.4,66.1,14.5,Designer,Active,Low,Underallocated,76.8
ALC001797,EMP0703,PRJ0110,CLI0054,2026-04-09,2026-07-08,130.1,81.3,106.7,23.4,Developer,On Hold,Low,Allocated,79.8
ALC001798,EMP0381,PRJ0103,CLI0001,2026-05-18,2026-08-06,158.4,99.0,129.9,28.5,Lead,Active,Critical,Allocated,92.9
ALC001799,EMP0482,PRJ0079,CLI0059,2026-05-15,2026-06-25,149.3,93.3,122.4,26.9,Analyst,On Hold,High,Allocated,76.2
ALC001800,EMP0230,PRJ0167,CLI0027,2026-06-21,2026-10-20,116.8,73.0,95.8,21.0,Analyst,Active,Critical,Allocated,88.1
ALC001801,EMP0109,PRJ0104,CLI0018,2026-03-02,2026-07-23,115.0,71.9,94.3,20.7,Analyst,On Hold,Low,Allocated,60.1
ALC001802,EMP0602,PRJ0076,CLI0055,2026-03-11,2026-07-02,111.7,69.8,91.6,20.1,Developer,Completed,Low,Allocated,86.5
ALC001803,EMP0060,PRJ0040,CLI0014,2026-04-11,2026-05-29,197.0,123.1,161.5,35.5,Developer,Active,Low,Overallocated,84.9
ALC001804,EMP0264,PRJ0031,CLI0044,2026-05-18,2026-06-20,88.6,55.4,72.7,15.9,Tester,Active,Low,Underallocated,89.3
ALC001805,EMP0796,PRJ0013,CLI0048,2026-03-05,2026-04-24,115.2,72.0,94.5,20.7,Tester,Completed,Medium,Allocated,78.0
ALC001806,EMP0318,PRJ0029,CLI0058,2026-04-21,2026-09-13,104.8,65.5,85.9,18.9,Designer,Active,High,Allocated,67.8
ALC001807,EMP0240,PRJ0073,CLI0016,2026-02-02,2026-05-02,80.6,50.4,66.1,14.5,PM,On Hold,High,Underallocated,89.9
ALC001808,EMP0491,PRJ0032,CLI0053,2026-03-08,2026-07-17,96.8,60.5,79.4,17.4,Lead,Completed,High,Allocated,93.5
ALC001809,EMP0432,PRJ0060,CLI0022,2026-05-17,2026-09-23,113.1,70.7,92.7,20.4,Designer,Completed,Critical,Allocated,62.9
ALC001810,EMP0615,PRJ0052,CLI0022,2026-06-07,2026-10-29,64.6,40.4,53.0,11.6,Designer,Completed,Low,Underallocated,78.3
ALC001811,EMP0771,PRJ0078,CLI0031,2026-01-04,2026-04-17,177.9,111.2,145.9,32.0,PM,Completed,Critical,Overallocated,74.4
ALC001812,EMP0270,PRJ0155,CLI0042,2026-03-21,2026-04-26,141.1,88.2,115.7,25.4,Analyst,Active,Critical,Allocated,71.5
ALC001813,EMP0217,PRJ0123,CLI0039,2026-01-15,2026-03-03,155.7,97.3,127.7,28.0,Analyst,On Hold,Medium,Allocated,61.1
ALC001814,EMP0526,PRJ0030,CLI0043,2026-02-03,2026-05-05,105.6,66.0,86.6,19.0,Designer,Completed,High,Allocated,68.0
ALC001815,EMP0069,PRJ0003,CLI0041,2026-05-01,2026-07-04,99.5,62.2,81.6,17.9,Tester,Completed,Low,Allocated,71.6
ALC001816,EMP0108,PRJ0013,CLI0048,2026-01-05,2026-03-20,103.5,64.7,84.9,18.6,Developer,Active,Low,Allocated,69.6
ALC001817,EMP0158,PRJ0047,CLI0018,2026-03-14,2026-06-16,84.2,52.6,69.0,15.2,PM,Active,Low,Underallocated,77.0
ALC001818,EMP0498,PRJ0179,CLI0012,2026-05-08,2026-08-05,164.0,102.5,134.5,29.5,Developer,Active,Low,Overallocated,91.1
ALC001819,EMP0477,PRJ0177,CLI0053,2026-03-17,2026-07-02,167.8,104.9,137.6,30.2,Support,Active,Low,Overallocated,75.1
ALC001820,EMP0380,PRJ0159,CLI0025,2026-06-12,2026-08-09,133.9,83.7,109.8,24.1,Analyst,On Hold,Critical,Allocated,94.0
ALC001821,EMP0341,PRJ0033,CLI0030,2026-04-04,2026-05-28,180.0,112.5,147.6,32.4,Tester,On Hold,High,Overallocated,84.3
ALC001822,EMP0719,PRJ0056,CLI0042,2026-01-20,2026-02-23,207.8,129.9,170.4,37.4,Tester,Active,Critical,Overallocated,76.8
ALC001823,EMP0153,PRJ0104,CLI0018,2026-03-03,2026-06-19,185.9,116.2,152.4,33.5,Designer,On Hold,Medium,Overallocated,67.6
ALC001824,EMP0054,PRJ0094,CLI0008,2026-04-05,2026-07-18,93.3,58.3,76.5,16.8,Support,Active,Medium,Underallocated,67.8
ALC001825,EMP0707,PRJ0018,CLI0024,2026-06-12,2026-08-27,15.2,9.5,12.5,2.7,Lead,Active,Medium,Underallocated,60.9
ALC001826,EMP0446,PRJ0087,CLI0046,2026-06-13,2026-08-06,141.8,88.6,116.3,25.5,PM,Completed,Low,Allocated,74.0
ALC001827,EMP0582,PRJ0119,CLI0048,2026-06-05,2026-06-25,129.1,80.7,105.9,23.2,Designer,Completed,Critical,Allocated,71.0
ALC001828,EMP0194,PRJ0151,CLI0036,2026-02-11,2026-03-24,116.3,72.7,95.4,20.9,Support,Completed,Medium,Allocated,85.2
ALC001829,EMP0192,PRJ0028,CLI0011,2026-06-09,2026-07-13,102.7,64.2,84.2,18.5,Analyst,Active,Medium,Allocated,65.1
ALC001830,EMP0209,PRJ0062,CLI0038,2026-04-08,2026-05-07,166.1,103.8,136.2,29.9,Support,Active,Critical,Overallocated,69.3
ALC001831,EMP0265,PRJ0041,CLI0044,2026-05-08,2026-07-11,50.1,31.3,41.1,9.0,Support,On Hold,Medium,Underallocated,82.3
ALC001832,EMP0713,PRJ0058,CLI0020,2026-04-17,2026-08-29,173.3,108.3,142.1,31.2,Analyst,On Hold,Medium,Overallocated,60.7
ALC001833,EMP0337,PRJ0046,CLI0048,2026-06-03,2026-06-28,181.3,113.3,148.7,32.6,Support,Completed,Low,Overallocated,67.5
ALC001834,EMP0348,PRJ0138,CLI0018,2026-02-08,2026-04-21,118.1,73.8,96.8,21.3,Designer,Completed,Critical,Allocated,72.8
ALC001835,EMP0338,PRJ0148,CLI0035,2026-02-19,2026-04-22,123.4,77.1,101.2,22.2,Lead,Active,Medium,Allocated,62.1
ALC001836,EMP0347,PRJ0120,CLI0028,2026-06-21,2026-07-17,64.6,40.4,53.0,11.6,Support,Active,Medium,Underallocated,84.6
ALC001837,EMP0042,PRJ0085,CLI0045,2026-06-11,2026-07-11,152.2,95.1,124.8,27.4,Developer,Active,Medium,Allocated,65.8
ALC001838,EMP0102,PRJ0020,CLI0049,2026-05-03,2026-05-30,162.9,101.8,133.6,29.3,Lead,Completed,Low,Overallocated,86.1
ALC001839,EMP0541,PRJ0167,CLI0027,2026-01-09,2026-04-12,142.6,89.1,116.9,25.7,Designer,On Hold,High,Allocated,60.9
ALC001840,EMP0055,PRJ0016,CLI0049,2026-02-05,2026-04-21,62.4,39.0,51.2,11.2,Developer,On Hold,Low,Underallocated,71.9
ALC001841,EMP0305,PRJ0022,CLI0037,2026-04-16,2026-08-25,47.7,29.8,39.1,8.6,Analyst,Completed,Low,Underallocated,85.4
ALC001842,EMP0636,PRJ0147,CLI0001,2026-04-02,2026-06-02,102.4,64.0,84.0,18.4,Tester,Completed,High,Allocated,67.5
ALC001843,EMP0029,PRJ0044,CLI0043,2026-04-02,2026-08-16,115.2,72.0,94.5,20.7,PM,On Hold,Critical,Allocated,65.5
ALC001844,EMP0761,PRJ0076,CLI0055,2026-01-15,2026-02-26,152.6,95.4,125.1,27.5,Analyst,Completed,Critical,Allocated,71.0
ALC001845,EMP0011,PRJ0012,CLI0020,2026-02-17,2026-03-09,102.4,64.0,84.0,18.4,Support,Active,Critical,Allocated,82.6
ALC001846,EMP0733,PRJ0066,CLI0051,2026-02-01,2026-03-05,154.6,96.6,126.8,27.8,Analyst,Completed,Medium,Allocated,91.9
ALC001847,EMP0438,PRJ0176,CLI0014,2026-04-07,2026-08-03,157.1,98.2,128.8,28.3,Designer,Completed,Low,Allocated,72.7
ALC001848,EMP0461,PRJ0092,CLI0007,2026-01-13,2026-05-28,130.9,81.8,107.3,23.6,Lead,Completed,Medium,Allocated,75.6
ALC001849,EMP0652,PRJ0156,CLI0002,2026-02-13,2026-04-27,146.7,91.7,120.3,26.4,Developer,Completed,Low,Allocated,65.4
ALC001850,EMP0060,PRJ0053,CLI0011,2026-03-08,2026-05-09,95.4,59.6,78.2,17.2,Analyst,Completed,Critical,Underallocated,73.8
ALC001851,EMP0802,PRJ0101,CLI0028,2026-03-17,2026-04-14,66.4,41.5,54.4,12.0,Tester,On Hold,Medium,Underallocated,74.8
ALC001852,EMP0344,PRJ0013,CLI0048,2026-05-08,2026-09-12,89.3,55.8,73.2,16.1,Tester,Active,Medium,Underallocated,68.5
ALC001853,EMP0646,PRJ0114,CLI0043,2026-01-02,2026-04-20,78.7,49.2,64.5,14.2,Lead,On Hold,High,Underallocated,86.3
ALC001854,EMP0829,PRJ0023,CLI0035,2026-04-10,2026-09-02,160.5,100.3,131.6,28.9,Tester,On Hold,Medium,Overallocated,74.0
ALC001855,EMP0390,PRJ0070,CLI0013,2026-04-08,2026-07-29,146.6,91.6,120.2,26.4,Tester,On Hold,Critical,Allocated,70.3
ALC001856,EMP0522,PRJ0017,CLI0050,2026-04-15,2026-06-01,30.7,19.2,25.2,5.5,Tester,On Hold,Low,Underallocated,81.9
ALC001857,EMP0484,PRJ0069,CLI0021,2026-05-11,2026-08-06,119.2,74.5,97.7,21.5,Lead,On Hold,Critical,Allocated,84.0
ALC001858,EMP0459,PRJ0023,CLI0035,2026-01-01,2026-03-10,40.6,25.4,33.3,7.3,Developer,Active,Medium,Underallocated,91.1
ALC001859,EMP0234,PRJ0163,CLI0044,2026-01-15,2026-06-13,68.6,42.9,56.3,12.3,PM,Active,Low,Underallocated,94.3
ALC001860,EMP0757,PRJ0172,CLI0044,2026-01-11,2026-04-23,145.3,90.8,119.1,26.2,Support,Completed,Critical,Allocated,80.2
ALC001861,EMP0508,PRJ0037,CLI0057,2026-03-20,2026-04-20,43.0,26.9,35.3,7.7,Support,Active,Critical,Underallocated,72.9
ALC001862,EMP0107,PRJ0110,CLI0054,2026-01-21,2026-02-17,57.4,35.9,47.1,10.3,PM,Completed,Critical,Underallocated,82.3
ALC001863,EMP0491,PRJ0130,CLI0056,2026-04-11,2026-05-01,71.0,44.4,58.2,12.8,Lead,On Hold,Critical,Underallocated,88.7
ALC001864,EMP0532,PRJ0058,CLI0020,2026-05-03,2026-06-25,48.6,30.4,39.9,8.7,Developer,On Hold,Low,Underallocated,95.0
ALC001865,EMP0223,PRJ0090,CLI0041,2026-03-10,2026-05-05,55.2,34.5,45.3,9.9,Lead,On Hold,High,Underallocated,88.6
ALC001866,EMP0848,PRJ0063,CLI0016,2026-01-19,2026-03-20,109.8,68.6,90.0,19.8,Designer,On Hold,Medium,Allocated,87.4
ALC001867,EMP0426,PRJ0107,CLI0032,2026-06-05,2026-10-16,44.6,27.9,36.6,8.0,Lead,Active,Medium,Underallocated,86.1
ALC001868,EMP0506,PRJ0088,CLI0011,2026-04-04,2026-07-05,102.1,63.8,83.7,18.4,Analyst,Completed,Medium,Allocated,87.0
ALC001869,EMP0249,PRJ0009,CLI0015,2026-06-16,2026-07-28,112.3,70.2,92.1,20.2,PM,Completed,Low,Allocated,80.8
ALC001870,EMP0509,PRJ0122,CLI0010,2026-01-15,2026-04-21,142.1,88.8,116.5,25.6,Lead,Active,Medium,Allocated,76.2
ALC001871,EMP0722,PRJ0029,CLI0058,2026-03-09,2026-07-29,149.1,93.2,122.3,26.8,Designer,Active,Low,Allocated,76.5
ALC001872,EMP0628,PRJ0147,CLI0001,2026-01-10,2026-06-01,57.0,35.6,46.7,10.3,Lead,On Hold,High,Underallocated,82.1
ALC001873,EMP0100,PRJ0110,CLI0054,2026-01-07,2026-06-05,59.0,36.9,48.4,10.6,Designer,Completed,Medium,Underallocated,76.2
ALC001874,EMP0545,PRJ0086,CLI0017,2026-03-15,2026-04-08,56.8,35.5,46.6,10.2,Developer,Active,Critical,Underallocated,70.9
ALC001875,EMP0611,,CLI0039,2026-05-18,2026-09-01,143.7,89.8,117.8,25.9,PM,Completed,Low,Allocated,88.3
ALC001876,EMP0088,PRJ0178,CLI0030,2026-04-18,2026-06-27,125.8,78.6,103.2,22.6,Analyst,On Hold,Medium,Allocated,68.6
ALC001877,EMP0698,PRJ0018,CLI0024,2026-06-19,2026-11-06,97.9,61.2,80.3,17.6,Support,On Hold,Medium,Allocated,64.0
ALC001878,EMP0627,PRJ0060,CLI0022,2026-05-14,2026-09-23,64.3,40.2,52.7,11.6,Analyst,Active,High,Underallocated,73.8
ALC001879,EMP0692,PRJ0014,CLI0026,2026-05-20,2026-07-31,118.2,73.9,96.9,21.3,Developer,Active,High,Allocated,90.9
ALC001880,EMP0211,PRJ0145,CLI0003,2026-03-16,2026-04-26,166.7,104.2,136.7,30.0,Lead,Completed,High,Overallocated,84.8
ALC001881,EMP0553,PRJ0144,CLI0056,2026-04-13,2026-08-01,164.2,102.6,134.6,29.6,PM,On Hold,Medium,Overallocated,65.0
ALC001882,EMP0680,PRJ0098,CLI0044,2026-05-09,2026-10-02,53.1,33.2,43.5,9.6,Developer,Completed,High,Underallocated,79.1
ALC001883,EMP0061,PRJ0162,CLI0012,2026-02-02,2026-04-18,154.9,96.8,127.0,27.9,Support,On Hold,High,Allocated,89.3
ALC001884,EMP0625,PRJ0047,CLI0018,2026-06-02,2026-07-13,52.5,32.8,43.0,9.4,Tester,On Hold,Medium,Underallocated,90.1
ALC001885,EMP0546,PRJ0120,CLI0028,2026-01-06,2026-05-21,95.8,59.9,78.6,17.2,Lead,Completed,Critical,Underallocated,74.4
ALC001886,EMP0483,PRJ0134,CLI0007,2026-04-03,2026-08-11,91.2,57.0,74.8,16.4,PM,Active,Critical,Underallocated,66.9
ALC001887,EMP0165,PRJ0176,CLI0014,2026-05-04,2026-08-17,122.7,76.7,100.6,22.1,Support,Completed,Medium,Allocated,76.2
ALC001888,EMP0497,PRJ0024,CLI0041,2026-03-12,2026-08-03,71.8,44.9,58.9,12.9,PM,Completed,Low,Underallocated,78.9
ALC001889,EMP0758,PRJ0016,CLI0049,2026-05-03,2026-06-20,116.2,72.6,95.3,20.9,Developer,On Hold,Low,Allocated,71.5
ALC001890,EMP0151,PRJ0079,CLI0059,2026-05-13,2026-10-03,68.8,43.0,56.4,12.4,Developer,Completed,Low,Underallocated,69.6
ALC001891,EMP0800,PRJ0168,CLI0016,2026-06-15,2026-10-05,118.9,74.3,97.5,21.4,Support,On Hold,High,Allocated,74.5
ALC001892,EMP0445,PRJ0040,CLI0014,2026-03-13,2026-06-30,59.4,37.1,48.7,10.7,Support,On Hold,Critical,Underallocated,73.0
ALC001893,EMP0643,PRJ0064,CLI0024,2026-01-06,2026-04-30,96.2,60.1,78.9,17.3,Developer,Active,Medium,Allocated,70.9
ALC001894,EMP0744,PRJ0155,CLI0042,2026-02-04,2026-03-20,112.2,70.1,92.0,20.2,Designer,Active,High,Allocated,88.9
ALC001895,EMP0256,PRJ0040,CLI0014,2026-05-21,2026-08-03,101.9,63.7,83.6,18.3,Lead,Completed,Medium,Allocated,75.6
ALC001896,EMP0759,PRJ0111,CLI0043,2026-05-13,2026-08-13,145.8,91.1,119.6,26.2,Developer,Active,Medium,Allocated,93.6
ALC001897,EMP0685,PRJ0033,CLI0030,2026-02-11,2026-07-05,21.6,13.5,17.7,3.9,PM,On Hold,Medium,Underallocated,83.2
ALC001898,EMP0212,PRJ0092,CLI0007,2026-03-03,2026-05-23,119.0,74.4,97.6,21.4,Designer,Active,Critical,Allocated,94.8
ALC001899,EMP0470,PRJ0060,CLI0022,2026-05-16,2026-07-28,78.7,49.2,64.5,14.2,Designer,On Hold,Critical,Underallocated,73.6
ALC001900,EMP0545,PRJ0098,CLI0044,2026-06-06,2026-08-11,135.7,84.8,111.3,24.4,Designer,On Hold,Medium,Allocated,61.8
ALC001901,EMP0676,PRJ0154,CLI0005,2026-02-02,2026-05-01,113.3,70.8,92.9,20.4,Developer,On Hold,Medium,Allocated,77.8
ALC001902,EMP0733,PRJ0175,CLI0054,2026-06-16,2026-09-28,155.5,97.2,127.5,28.0,Designer,Active,Medium,Allocated,60.7
ALC001903,EMP0144,PRJ0104,CLI0018,2026-03-06,2026-04-13,102.7,64.2,84.2,18.5,Lead,On Hold,Low,Allocated,62.3
ALC001904,EMP0315,PRJ0119,CLI0048,2026-04-14,2026-05-04,161.4,100.9,132.3,29.1,Tester,Active,Low,Overallocated,75.8
ALC001905,EMP0181,PRJ0014,CLI0026,2026-04-04,2026-06-07,118.2,73.9,96.9,21.3,Analyst,Completed,Critical,Allocated,68.5
ALC001906,EMP0247,PRJ0090,CLI0041,2026-04-12,2026-07-30,60.3,37.7,49.4,10.9,Developer,On Hold,High,Underallocated,68.8
ALC001907,EMP0124,PRJ0064,CLI0024,2026-06-06,2026-08-19,79.5,49.7,65.2,14.3,Lead,On Hold,Medium,Underallocated,65.4
ALC001908,EMP0341,PRJ0004,CLI0056,2026-06-16,2026-07-16,88.5,55.3,72.6,15.9,Developer,Completed,Medium,Underallocated,63.3
ALC001909,EMP0452,PRJ0060,CLI0022,2026-03-06,2026-07-11,116.6,72.9,95.6,21.0,Tester,Active,Medium,Allocated,73.6
ALC001910,EMP0481,PRJ0046,CLI0048,2026-01-11,2026-03-14,148.0,92.5,121.4,26.6,Designer,Active,Medium,Allocated,88.3
ALC001911,EMP0316,PRJ0071,CLI0036,2026-04-11,2026-07-02,136.5,85.3,111.9,24.6,Lead,Completed,High,Allocated,64.3
ALC001912,EMP0788,PRJ0171,CLI0001,2026-01-04,2026-04-22,138.6,86.6,113.7,24.9,Tester,Completed,Medium,Allocated,70.5
ALC001913,EMP0436,PRJ0047,CLI0018,2026-04-05,2026-05-29,82.1,51.3,67.3,14.8,Tester,Active,Medium,Underallocated,89.2
ALC001914,EMP0786,PRJ0164,CLI0018,2026-05-18,2026-06-09,147.4,92.1,120.9,26.5,Support,Completed,High,Allocated,92.6
ALC001915,EMP0724,PRJ0057,CLI0043,2026-06-08,2026-10-27,116.2,72.6,95.3,20.9,Designer,Completed,Low,Allocated,74.7
ALC001916,EMP0184,PRJ0020,CLI0049,2026-02-15,2026-06-01,143.8,89.9,117.9,25.9,Support,Completed,Low,Allocated,70.6
ALC001917,EMP0714,PRJ0099,CLI0038,2026-05-18,2026-09-19,53.0,33.1,43.5,9.5,PM,On Hold,Critical,Underallocated,80.6
ALC001918,EMP0809,PRJ0013,CLI0048,2026-01-10,2026-02-17,130.1,81.3,106.7,23.4,Designer,On Hold,Medium,Allocated,62.8
ALC001919,EMP0418,PRJ0015,CLI0015,2026-01-05,2026-05-30,87.5,145.0,71.8,15.8,Support,On Hold,Medium,Underallocated,90.7
ALC001920,EMP0276,PRJ0026,CLI0019,2026-06-16,2026-10-30,61.4,38.4,50.3,11.1,PM,Completed,Medium,Underallocated,73.2
ALC001921,EMP0387,PRJ0079,CLI0059,2026-02-05,2026-07-02,137.9,86.2,113.1,24.8,Analyst,Completed,Low,Allocated,77.7
ALC001922,EMP0529,,CLI0057,2026-05-12,2026-07-22,94.9,59.3,77.8,17.1,PM,Completed,Critical,Underallocated,74.2
ALC001923,EMP0533,PRJ0092,CLI0007,2026-04-14,2026-09-01,133.3,83.3,109.3,24.0,Tester,Active,Low,Allocated,75.9
ALC001924,EMP0515,PRJ0028,CLI0011,2026-03-04,2026-04-06,72.8,45.5,59.7,13.1,Lead,Completed,High,Underallocated,62.4
ALC001925,EMP0231,PRJ0024,CLI0041,2026-03-12,2026-07-15,193.3,120.8,158.5,34.8,Designer,Completed,Medium,Overallocated,75.5
ALC001926,EMP0541,PRJ0066,CLI0051,2026-06-05,2026-09-02,107.2,67.0,87.9,19.3,Lead,Active,Medium,Allocated,75.4
ALC001927,EMP0632,,CLI0042,2026-02-07,2026-06-12,93.3,58.3,76.5,16.8,Developer,Completed,Critical,Underallocated,63.9
ALC001928,EMP0099,PRJ0132,CLI0013,2026-06-15,2026-09-17,151.5,94.7,124.2,27.3,Developer,Active,Low,Allocated,94.0
ALC001929,EMP0625,PRJ0164,CLI0018,2026-04-08,2026-07-19,108.6,67.9,89.1,19.5,Lead,Completed,Critical,Allocated,93.4
ALC001930,EMP0548,PRJ0119,CLI0048,2026-02-17,2026-04-06,224.0,140.0,183.7,40.3,PM,Completed,Medium,Overallocated,60.7
ALC001931,EMP0269,PRJ0010,CLI0035,2026-02-20,2026-07-02,158.6,99.1,130.1,28.5,Designer,Active,Critical,Allocated,89.3
ALC001932,EMP0734,PRJ0065,CLI0003,2026-05-20,2026-10-09,93.1,58.2,76.3,16.8,Analyst,Active,High,Underallocated,90.8
ALC001933,EMP0778,PRJ0102,CLI0043,2026-06-04,2026-08-12,115.0,71.9,94.3,20.7,Support,Active,Low,Allocated,61.3
ALC001934,EMP0283,PRJ0118,CLI0008,2026-06-19,2026-08-01,114.7,71.7,94.1,20.6,Support,On Hold,Medium,Allocated,77.3
ALC001935,EMP0160,PRJ0150,CLI0003,2026-01-10,2026-05-20,69.8,43.6,57.2,12.6,PM,Completed,Medium,Underallocated,74.3
ALC001936,EMP0384,PRJ0071,CLI0036,2026-04-11,2026-05-27,163.4,102.1,134.0,29.4,Support,On Hold,Medium,Overallocated,92.2
ALC001937,EMP0708,PRJ0003,CLI0041,2026-06-17,2026-07-07,94.9,59.3,77.8,17.1,Support,Completed,Medium,Underallocated,77.0
ALC001938,EMP0547,PRJ0159,CLI0025,2026-04-04,2026-05-16,102.1,63.8,83.7,18.4,PM,On Hold,High,Allocated,70.0
ALC001939,EMP0803,PRJ0146,CLI0006,2026-06-09,2026-10-30,120.8,75.5,99.1,21.7,Designer,Completed,Low,Allocated,72.0
ALC001940,EMP0586,PRJ0059,CLI0017,2026-06-06,2026-11-02,75.4,47.1,61.8,13.6,Analyst,On Hold,High,Underallocated,81.1
ALC001941,EMP0773,PRJ0025,CLI0003,2026-05-04,2026-09-08,120.5,75.3,98.8,21.7,Tester,Active,High,Allocated,67.7
ALC001942,EMP0511,PRJ0141,CLI0028,2026-04-09,2026-07-23,91.8,57.4,75.3,16.5,PM,On Hold,Critical,Underallocated,77.8
ALC001943,EMP0509,PRJ0040,CLI0014,2026-05-16,2026-07-30,93.0,58.1,76.3,16.7,PM,Completed,Medium,Underallocated,90.6
ALC001944,EMP0678,PRJ0096,CLI0056,2026-04-08,2026-07-15,105.4,65.9,86.4,19.0,Designer,Completed,Critical,Allocated,69.9
ALC001945,EMP0363,PRJ0004,CLI0056,2026-04-08,2026-08-13,82.6,51.6,67.7,14.9,PM,Active,Low,Underallocated,79.4
ALC001946,EMP0802,PRJ0177,CLI0053,2026-04-03,2026-06-29,49.4,30.9,40.5,8.9,Lead,On Hold,Medium,Underallocated,77.6
ALC001947,EMP0451,PRJ0050,CLI0039,2026-01-17,2026-06-02,118.9,74.3,97.5,21.4,Developer,Completed,Critical,Allocated,74.2
ALC001948,EMP0763,PRJ0110,CLI0054,2026-06-17,2026-07-20,20.5,12.8,16.8,3.7,Analyst,Completed,High,Underallocated,86.4
ALC001949,EMP0218,PRJ0008,CLI0052,2026-01-10,2026-06-06,21.9,13.7,18.0,3.9,Developer,Completed,Medium,Underallocated,65.1
ALC001950,EMP0701,PRJ0050,CLI0039,2026-05-04,2026-06-16,113.8,71.1,93.3,20.5,Analyst,On Hold,Low,Allocated,91.6
ALC001951,EMP0206,PRJ0058,CLI0020,2026-04-04,2026-05-27,104.8,65.5,85.9,18.9,Designer,On Hold,High,Allocated,77.7
ALC001952,EMP0830,PRJ0091,CLI0026,2026-05-09,2026-07-10,122.4,76.5,100.4,22.0,Designer,On Hold,Critical,Allocated,66.2
ALC001953,EMP0520,PRJ0157,CLI0044,2026-03-06,2026-05-13,138.6,86.6,113.7,24.9,Analyst,On Hold,High,Allocated,92.4
ALC001954,EMP0503,PRJ0147,CLI0001,2026-06-13,2026-11-02,33.0,20.6,27.1,5.9,Lead,Active,Medium,Underallocated,76.3
ALC001955,EMP0336,PRJ0132,CLI0013,2026-05-10,2026-06-13,87.4,54.6,71.7,15.7,Tester,Completed,High,Underallocated,63.3
ALC001956,EMP0282,PRJ0040,CLI0014,2026-02-03,2026-03-07,94.1,58.8,77.2,16.9,Tester,Active,Low,Underallocated,91.3
ALC001957,EMP0116,PRJ0001,CLI0057,2026-06-01,2026-08-22,124.5,77.8,102.1,22.4,PM,Completed,Critical,Allocated,77.9
ALC001958,EMP0059,PRJ0063,CLI0016,2026-02-21,2026-05-09,121.1,75.7,99.3,21.8,PM,Completed,Medium,Allocated,68.5
ALC001959,EMP0272,PRJ0137,CLI0012,2026-05-03,2026-07-29,95.8,59.9,78.6,17.2,Tester,On Hold,Low,Underallocated,68.3
ALC001960,EMP0812,PRJ0143,CLI0032,2026-06-01,2026-09-07,113.8,71.1,93.3,20.5,Support,On Hold,Critical,Allocated,82.0
ALC001961,EMP0576,PRJ0107,CLI0032,2026-03-03,2026-07-19,101.0,63.1,82.8,18.2,Lead,On Hold,Critical,Allocated,64.4
ALC001962,EMP0312,PRJ0023,CLI0035,2026-04-21,2026-07-05,75.5,47.2,61.9,13.6,Developer,Completed,High,Underallocated,89.0
ALC001963,EMP0782,PRJ0132,CLI0013,2026-04-17,2026-06-26,114.1,71.3,93.6,20.5,PM,Active,Critical,Allocated,70.1
ALC001964,EMP0630,PRJ0077,CLI0025,2026-05-04,2026-07-27,26.2,16.4,21.5,4.7,PM,Completed,Critical,Underallocated,72.9
ALC001965,EMP0705,PRJ0115,CLI0050,2026-02-08,2026-03-11,121.8,76.1,99.9,21.9,Lead,On Hold,High,Allocated,77.9
ALC001966,EMP0411,PRJ0055,CLI0015,2026-02-15,2026-06-05,168.5,105.3,138.2,30.3,PM,Active,High,Overallocated,69.8
ALC001967,EMP0256,PRJ0019,CLI0054,2026-05-02,2026-07-19,98.1,61.3,80.4,17.7,Designer,On Hold,Medium,Allocated,74.9
ALC001968,EMP0733,PRJ0122,CLI0010,2026-06-07,2026-08-09,194.6,121.6,159.6,35.0,Tester,Active,Medium,Overallocated,81.3
ALC001969,EMP0383,PRJ0158,CLI0059,2026-05-04,2026-09-24,136.2,85.1,111.7,24.5,PM,Completed,High,Allocated,60.5
ALC001970,EMP0294,PRJ0083,CLI0032,2026-01-07,2026-03-18,170.4,106.5,139.7,30.7,Developer,Active,Medium,Overallocated,65.1
ALC001971,EMP0595,PRJ0092,CLI0007,2026-05-19,2026-08-26,127.4,79.6,104.5,22.9,Lead,On Hold,Low,Allocated,78.7
ALC001972,EMP0016,PRJ0116,CLI0042,2026-02-08,2026-04-13,134.1,83.8,110.0,24.1,Analyst,Completed,Low,Allocated,87.0
ALC001973,EMP0044,PRJ0084,CLI0016,2026-04-08,2026-06-14,117.8,73.6,96.6,21.2,Support,Active,Medium,Allocated,94.6
ALC001974,EMP0261,PRJ0034,CLI0045,2026-05-20,2026-10-01,49.3,30.8,40.4,8.9,Developer,Completed,Medium,Underallocated,80.9
ALC001975,EMP0236,PRJ0004,CLI0056,2026-02-16,2026-05-21,33.4,20.9,27.4,6.0,Designer,Active,Medium,Underallocated,61.0
ALC001976,EMP0403,PRJ0027,CLI0004,2026-03-17,2026-06-11,102.4,64.0,84.0,18.4,Support,Active,Medium,Allocated,90.9
ALC001977,EMP0197,PRJ0027,CLI0004,2026-01-08,2026-04-07,87.8,54.9,72.0,15.8,Support,Completed,Low,Underallocated,86.9
ALC001978,EMP0548,PRJ0022,CLI0037,2026-04-10,2026-07-04,89.1,55.7,73.1,16.0,Tester,On Hold,Critical,Underallocated,78.7
ALC001979,EMP0798,PRJ0098,CLI0044,2026-02-01,2026-06-27,61.4,38.4,50.3,11.1,Support,Completed,Critical,Underallocated,90.4
ALC001980,EMP0464,PRJ0153,CLI0030,2026-06-03,2026-09-17,156.3,97.7,128.2,28.1,Developer,On Hold,Low,Allocated,74.3
ALC001981,EMP0085,PRJ0080,CLI0026,2026-02-01,2026-04-18,70.7,44.2,58.0,12.7,Designer,Completed,Medium,Underallocated,86.4
ALC001982,EMP0702,PRJ0069,CLI0021,2026-06-10,2026-09-23,68.2,42.6,55.9,12.3,PM,On Hold,Low,Underallocated,66.3
ALC001983,EMP0626,PRJ0164,CLI0018,2026-06-12,2026-09-08,113.6,71.0,93.2,20.4,Developer,Completed,High,Allocated,76.2
ALC001984,EMP0008,PRJ0048,CLI0035,2026-06-15,2026-07-13,155.4,97.1,127.4,28.0,Analyst,Active,Low,Allocated,94.6
ALC001985,EMP0040,PRJ0078,CLI0031,2026-01-17,2026-03-14,145.9,91.2,119.6,26.3,Analyst,Active,High,Allocated,77.3
ALC001986,EMP0291,PRJ0119,CLI0048,2026-06-06,2026-09-07,86.1,53.8,70.6,15.5,Designer,Completed,Medium,Underallocated,81.6
ALC001987,EMP0045,PRJ0104,CLI0018,2026-05-01,2026-05-23,103.5,64.7,84.9,18.6,Tester,Completed,Low,Allocated,78.2
ALC001988,EMP0749,,CLI0005,2026-04-02,2026-06-09,177.6,111.0,145.6,32.0,Tester,Completed,Critical,Overallocated,88.2
ALC001989,EMP0694,PRJ0147,CLI0001,2026-01-15,2026-02-05,156.3,97.7,128.2,28.1,PM,On Hold,High,Allocated,66.4
ALC001990,EMP0627,PRJ0038,CLI0059,2026-06-09,2026-10-04,147.0,91.9,120.5,26.5,Designer,On Hold,High,Allocated,60.5
ALC001991,EMP0836,PRJ0068,CLI0059,2026-01-20,2026-05-31,127.4,79.6,104.5,22.9,Developer,On Hold,High,Allocated,80.2
ALC001992,EMP0630,PRJ0162,CLI0012,2026-04-05,2026-06-29,116.0,72.5,95.1,20.9,Tester,Active,High,Allocated,67.2
ALC001993,EMP0101,PRJ0045,CLI0011,2026-06-20,2026-10-28,192.3,120.2,157.7,34.6,Support,Active,Medium,Overallocated,86.4
ALC001994,EMP0547,PRJ0023,CLI0035,2026-04-17,2026-08-20,157.1,98.2,128.8,28.3,Developer,Completed,Low,Allocated,62.0
ALC001995,EMP0483,PRJ0003,CLI0041,2026-06-21,2026-08-30,117.0,73.1,95.9,21.1,Lead,Active,Medium,Allocated,80.5
ALC001996,EMP0785,PRJ0084,CLI0016,2026-01-04,2026-03-26,141.0,88.1,115.6,25.4,Developer,Completed,High,Allocated,69.9
ALC001997,EMP0367,PRJ0086,CLI0017,2026-02-09,2026-03-11,102.1,63.8,83.7,18.4,PM,Completed,High,Allocated,94.0
ALC001998,EMP0257,PRJ0115,CLI0050,2026-06-01,2026-08-15,47.8,29.9,39.2,8.6,Developer,On Hold,Critical,Underallocated,90.2
ALC001999,EMP0330,PRJ0062,CLI0038,2026-05-11,2026-06-17,71.0,44.4,58.2,12.8,PM,Completed,High,Underallocated,81.2
ALC002000,EMP0109,PRJ0066,CLI0051,2026-05-21,2026-08-05,93.6,58.5,76.8,16.8,Analyst,On Hold,High,Underallocated,73.7
ALC002001,EMP0665,PRJ0028,CLI0011,2026-05-01,2026-06-10,91.0,56.9,74.6,16.4,Designer,Active,Critical,Underallocated,69.0
ALC002002,EMP0533,PRJ0006,CLI0019,2026-05-07,2026-07-18,83.0,51.9,68.1,14.9,Tester,On Hold,High,Underallocated,84.9
ALC002003,EMP0573,PRJ0146,CLI0006,2026-04-08,2026-06-05,85.0,53.1,69.7,15.3,Lead,On Hold,Critical,Underallocated,80.0
ALC002004,EMP0748,PRJ0157,CLI0044,2026-03-12,2026-04-16,164.3,102.7,134.7,29.6,Designer,On Hold,Critical,Overallocated,66.6
ALC002005,EMP0386,PRJ0099,CLI0038,2026-03-19,2026-07-13,185.3,115.8,151.9,33.4,Tester,Completed,High,Overallocated,62.2
ALC002006,EMP0730,PRJ0086,CLI0017,2026-05-20,2026-08-25,164.5,102.8,134.9,29.6,Tester,Completed,High,Overallocated,89.3
ALC002007,EMP0490,PRJ0103,CLI0001,2026-05-18,2026-07-14,25.8,16.1,21.2,4.6,Designer,On Hold,Low,Underallocated,93.8
ALC002008,EMP0299,PRJ0142,CLI0026,2026-01-06,2026-03-26,155.0,96.9,127.1,27.9,Tester,Active,Critical,Allocated,88.2
ALC002009,EMP0774,PRJ0063,CLI0016,2026-05-20,2026-09-22,141.4,88.4,115.9,25.5,Designer,On Hold,Medium,Allocated,60.9
ALC002010,EMP0699,PRJ0088,CLI0011,2026-03-05,2026-04-21,110.6,69.1,90.7,19.9,Lead,On Hold,Medium,Allocated,74.7
ALC002011,EMP0212,PRJ0142,CLI0026,2026-02-15,2026-03-07,92.2,57.6,75.6,16.6,Analyst,On Hold,High,Underallocated,60.7
ALC002012,EMP0801,PRJ0033,CLI0030,2026-01-19,2026-04-20,99.8,62.4,81.8,18.0,Support,On Hold,Critical,Allocated,88.4
ALC002013,EMP0171,PRJ0122,CLI0010,2026-06-03,2026-07-03,151.5,94.7,124.2,27.3,Developer,Completed,Medium,Allocated,88.8
ALC002014,EMP0545,PRJ0048,CLI0035,2026-04-03,2026-04-25,127.4,79.6,104.5,22.9,Tester,Completed,High,Allocated,67.2
ALC002015,EMP0724,PRJ0171,CLI0001,2026-02-09,2026-03-07,160.8,100.5,131.9,28.9,Developer,On Hold,Low,Overallocated,93.1
ALC002016,EMP0398,PRJ0126,CLI0060,2026-06-10,2026-08-25,144.6,90.4,118.6,26.0,Designer,Active,High,Allocated,93.3
ALC002017,EMP0630,PRJ0063,CLI0016,2026-05-18,2026-09-27,169.6,106.0,139.1,30.5,Tester,Completed,Medium,Overallocated,89.1
ALC002018,EMP0367,PRJ0020,CLI0049,2026-04-18,2026-09-12,137.3,85.8,112.6,24.7,Analyst,On Hold,Medium,Allocated,81.3
ALC002019,EMP0594,PRJ0158,CLI0059,2026-06-21,2026-08-21,66.6,41.6,54.6,12.0,Developer,Completed,Critical,Underallocated,85.1
ALC002020,EMP0652,PRJ0123,CLI0039,2026-02-18,2026-07-15,48.0,30.0,39.4,8.6,PM,On Hold,Medium,Underallocated,69.9
ALC002021,EMP0269,PRJ0051,CLI0059,2026-04-20,2026-09-04,137.9,86.2,113.1,24.8,Designer,Completed,Low,Allocated,66.0
ALC002022,EMP0233,PRJ0054,CLI0021,2026-04-04,2026-08-29,136.0,85.0,111.5,24.5,Lead,On Hold,Low,Allocated,64.5
ALC002023,EMP0765,PRJ0027,CLI0004,2026-01-21,2026-06-11,87.4,54.6,71.7,15.7,Tester,On Hold,Medium,Underallocated,77.4
ALC002024,EMP0577,PRJ0032,CLI0053,2026-02-19,2026-06-01,121.9,76.2,100.0,21.9,Tester,Active,High,Allocated,67.7
ALC002025,EMP0312,PRJ0108,CLI0055,2026-03-13,2026-04-09,93.8,58.6,76.9,16.9,Developer,Active,High,Underallocated,68.2
ALC002026,EMP0364,PRJ0008,CLI0052,2026-02-21,2026-05-31,92.3,57.7,75.7,16.6,Analyst,On Hold,Critical,Underallocated,93.7
ALC002027,EMP0316,PRJ0006,CLI0019,2026-06-10,2026-10-16,54.7,,44.9,9.8,Lead,On Hold,Low,Underallocated,94.6
ALC002028,EMP0583,PRJ0084,CLI0016,2026-01-12,2026-04-27,113.8,71.1,93.3,20.5,Tester,Completed,Medium,Allocated,89.0
ALC002029,EMP0135,PRJ0067,CLI0015,2026-02-03,2026-06-30,91.4,57.1,74.9,16.5,Analyst,On Hold,High,Underallocated,80.7
ALC002030,EMP0240,PRJ0030,CLI0043,2026-05-09,2026-06-27,127.2,79.5,104.3,22.9,PM,Active,Medium,Allocated,93.9
ALC002031,EMP0486,PRJ0035,CLI0016,2026-02-18,2026-04-11,41.9,26.2,34.4,7.5,Designer,On Hold,Low,Underallocated,67.1
ALC002032,EMP0130,PRJ0105,CLI0056,2026-02-09,2026-03-22,136.0,85.0,111.5,24.5,Lead,Completed,Medium,Allocated,77.9
ALC002033,EMP0727,PRJ0076,CLI0055,2026-01-08,2026-02-22,91.4,57.1,74.9,16.5,Developer,Active,Low,Underallocated,85.6
ALC002034,EMP0644,PRJ0033,CLI0030,2026-04-08,2026-07-05,69.3,43.3,56.8,12.5,PM,Completed,Medium,Underallocated,87.6
ALC002035,EMP0181,PRJ0128,CLI0044,2026-01-10,2026-04-02,94.4,59.0,77.4,17.0,Designer,Active,High,Underallocated,83.2
ALC002036,EMP0283,PRJ0180,CLI0006,2026-01-16,2026-03-13,48.0,30.0,39.4,8.6,Support,On Hold,Critical,Underallocated,71.4
ALC002037,EMP0494,PRJ0019,CLI0054,2026-02-07,2026-05-06,100.3,62.7,82.2,18.1,Support,Active,High,Allocated,74.2
ALC002038,EMP0369,PRJ0005,CLI0011,2026-06-08,2026-07-05,117.0,73.1,95.9,21.1,Designer,Completed,Critical,Allocated,67.5
ALC002039,EMP0238,PRJ0066,CLI0051,2026-06-12,2026-07-25,114.9,71.8,94.2,20.7,Designer,On Hold,Medium,Allocated,79.0
ALC002040,EMP0182,PRJ0017,CLI0050,2026-05-01,2026-06-21,130.4,81.5,106.9,23.5,Designer,Active,Low,Allocated,83.3
ALC002041,EMP0681,PRJ0137,CLI0012,2026-02-03,2026-04-23,89.3,55.8,73.2,16.1,Lead,Completed,Medium,Underallocated,65.1
ALC002042,EMP0590,PRJ0045,CLI0011,2026-04-20,2026-05-22,143.2,89.5,117.4,25.8,Lead,On Hold,Low,Allocated,78.3
ALC002043,EMP0048,PRJ0073,CLI0016,2026-03-16,2026-04-28,122.7,76.7,100.6,22.1,Tester,On Hold,Low,Allocated,62.0
ALC002044,EMP0257,PRJ0174,CLI0032,2026-04-13,2026-06-12,144.6,90.4,118.6,26.0,Developer,Completed,Low,Allocated,60.1
ALC002045,EMP0305,PRJ0070,CLI0013,2026-06-16,2026-07-29,178.4,111.5,146.3,32.1,Support,Completed,Medium,Overallocated,90.2
ALC002046,EMP0226,PRJ0110,CLI0054,2026-05-18,2026-08-01,49.9,31.2,40.9,9.0,Lead,Active,Low,Underallocated,88.6
ALC002047,EMP0657,PRJ0040,CLI0014,2026-05-17,2026-07-13,96.6,60.4,79.2,17.4,Developer,Completed,High,Allocated,62.8
ALC002048,EMP0472,PRJ0060,CLI0022,2026-05-16,2026-09-28,81.4,50.9,66.7,14.7,Developer,Active,Medium,Underallocated,75.5
ALC002049,EMP0158,PRJ0026,CLI0019,2026-05-18,2026-06-19,197.6,123.5,162.0,35.6,Support,On Hold,Critical,Overallocated,88.2
ALC002050,EMP0514,PRJ0062,CLI0038,2026-02-21,2026-04-21,135.8,84.9,111.4,24.4,Developer,Completed,Critical,Allocated,73.6
ALC002051,EMP0630,PRJ0156,CLI0002,2026-06-13,2026-10-09,123.5,77.2,101.3,22.2,Support,Active,High,Allocated,90.4
ALC002052,EMP0102,PRJ0035,CLI0016,2026-03-19,2026-04-27,159.8,99.9,131.0,28.8,Analyst,On Hold,Critical,Allocated,61.3
ALC002053,EMP0335,PRJ0124,CLI0045,2026-02-15,2026-06-22,112.5,70.3,92.2,20.2,Lead,Active,Medium,Allocated,94.2
ALC002054,EMP0790,PRJ0079,CLI0059,2026-04-06,2026-05-10,130.7,81.7,107.2,23.5,Analyst,On Hold,High,Allocated,91.3
ALC002055,EMP0804,PRJ0063,CLI0016,2026-02-04,2026-03-31,93.8,58.6,76.9,16.9,Tester,Active,Medium,Underallocated,66.0
ALC002056,EMP0243,PRJ0122,CLI0010,2026-06-19,2026-10-28,57.4,35.9,47.1,10.3,Support,Completed,Medium,Underallocated,71.6
ALC002057,EMP0178,PRJ0047,CLI0018,2026-05-05,2026-09-28,147.8,92.4,121.2,26.6,Analyst,Active,Medium,Allocated,77.9
ALC002058,EMP0523,PRJ0150,CLI0003,2026-01-08,2026-03-21,73.6,46.0,60.4,13.2,Tester,Completed,Medium,Underallocated,88.1
ALC002059,EMP0727,PRJ0167,CLI0027,2026-02-09,2026-03-23,141.9,88.7,116.4,25.5,PM,Completed,Critical,Allocated,86.5
ALC002060,EMP0467,PRJ0066,CLI0051,2026-01-06,2026-02-02,155.4,97.1,127.4,28.0,Lead,Completed,Medium,Allocated,88.0
ALC002061,EMP0431,PRJ0033,CLI0030,2026-06-21,2026-07-29,22.2,,18.2,4.0,Designer,On Hold,Critical,Underallocated,67.0
ALC002062,EMP0070,PRJ0006,CLI0019,2026-03-09,2026-06-26,153.8,96.1,126.1,27.7,Developer,On Hold,Critical,Allocated,90.6
ALC002063,EMP0292,PRJ0062,CLI0038,2026-05-01,2026-06-04,122.2,76.4,100.2,22.0,Developer,On Hold,High,Allocated,70.4
ALC002064,EMP0632,PRJ0088,CLI0011,2026-06-11,2026-08-02,73.3,45.8,60.1,13.2,Analyst,Active,High,Underallocated,84.2
ALC002065,EMP0031,PRJ0156,CLI0002,2026-03-21,2026-05-24,42.4,26.5,34.8,7.6,PM,On Hold,Critical,Underallocated,67.2
ALC002066,EMP0375,PRJ0092,CLI0007,2026-03-20,2026-05-25,109.1,68.2,89.5,19.6,Lead,On Hold,Medium,Allocated,62.1
ALC002067,EMP0545,PRJ0014,CLI0026,2026-03-02,2026-06-29,104.8,65.5,85.9,18.9,Tester,On Hold,High,Allocated,94.0
ALC002068,EMP0395,PRJ0001,CLI0057,2026-01-12,2026-03-26,155.7,97.3,127.7,28.0,Tester,On Hold,Critical,Allocated,92.6
ALC002069,EMP0736,PRJ0061,CLI0059,2026-02-15,2026-04-22,114.6,71.6,94.0,20.6,Support,On Hold,High,Allocated,64.6
ALC002070,EMP0804,PRJ0161,CLI0056,2026-04-20,2026-06-17,68.5,42.8,56.2,12.3,Developer,On Hold,High,Underallocated,92.6
ALC002071,EMP0184,PRJ0075,CLI0033,2026-04-21,2026-08-27,49.9,31.2,40.9,9.0,Support,Completed,Critical,Underallocated,91.7
ALC002072,EMP0080,PRJ0098,CLI0044,2026-05-09,2026-09-13,117.9,73.7,96.7,21.2,PM,Completed,High,Allocated,81.1
ALC002073,EMP0309,PRJ0058,CLI0020,2026-05-05,2026-08-06,112.2,70.1,92.0,20.2,Support,On Hold,Low,Allocated,78.6
ALC002074,EMP0302,PRJ0023,CLI0035,2026-03-16,2026-06-22,164.8,103.0,135.1,29.7,Support,Active,High,Overallocated,63.9
ALC002075,EMP0058,PRJ0030,CLI0043,2026-02-03,2026-06-11,92.3,57.7,75.7,16.6,Support,On Hold,High,Underallocated,89.7
ALC002076,EMP0683,PRJ0072,CLI0030,2026-01-10,2026-04-21,128.8,80.5,105.6,23.2,Tester,On Hold,Critical,Allocated,60.1
ALC002077,EMP0331,PRJ0096,CLI0056,2026-02-16,2026-05-13,106.7,66.7,87.5,19.2,PM,Active,Critical,Allocated,90.9
ALC002078,EMP0448,PRJ0044,CLI0043,2026-01-16,2026-05-17,8.0,5.0,6.6,1.4,Tester,Active,Medium,Underallocated,64.3
ALC002079,EMP0665,PRJ0170,CLI0032,2026-04-19,2026-06-16,140.6,87.9,115.3,25.3,Tester,Completed,Critical,Allocated,87.3
ALC002080,EMP0764,PRJ0041,CLI0044,2026-02-06,2026-03-27,94.9,59.3,77.8,17.1,Developer,On Hold,High,Underallocated,86.0
ALC002081,EMP0218,PRJ0044,CLI0043,2026-03-18,2026-04-28,138.4,86.5,113.5,24.9,PM,On Hold,Critical,Allocated,80.1
ALC002082,EMP0111,PRJ0056,CLI0042,2026-01-06,2026-02-09,118.7,74.2,97.3,21.4,Lead,Active,Critical,Allocated,65.3
ALC002083,EMP0461,PRJ0078,CLI0031,2026-01-12,2026-03-02,72.5,45.3,59.4,13.0,Analyst,Active,Low,Underallocated,62.2
ALC002084,EMP0643,PRJ0094,CLI0008,2026-03-02,2026-07-18,105.0,65.6,86.1,18.9,Designer,Completed,Critical,Allocated,80.7
ALC002085,EMP0793,PRJ0035,CLI0016,2026-04-04,2026-08-31,110.7,69.2,90.8,19.9,Lead,Completed,Critical,Allocated,94.6
ALC002086,EMP0030,PRJ0117,CLI0006,2026-06-09,2026-11-04,119.4,145.0,97.9,21.5,Lead,Completed,Medium,Allocated,65.5
ALC002087,EMP0777,PRJ0061,CLI0059,2026-05-17,2026-07-06,132.5,82.8,108.6,23.8,Lead,Completed,Low,Allocated,89.8
ALC002088,EMP0282,PRJ0038,CLI0059,2026-06-18,2026-10-09,113.3,70.8,92.9,20.4,Lead,On Hold,High,Allocated,82.6
ALC002089,EMP0402,PRJ0029,CLI0058,2026-02-01,2026-06-26,181.9,113.7,149.2,32.7,Lead,On Hold,Low,Overallocated,67.0
ALC002090,EMP0751,PRJ0051,CLI0059,2026-06-08,2026-10-13,145.6,91.0,119.4,26.2,Designer,On Hold,High,Allocated,88.8
ALC002091,EMP0569,PRJ0148,CLI0035,2026-02-16,2026-06-27,151.8,94.9,124.5,27.3,Developer,Completed,Critical,Allocated,84.5
ALC002092,EMP0247,PRJ0077,CLI0025,2026-03-16,2026-04-30,145.0,90.6,118.9,26.1,Developer,Completed,Critical,Allocated,93.5
ALC002093,EMP0412,PRJ0068,CLI0059,2026-02-21,2026-05-12,115.0,71.9,94.3,20.7,PM,Active,Critical,Allocated,87.9
ALC002094,EMP0721,PRJ0118,CLI0008,2026-04-19,2026-07-25,141.3,88.3,115.9,25.4,Designer,Completed,Low,Allocated,90.1
ALC002095,EMP0792,PRJ0073,CLI0016,2026-04-03,2026-07-13,161.9,101.2,132.8,29.1,Analyst,Active,Low,Overallocated,93.4
ALC002096,EMP0162,PRJ0008,CLI0052,2026-02-02,2026-06-27,117.1,73.2,96.0,21.1,Tester,Completed,High,Allocated,72.1
ALC002097,EMP0328,PRJ0012,CLI0020,2026-02-19,2026-07-10,154.1,96.3,126.4,27.7,Designer,On Hold,Low,Allocated,72.4
ALC002098,EMP0331,PRJ0109,CLI0010,2026-05-20,2026-06-16,59.8,37.4,49.0,10.8,Developer,Active,Medium,Underallocated,92.8
ALC002099,EMP0165,PRJ0167,CLI0027,2026-03-03,2026-06-04,156.0,97.5,127.9,28.1,Tester,Completed,Critical,Allocated,89.8
ALC002100,EMP0572,PRJ0077,CLI0025,2026-04-19,2026-05-29,81.1,50.7,66.5,14.6,Analyst,Completed,High,Underallocated,64.1
ALC002101,EMP0147,PRJ0179,CLI0012,2026-06-02,2026-09-05,59.8,37.4,49.0,10.8,Designer,Completed,High,Underallocated,83.0
ALC002102,EMP0752,PRJ0140,CLI0018,2026-04-18,2026-05-25,100.8,63.0,82.7,18.1,Designer,Active,Low,Allocated,93.0
ALC002103,EMP0044,PRJ0087,CLI0046,2026-06-20,2026-10-07,120.3,75.2,98.6,21.7,Developer,Active,Medium,Allocated,88.5
ALC002104,EMP0767,PRJ0173,CLI0012,2026-01-04,2026-05-16,125.4,78.4,102.8,22.6,Support,On Hold,Low,Allocated,63.0
ALC002105,EMP0208,PRJ0102,CLI0043,2026-03-07,2026-06-08,,,134.2,29.5,Tester,On Hold,Critical,Overallocated,94.6
ALC002106,EMP0291,PRJ0041,CLI0044,2026-01-10,2026-02-14,89.8,56.1,73.6,16.2,PM,Active,High,Underallocated,71.6
ALC002107,EMP0073,PRJ0017,CLI0050,2026-04-03,2026-06-10,177.8,111.1,145.8,32.0,Support,Active,Critical,Overallocated,82.2
ALC002108,EMP0021,PRJ0022,CLI0037,2026-05-01,2026-08-30,177.9,111.2,145.9,32.0,Tester,On Hold,High,Overallocated,79.3
ALC002109,EMP0225,PRJ0027,CLI0004,2026-02-12,2026-06-05,121.0,75.6,99.2,21.8,Tester,Completed,High,Allocated,88.7
ALC002110,EMP0819,PRJ0091,CLI0026,2026-02-15,2026-07-09,78.9,49.3,64.7,14.2,Analyst,Completed,High,Underallocated,92.9
ALC002111,EMP0530,PRJ0017,CLI0050,2026-03-15,2026-06-01,211.7,132.3,173.6,38.1,Analyst,Completed,Critical,Overallocated,83.0
ALC002112,EMP0171,PRJ0105,CLI0056,2026-01-17,2026-02-20,181.0,113.1,148.4,32.6,Support,Active,Critical,Overallocated,83.4
ALC002113,EMP0121,PRJ0160,CLI0057,2026-04-10,2026-06-22,119.7,74.8,98.2,21.5,Designer,Active,Critical,Allocated,80.8
ALC002114,EMP0498,PRJ0002,CLI0046,2026-05-05,2026-06-16,57.4,35.9,47.1,10.3,Lead,Active,High,Underallocated,69.8
ALC002115,EMP0462,PRJ0108,CLI0055,2026-05-12,2026-09-19,136.8,85.5,112.2,24.6,Developer,Completed,High,Allocated,65.7
ALC002116,EMP0815,PRJ0021,CLI0060,2026-05-06,2026-08-02,88.5,55.3,72.6,15.9,PM,On Hold,High,Underallocated,69.5
ALC002117,EMP0379,PRJ0129,CLI0019,2026-04-06,2026-06-28,147.0,91.9,120.5,26.5,Analyst,Completed,Critical,Allocated,72.7
ALC002118,EMP0425,PRJ0106,CLI0041,2026-02-06,2026-03-29,121.1,75.7,99.3,21.8,Developer,On Hold,Critical,Allocated,65.0
ALC002119,EMP0826,PRJ0046,CLI0048,2026-03-04,2026-06-27,48.2,30.1,39.5,8.7,Support,On Hold,Low,Underallocated,64.1
ALC002120,EMP0850,PRJ0106,CLI0041,2026-05-09,2026-09-14,64.8,40.5,53.1,11.7,Lead,Active,High,Underallocated,80.4
ALC002121,EMP0355,PRJ0069,CLI0021,2026-02-03,2026-03-16,81.4,50.9,66.7,14.7,Designer,Active,Critical,Underallocated,64.0
ALC002122,EMP0475,PRJ0080,CLI0026,2026-03-20,2026-06-12,177.6,111.0,145.6,32.0,Tester,Active,Medium,Overallocated,91.2
ALC002123,EMP0238,PRJ0109,CLI0010,2026-06-10,2026-09-28,86.1,53.8,70.6,15.5,Tester,On Hold,High,Underallocated,74.4
ALC002124,EMP0130,PRJ0173,CLI0012,2026-06-05,2026-07-17,21.1,13.2,17.3,3.8,Analyst,On Hold,Critical,Underallocated,68.4
ALC002125,EMP0543,PRJ0138,CLI0018,2026-02-03,2026-03-11,104.0,65.0,85.3,18.7,PM,Active,Critical,Allocated,94.2
ALC002126,EMP0225,PRJ0114,CLI0043,2026-05-06,2026-09-19,101.6,63.5,83.3,18.3,Lead,On Hold,Medium,Allocated,75.0
ALC002127,EMP0823,PRJ0062,CLI0038,2026-06-14,2026-09-01,175.5,109.7,143.9,31.6,Support,Active,Low,Overallocated,62.5
ALC002128,EMP0251,,CLI0026,2026-03-08,2026-07-31,172.6,107.9,141.5,31.1,PM,Active,Low,Overallocated,83.3
ALC002129,EMP0077,PRJ0013,CLI0048,2026-04-16,2026-08-17,59.7,37.3,49.0,10.7,Designer,On Hold,Medium,Underallocated,67.7
ALC002130,EMP0222,PRJ0037,CLI0057,2026-01-15,2026-02-13,127.7,79.8,104.7,23.0,Tester,Completed,High,Allocated,79.3
ALC002131,EMP0071,PRJ0173,CLI0012,2026-02-15,2026-04-09,143.7,89.8,117.8,25.9,Analyst,On Hold,Low,Allocated,68.3
ALC002132,EMP0158,PRJ0065,CLI0003,2026-05-01,2026-07-25,107.2,67.0,87.9,19.3,Analyst,Active,Medium,Allocated,77.4
ALC002133,EMP0240,PRJ0169,CLI0060,2026-04-21,2026-08-08,,74.4,97.6,21.4,Designer,On Hold,Critical,Allocated,66.4
ALC002134,EMP0353,PRJ0108,CLI0055,2026-05-06,2026-09-24,156.2,97.6,128.1,28.1,Developer,Active,Low,Allocated,60.4
ALC002135,EMP0674,PRJ0094,CLI0008,2026-05-14,2026-06-21,123.7,77.3,101.4,22.3,Support,Active,High,Allocated,74.1
ALC002136,EMP0213,PRJ0101,CLI0028,2026-01-08,2026-03-27,138.9,86.8,113.9,25.0,Lead,On Hold,High,Allocated,69.6
ALC002137,EMP0097,PRJ0144,CLI0056,2026-02-08,2026-05-02,168.3,105.2,138.0,30.3,PM,Completed,High,Overallocated,72.4
ALC002138,EMP0684,PRJ0018,CLI0024,2026-05-20,2026-07-05,94.1,58.8,77.2,16.9,Support,Active,Critical,Underallocated,61.9
ALC002139,EMP0755,PRJ0124,CLI0045,2026-02-03,2026-07-03,143.8,89.9,117.9,25.9,Lead,On Hold,Medium,Allocated,86.2
ALC002140,EMP0350,PRJ0129,CLI0019,2026-06-08,2026-08-04,94.2,58.9,77.2,17.0,Analyst,Active,High,Underallocated,68.1
ALC002141,EMP0435,PRJ0058,CLI0020,2026-01-14,2026-06-08,154.9,96.8,127.0,27.9,Developer,On Hold,Critical,Allocated,92.5
ALC002142,EMP0482,PRJ0107,CLI0032,2026-03-02,2026-07-15,87.2,54.5,71.5,15.7,Support,On Hold,High,Underallocated,65.0
ALC002143,EMP0299,PRJ0152,CLI0005,2026-02-07,2026-07-05,129.4,80.9,106.1,23.3,PM,Active,Medium,Allocated,78.1
ALC002144,EMP0513,PRJ0178,CLI0030,2026-03-14,2026-06-02,102.9,64.3,84.4,18.5,Developer,Active,High,Allocated,76.4
ALC002145,EMP0761,PRJ0156,CLI0002,2026-03-13,2026-05-24,135.5,84.7,111.1,24.4,Developer,Active,High,Allocated,75.4
ALC002146,EMP0073,PRJ0092,CLI0007,2026-02-01,2026-03-31,78.2,48.9,64.1,14.1,Designer,Completed,Medium,Underallocated,67.4
ALC002147,EMP0216,PRJ0032,CLI0053,2026-02-02,2026-02-22,101.0,63.1,82.8,18.2,Support,On Hold,High,Allocated,68.9
ALC002148,EMP0037,PRJ0075,CLI0033,2026-04-06,2026-06-22,109.9,68.7,90.1,19.8,Support,Completed,Medium,Allocated,68.8
ALC002149,EMP0781,PRJ0047,CLI0018,2026-05-02,2026-08-18,69.0,43.1,56.6,12.4,Developer,On Hold,Critical,Underallocated,63.1
ALC002150,EMP0848,PRJ0139,CLI0008,2026-04-02,2026-06-26,87.7,54.8,71.9,15.8,PM,On Hold,Low,Underallocated,83.9
ALC002151,EMP0065,PRJ0068,CLI0059,2026-06-04,2026-10-07,46.4,29.0,38.0,8.4,Analyst,Completed,Low,Underallocated,77.3
ALC002152,EMP0435,PRJ0064,CLI0024,2026-06-15,2026-09-18,127.0,79.4,104.1,22.9,Support,On Hold,Medium,Allocated,75.0
ALC002153,EMP0524,PRJ0180,CLI0006,2026-03-08,2026-06-19,143.8,89.9,117.9,25.9,Tester,Completed,Medium,Allocated,69.4
ALC002154,EMP0620,PRJ0023,CLI0035,2026-05-09,2026-09-26,56.3,35.2,46.2,10.1,Analyst,Completed,Critical,Underallocated,90.1
ALC002155,EMP0524,PRJ0180,CLI0006,2026-01-19,2026-05-08,65.1,40.7,53.4,11.7,Analyst,Active,Critical,Underallocated,88.7
ALC002156,EMP0520,PRJ0068,CLI0059,2026-06-21,2026-09-29,73.6,46.0,60.4,13.2,Support,Active,Critical,Underallocated,84.4
ALC002157,EMP0238,PRJ0044,CLI0043,2026-02-14,2026-05-20,61.1,38.2,50.1,11.0,Lead,Completed,Medium,Underallocated,80.7
ALC002158,EMP0387,PRJ0090,CLI0041,2026-02-05,2026-06-03,128.0,80.0,105.0,23.0,Developer,Completed,Critical,Allocated,63.2
ALC002159,EMP0531,PRJ0074,CLI0006,2026-06-19,2026-08-08,84.3,52.7,69.1,15.2,Designer,Completed,Low,Underallocated,83.9
ALC002160,EMP0623,PRJ0114,CLI0043,2026-06-21,2026-08-19,122.1,76.3,100.1,22.0,Lead,Active,High,Allocated,88.0
ALC002161,EMP0031,PRJ0171,CLI0001,2026-04-19,2026-08-24,82.1,51.3,67.3,14.8,Designer,On Hold,Critical,Underallocated,61.2
ALC002162,EMP0240,PRJ0072,CLI0030,2026-04-21,2026-05-26,98.4,61.5,80.7,17.7,Lead,On Hold,Critical,Allocated,93.8
ALC002163,EMP0145,PRJ0068,CLI0059,2026-06-08,2026-11-05,153.6,96.0,126.0,27.6,Lead,On Hold,High,Allocated,61.5
ALC002164,EMP0717,PRJ0070,CLI0013,2026-01-19,2026-03-03,65.8,41.1,54.0,11.8,Analyst,On Hold,High,Underallocated,87.5
ALC002165,EMP0166,PRJ0107,CLI0032,2026-01-19,2026-04-14,89.6,56.0,73.5,16.1,Tester,Active,Critical,Underallocated,94.2
ALC002166,EMP0651,PRJ0015,CLI0015,2026-02-12,2026-03-06,128.6,80.4,105.5,23.1,Designer,Active,High,Allocated,91.7
ALC002167,EMP0025,PRJ0130,CLI0056,2026-02-04,2026-05-16,99.2,62.0,81.3,17.9,Support,On Hold,High,Allocated,61.1
ALC002168,EMP0448,PRJ0026,CLI0019,2026-03-01,2026-07-14,119.5,74.7,98.0,21.5,Lead,Completed,Low,Allocated,70.9
ALC002169,EMP0134,PRJ0018,CLI0024,2026-03-11,2026-05-10,112.0,70.0,91.8,20.2,Developer,On Hold,High,Allocated,90.4
ALC002170,EMP0742,PRJ0040,CLI0014,2026-03-11,2026-05-01,51.7,32.3,42.4,9.3,Support,Completed,Critical,Underallocated,75.7
ALC002171,EMP0435,PRJ0096,CLI0056,2026-02-18,2026-03-18,168.0,,137.8,30.2,Tester,Active,High,Overallocated,78.5
ALC002172,EMP0043,PRJ0053,CLI0011,2026-06-18,2026-08-08,108.0,67.5,88.6,19.4,PM,Active,Low,Allocated,94.1
ALC002173,EMP0818,PRJ0014,CLI0026,2026-04-12,2026-07-30,175.8,109.9,144.2,31.6,Tester,Active,Medium,Overallocated,69.2
ALC002174,EMP0543,PRJ0027,CLI0004,2026-06-08,2026-08-02,125.6,78.5,103.0,22.6,Support,Active,Critical,Allocated,86.8
ALC002175,EMP0314,PRJ0069,CLI0021,2026-02-08,2026-02-28,164.6,102.9,135.0,29.6,PM,Completed,Medium,Overallocated,68.8
ALC002176,EMP0839,PRJ0076,CLI0055,2026-04-09,2026-05-04,153.0,95.6,125.5,27.5,Designer,On Hold,High,Allocated,76.6
ALC002177,EMP0390,PRJ0052,CLI0022,2026-06-12,2026-09-28,161.1,100.7,132.1,29.0,Support,Active,Critical,Overallocated,76.9
ALC002178,EMP0679,PRJ0138,CLI0018,2026-04-11,2026-05-03,103.0,64.4,84.5,18.5,Developer,Active,High,Allocated,64.3
ALC002179,EMP0737,PRJ0086,CLI0017,2026-01-19,2026-04-10,183.5,114.7,150.5,33.0,Tester,On Hold,Critical,Overallocated,69.7
ALC002180,EMP0171,PRJ0017,CLI0050,2026-04-08,2026-07-02,93.1,58.2,76.3,16.8,Designer,Completed,Medium,Underallocated,94.1
ALC002181,EMP0351,PRJ0025,CLI0003,2026-06-01,2026-09-15,126.6,79.1,103.8,22.8,Developer,Completed,Low,Allocated,89.6
ALC002182,EMP0156,PRJ0058,CLI0020,2026-03-12,2026-05-26,146.6,91.6,120.2,26.4,Developer,Active,Low,Allocated,88.5
ALC002183,EMP0560,PRJ0153,CLI0030,2026-01-16,2026-04-04,224.0,140.0,183.7,40.3,Tester,Completed,Low,Overallocated,77.1
ALC002184,EMP0257,PRJ0027,CLI0004,2026-01-07,2026-02-06,155.7,97.3,127.7,28.0,Tester,Completed,High,Allocated,79.7
ALC002185,EMP0076,PRJ0103,CLI0001,2026-04-10,2026-07-07,90.9,56.8,74.5,16.4,Analyst,On Hold,High,Underallocated,84.6
ALC002186,EMP0175,PRJ0137,CLI0012,2026-04-02,2026-07-12,122.7,76.7,100.6,22.1,Support,Active,Medium,Allocated,86.7
ALC002187,EMP0316,PRJ0126,CLI0060,2026-06-13,2026-08-12,58.1,36.3,47.6,10.5,Developer,On Hold,Low,Underallocated,75.4
ALC002188,EMP0728,PRJ0137,CLI0012,2026-06-08,2026-10-26,170.7,106.7,140.0,30.7,Developer,On Hold,Low,Overallocated,88.8
ALC002189,EMP0065,PRJ0127,CLI0026,2026-04-01,2026-08-09,8.0,5.0,6.6,1.4,Tester,Completed,Medium,Underallocated,73.8
ALC002190,EMP0265,PRJ0145,CLI0003,2026-01-14,2026-05-10,105.1,65.7,86.2,18.9,Analyst,Active,Critical,Allocated,79.9
ALC002191,EMP0515,PRJ0058,CLI0020,2026-05-19,2026-09-19,199.8,124.9,163.8,36.0,PM,Completed,Medium,Overallocated,72.0
ALC002192,EMP0091,PRJ0090,CLI0041,2026-03-02,2026-04-16,142.4,89.0,116.8,25.6,Analyst,Completed,Medium,Allocated,81.9
ALC002193,EMP0749,PRJ0102,CLI0043,2026-05-21,2026-09-29,131.5,82.2,107.8,23.7,Support,Active,Critical,Allocated,88.9
ALC002194,EMP0788,PRJ0078,CLI0031,2026-05-04,2026-08-16,64.3,40.2,52.7,11.6,Lead,Completed,High,Underallocated,81.8
ALC002195,EMP0142,PRJ0145,CLI0003,2026-03-11,2026-04-10,165.3,103.3,135.5,29.8,Lead,On Hold,Low,Overallocated,68.7
ALC002196,EMP0773,PRJ0106,CLI0041,2026-01-02,2026-04-04,75.4,47.1,61.8,13.6,Tester,Completed,High,Underallocated,72.6
ALC002197,EMP0358,PRJ0133,CLI0044,2026-05-18,2026-10-02,75.7,47.3,62.1,13.6,Support,Completed,Medium,Underallocated,91.3
ALC002198,EMP0792,PRJ0128,CLI0044,2026-05-20,2026-08-15,165.1,103.2,135.4,29.7,Designer,Completed,Low,Overallocated,79.2
ALC002199,EMP0097,PRJ0072,CLI0030,2026-01-18,2026-05-10,74.1,46.3,60.8,13.3,PM,Active,Critical,Underallocated,73.9
ALC002200,EMP0396,PRJ0158,CLI0059,2026-01-04,2026-05-01,53.4,33.4,43.8,9.6,Designer,Active,Low,Underallocated,88.8
ALC002201,EMP0076,PRJ0033,CLI0030,2026-01-14,2026-02-16,73.4,45.9,60.2,13.2,Analyst,Active,Critical,Underallocated,84.7
ALC002202,EMP0455,PRJ0148,CLI0035,2026-06-04,2026-06-30,119.5,145.0,98.0,21.5,PM,On Hold,Critical,Allocated,74.2
ALC002203,EMP0263,PRJ0076,CLI0055,2026-04-07,2026-06-13,91.8,57.4,75.3,16.5,Analyst,On Hold,Medium,Underallocated,80.7
ALC002204,EMP0218,PRJ0159,CLI0025,2026-06-17,2026-08-30,184.6,115.4,151.4,33.2,Support,Completed,Medium,Overallocated,77.9
ALC002205,EMP0144,PRJ0074,CLI0006,2026-01-18,2026-06-17,113.4,70.9,93.0,20.4,Support,Active,High,Allocated,72.7
ALC002206,EMP0627,PRJ0086,CLI0017,2026-04-17,2026-09-01,62.4,39.0,51.2,11.2,PM,On Hold,Critical,Underallocated,87.7
ALC002207,EMP0478,PRJ0177,CLI0053,2026-05-03,2026-08-25,37.3,23.3,30.6,6.7,Developer,Completed,High,Underallocated,66.2
ALC002208,EMP0272,PRJ0076,CLI0055,2026-03-12,2026-05-01,148.0,92.5,121.4,26.6,Tester,Completed,Medium,Allocated,63.4
ALC002209,EMP0691,PRJ0130,CLI0056,2026-03-09,2026-06-29,124.0,77.5,101.7,22.3,Tester,On Hold,Low,Allocated,69.7
ALC002210,EMP0252,PRJ0159,CLI0025,2026-05-12,2026-08-15,136.3,85.2,111.8,24.5,PM,On Hold,Critical,Allocated,60.4
ALC002211,EMP0780,PRJ0111,CLI0043,2026-01-14,2026-02-15,94.9,59.3,77.8,17.1,Analyst,Active,Critical,Underallocated,83.7
ALC002212,EMP0467,PRJ0171,CLI0001,2026-06-06,2026-08-29,118.2,73.9,96.9,21.3,Designer,Completed,Medium,Allocated,80.2
ALC002213,EMP0187,PRJ0135,CLI0022,2026-02-07,2026-05-11,159.7,99.8,131.0,28.7,Analyst,Active,High,Allocated,89.6
ALC002214,EMP0850,PRJ0022,CLI0037,2026-06-06,2026-08-11,112.2,70.1,92.0,20.2,Lead,Active,High,Allocated,72.4
ALC002215,EMP0542,PRJ0006,CLI0019,2026-01-08,2026-04-02,66.1,41.3,54.2,11.9,Support,On Hold,High,Underallocated,83.0
ALC002216,EMP0078,PRJ0180,CLI0006,2026-05-07,2026-06-06,141.0,88.1,115.6,25.4,PM,On Hold,Low,Allocated,90.6
ALC002217,EMP0117,PRJ0022,CLI0037,2026-03-15,2026-04-09,98.1,61.3,80.4,17.7,PM,On Hold,Low,Allocated,65.6
ALC002218,EMP0781,PRJ0120,CLI0028,2026-01-20,2026-04-09,150.7,94.2,123.6,27.1,Support,Completed,Medium,Allocated,89.1
ALC002219,EMP0772,PRJ0063,CLI0016,2026-06-12,2026-10-12,113.0,70.6,92.7,20.3,Tester,Completed,High,Allocated,72.4
ALC002220,EMP0602,PRJ0047,CLI0018,2026-02-21,2026-06-25,146.4,91.5,120.0,26.4,Analyst,Active,Critical,Allocated,83.4
ALC002221,EMP0745,PRJ0054,CLI0021,2026-04-01,2026-05-09,132.3,82.7,108.5,23.8,Analyst,On Hold,Low,Allocated,72.3
ALC002222,EMP0073,PRJ0149,CLI0039,2026-05-07,2026-07-05,164.0,102.5,134.5,29.5,PM,Completed,High,Overallocated,80.3
ALC002223,EMP0202,PRJ0105,CLI0056,2026-04-07,2026-06-20,150.6,94.1,123.5,27.1,PM,Completed,Low,Allocated,64.7
ALC002224,EMP0260,PRJ0077,CLI0025,2026-06-04,2026-07-22,59.8,37.4,49.0,10.8,Developer,On Hold,High,Underallocated,94.4
ALC002225,EMP0062,PRJ0097,CLI0018,2026-06-03,2026-09-24,37.1,23.2,30.4,6.7,Designer,Completed,High,Underallocated,72.4
ALC002226,EMP0119,PRJ0121,CLI0015,2026-06-04,2026-10-05,109.0,68.1,89.4,19.6,Tester,Active,Low,Allocated,65.8
ALC002227,EMP0664,PRJ0038,CLI0059,2026-04-08,2026-09-03,136.0,85.0,111.5,24.5,Analyst,Completed,Low,Allocated,86.7
ALC002228,EMP0562,PRJ0086,CLI0017,2026-01-19,2026-05-29,83.0,51.9,68.1,14.9,Designer,Completed,Low,Underallocated,61.2
ALC002229,EMP0345,PRJ0152,CLI0005,2026-04-18,2026-06-11,129.8,81.1,106.4,23.4,Lead,On Hold,High,Allocated,75.0
ALC002230,EMP0085,PRJ0109,CLI0010,2026-01-15,2026-06-08,128.2,80.1,105.1,23.1,Designer,Completed,Low,Allocated,83.4
ALC002231,EMP0173,PRJ0023,CLI0035,2026-04-20,2026-06-23,109.1,68.2,89.5,19.6,Tester,Completed,Critical,Allocated,92.9
ALC002232,EMP0717,PRJ0006,CLI0019,2026-06-13,2026-09-15,86.6,54.1,71.0,15.6,PM,Active,Low,Underallocated,62.7
ALC002233,EMP0386,PRJ0144,CLI0056,2026-02-14,2026-05-29,71.2,44.5,58.4,12.8,PM,Active,High,Underallocated,81.5
ALC002234,EMP0628,PRJ0139,CLI0008,2026-04-19,2026-05-24,211.2,132.0,173.2,38.0,Analyst,Active,High,Overallocated,75.6
ALC002235,EMP0674,PRJ0167,CLI0027,2026-06-05,2026-09-16,27.2,17.0,22.3,4.9,Tester,On Hold,Critical,Underallocated,64.3
ALC002236,EMP0339,PRJ0141,CLI0028,2026-04-01,2026-08-03,62.4,39.0,51.2,11.2,Developer,On Hold,Critical,Underallocated,86.6
ALC002237,EMP0059,PRJ0136,CLI0003,2026-06-01,2026-07-30,216.0,135.0,177.1,38.9,Designer,On Hold,High,Overallocated,94.6
ALC002238,EMP0704,PRJ0024,CLI0041,2026-06-21,2026-07-23,70.7,44.2,58.0,12.7,Support,Completed,Critical,Underallocated,86.6
ALC002239,EMP0819,PRJ0033,CLI0030,2026-06-07,2026-09-21,89.4,55.9,73.3,16.1,Analyst,Completed,Medium,Underallocated,82.1
ALC002240,EMP0340,PRJ0053,CLI0011,2026-02-19,2026-06-02,139.2,87.0,114.1,25.1,Tester,On Hold,Critical,Allocated,76.4
ALC002241,EMP0408,PRJ0003,CLI0041,2026-02-21,2026-06-24,131.2,82.0,107.6,23.6,Analyst,Active,Medium,Allocated,73.6
ALC002242,EMP0099,PRJ0138,CLI0018,2026-06-08,2026-08-01,129.8,81.1,106.4,23.4,PM,Completed,Medium,Allocated,85.3
ALC002243,EMP0633,PRJ0048,CLI0035,2026-04-13,2026-08-26,171.8,107.4,140.9,30.9,Analyst,Active,Critical,Overallocated,65.2
ALC002244,EMP0375,PRJ0072,CLI0030,2026-06-09,2026-10-19,73.6,46.0,60.4,13.2,Tester,On Hold,High,Underallocated,70.3
ALC002245,EMP0145,PRJ0069,CLI0021,2026-02-11,2026-04-26,119.0,74.4,97.6,21.4,Tester,On Hold,Low,Allocated,68.4
ALC002246,EMP0746,PRJ0075,CLI0033,2026-01-05,2026-02-03,109.9,68.7,90.1,19.8,PM,On Hold,Critical,Allocated,81.2
ALC002247,EMP0767,PRJ0023,CLI0035,2026-02-06,2026-07-01,76.8,48.0,63.0,13.8,PM,Completed,Low,Underallocated,89.2
ALC002248,EMP0305,PRJ0064,CLI0024,2026-01-02,2026-02-20,116.2,72.6,95.3,20.9,Developer,Completed,Low,Allocated,88.2
ALC002249,EMP0719,PRJ0026,CLI0019,2026-05-14,2026-07-04,134.4,84.0,110.2,24.2,PM,Completed,Low,Allocated,70.2
ALC002250,EMP0396,PRJ0105,CLI0056,2026-04-10,2026-07-23,135.4,84.6,111.0,24.4,Support,Active,Medium,Allocated,69.3
ALC002251,EMP0738,PRJ0146,CLI0006,2026-03-19,2026-08-02,154.7,96.7,126.9,27.8,Lead,Active,Medium,Allocated,67.5
ALC002252,EMP0106,PRJ0005,CLI0011,2026-06-16,2026-10-30,110.4,69.0,90.5,19.9,PM,Completed,Medium,Allocated,70.4
ALC002253,EMP0123,PRJ0171,CLI0001,2026-02-07,2026-04-11,71.7,44.8,58.8,12.9,Analyst,Active,Low,Underallocated,90.1
ALC002254,EMP0505,PRJ0160,CLI0057,2026-01-20,2026-02-27,56.6,35.4,46.4,10.2,Support,Active,High,Underallocated,86.8
ALC002255,EMP0346,PRJ0066,CLI0051,2026-02-09,2026-03-08,93.6,58.5,76.8,16.8,PM,Active,Medium,Underallocated,68.8
ALC002256,EMP0131,PRJ0029,CLI0058,2026-04-09,2026-05-12,57.9,36.2,47.5,10.4,Lead,On Hold,High,Underallocated,86.8
ALC002257,EMP0245,PRJ0150,CLI0003,2026-01-14,2026-06-11,83.5,52.2,68.5,15.0,Designer,On Hold,High,Underallocated,69.2
ALC002258,EMP0066,PRJ0015,CLI0015,2026-02-11,2026-07-05,64.8,40.5,53.1,11.7,Designer,Completed,Medium,Underallocated,94.9
ALC002259,EMP0809,PRJ0024,CLI0041,2026-06-01,2026-10-24,85.8,53.6,70.4,15.4,Analyst,Active,Medium,Underallocated,68.9
ALC002260,EMP0252,PRJ0116,CLI0042,2026-02-03,2026-04-05,183.4,114.6,150.4,33.0,Tester,Completed,Medium,Overallocated,89.1
ALC002261,EMP0245,PRJ0116,CLI0042,2026-05-21,2026-08-13,107.0,66.9,87.7,19.3,Tester,On Hold,Critical,Allocated,70.9
ALC002262,EMP0713,PRJ0025,CLI0003,2026-03-19,2026-06-27,174.9,109.3,143.4,31.5,Tester,On Hold,Critical,Overallocated,61.6
ALC002263,EMP0009,PRJ0075,CLI0033,2026-04-05,2026-08-10,128.6,80.4,105.5,23.1,Developer,On Hold,Medium,Allocated,69.2
ALC002264,EMP0003,PRJ9999,CLI0021,2026-05-20,2026-06-24,87.0,54.4,71.3,15.7,Support,Completed,Critical,Underallocated,68.5
ALC002265,EMP0775,PRJ0101,CLI0028,2026-01-12,2026-03-25,107.0,66.9,87.7,19.3,PM,Completed,High,Allocated,74.2
ALC002266,EMP0017,PRJ0063,CLI0016,2026-05-12,2026-07-21,45.9,28.7,37.6,8.3,Designer,On Hold,Low,Underallocated,91.1
ALC002267,EMP0583,PRJ0091,CLI0026,2026-06-06,2026-07-24,98.7,61.7,80.9,17.8,Designer,Active,Low,Allocated,76.0
ALC002268,EMP0336,PRJ0134,CLI0007,2026-01-16,2026-04-23,59.5,37.2,48.8,10.7,Support,On Hold,High,Underallocated,83.7
ALC002269,EMP0782,PRJ0018,CLI0024,2026-02-02,2026-03-28,136.0,85.0,111.5,24.5,Designer,On Hold,Low,Allocated,93.4
ALC002270,EMP0770,PRJ0162,CLI0012,2026-02-16,2026-05-24,94.6,59.1,77.6,17.0,Tester,Active,Critical,Underallocated,88.7
ALC002271,EMP0163,PRJ0091,CLI0026,2026-03-07,2026-07-20,99.8,62.4,81.8,18.0,Support,On Hold,Critical,Allocated,69.1
ALC002272,EMP0655,PRJ0032,CLI0053,2026-06-19,2026-09-30,95.4,,78.2,17.2,Analyst,Active,High,Underallocated,73.6
ALC002273,EMP0008,PRJ0120,CLI0028,2026-01-12,2026-05-07,,92.5,121.4,26.6,Support,Active,Medium,Allocated,68.6
ALC002274,EMP0705,PRJ0042,CLI0026,2026-02-05,2026-03-19,,47.8,62.7,13.8,PM,Active,Critical,Underallocated,86.5
ALC002275,EMP0347,PRJ0128,CLI0044,2026-03-10,2026-05-24,73.8,46.1,60.5,13.3,PM,Active,Medium,Underallocated,64.4
ALC002276,EMP0507,PRJ0114,CLI0043,2026-03-11,2026-07-04,125.8,78.6,103.2,22.6,Developer,Active,Medium,Allocated,92.7
ALC002277,EMP0030,PRJ0107,CLI0032,2026-05-05,2026-09-13,155.5,97.2,127.5,28.0,PM,On Hold,Medium,Allocated,65.6
ALC002278,EMP0181,PRJ0127,CLI0026,2026-02-14,2026-03-26,125.3,78.3,102.7,22.6,Tester,On Hold,High,Allocated,76.1
ALC002279,EMP0044,PRJ0021,CLI0060,2026-01-17,2026-03-04,199.5,124.7,163.6,35.9,Lead,Completed,Critical,Overallocated,62.1
ALC002280,EMP0394,PRJ0141,CLI0028,2026-03-15,2026-07-31,74.6,46.6,61.2,13.4,Support,Active,Low,Underallocated,72.1
ALC002281,EMP0324,PRJ0030,CLI0043,2026-04-06,2026-07-18,25.3,15.8,20.7,4.6,Tester,Active,Critical,Underallocated,60.6
ALC002282,EMP0625,PRJ0174,CLI0032,2026-04-14,2026-07-16,131.5,82.2,107.8,23.7,Developer,On Hold,High,Allocated,65.1
ALC002283,EMP0763,PRJ0121,CLI0015,2026-04-01,2026-07-18,105.9,66.2,86.8,19.1,Designer,On Hold,Low,Allocated,65.0
ALC002284,EMP0492,PRJ0029,CLI0058,2026-06-05,2026-08-03,130.9,81.8,107.3,23.6,Developer,Completed,High,Allocated,67.8
ALC002285,EMP0498,PRJ0120,CLI0028,2026-05-19,2026-09-15,146.2,91.4,119.9,26.3,PM,Active,Critical,Allocated,61.1
ALC002286,EMP0458,PRJ0101,CLI0028,2026-06-21,2026-11-05,51.0,31.9,41.8,9.2,Tester,On Hold,Medium,Underallocated,94.8
ALC002287,EMP0612,PRJ0167,CLI0027,2026-01-12,2026-05-26,100.5,62.8,82.4,18.1,Designer,On Hold,Critical,Allocated,62.1
ALC002288,EMP0830,PRJ0115,CLI0050,2026-04-03,2026-06-08,135.5,84.7,111.1,24.4,Support,Active,High,Allocated,78.9
ALC002289,EMP0228,PRJ0076,CLI0055,2026-06-05,2026-09-19,122.2,76.4,100.2,22.0,Lead,Active,Critical,Allocated,81.3
ALC002290,EMP0641,PRJ0054,CLI0021,2026-01-13,2026-02-19,105.0,65.6,86.1,18.9,Analyst,Active,High,Allocated,91.1
ALC002291,EMP0231,PRJ0112,CLI0006,2026-06-07,2026-08-08,141.6,88.5,116.1,25.5,Support,Active,Medium,Allocated,62.4
ALC002292,EMP0773,PRJ0138,CLI0018,2026-02-01,2026-03-03,151.8,94.9,124.5,27.3,Lead,Active,High,Allocated,60.6
ALC002293,EMP0185,PRJ0173,CLI0012,2026-05-17,2026-09-30,29.9,18.7,24.5,5.4,Developer,On Hold,High,Underallocated,85.0
ALC002294,EMP0095,PRJ0045,CLI0011,2026-05-06,2026-07-27,175.0,109.4,143.5,31.5,Lead,Active,High,Overallocated,88.0
ALC002295,EMP0095,PRJ0015,CLI0015,2026-05-05,2026-08-17,63.0,39.4,51.7,11.3,Analyst,On Hold,High,Underallocated,77.3
ALC002296,EMP0111,PRJ0067,CLI0015,2026-04-20,2026-08-14,135.8,84.9,111.4,24.4,Developer,Completed,Critical,Allocated,73.8
ALC002297,EMP0109,PRJ0130,CLI0056,2026-05-09,2026-08-27,98.7,61.7,80.9,17.8,Developer,Active,Low,Allocated,90.9
ALC002298,EMP0065,PRJ0073,CLI0016,2026-02-18,2026-07-03,162.2,101.4,133.0,29.2,Analyst,Completed,Low,Overallocated,71.4
ALC002299,EMP0709,PRJ0028,CLI0011,2026-03-06,2026-05-26,140.8,88.0,115.5,25.3,PM,On Hold,High,Allocated,80.7
ALC002300,EMP0819,PRJ0063,CLI0016,2026-04-14,2026-08-11,135.5,84.7,111.1,24.4,Tester,On Hold,High,Allocated,60.1
ALC002301,EMP0055,PRJ0023,CLI0035,2026-05-11,2026-08-21,120.8,75.5,99.1,21.7,PM,On Hold,Medium,Allocated,84.6
ALC002302,EMP0751,PRJ0067,CLI0015,2026-02-04,2026-06-08,90.6,56.6,74.3,16.3,Tester,Completed,Critical,Underallocated,78.6
ALC002303,EMP0510,PRJ0014,CLI0026,2026-03-04,2026-07-30,72.3,45.2,59.3,13.0,PM,Active,High,Underallocated,89.0
ALC002304,EMP0340,PRJ0001,CLI0057,2026-02-09,2026-04-12,56.6,35.4,46.4,10.2,Tester,Active,Critical,Underallocated,88.2
ALC002305,EMP0141,PRJ0004,CLI0056,2026-03-13,2026-07-28,87.0,,71.3,15.7,Support,On Hold,Medium,Underallocated,85.0
ALC002306,EMP0490,PRJ0155,CLI0042,2026-03-12,2026-07-30,148.5,92.8,121.8,26.7,Support,Active,Medium,Allocated,68.4
ALC002307,EMP0404,PRJ0040,CLI0014,2026-05-16,2026-10-07,72.0,45.0,59.0,13.0,PM,Completed,Low,Underallocated,87.7
ALC002308,EMP0354,PRJ0117,CLI0006,2026-04-10,2026-07-21,160.3,100.2,131.4,28.9,PM,On Hold,Medium,Overallocated,78.9
ALC002309,EMP0657,PRJ0123,CLI0039,2026-03-07,2026-07-05,71.0,44.4,58.2,12.8,Designer,Completed,Medium,Underallocated,91.8
ALC002310,EMP0432,PRJ0155,CLI0042,2026-05-17,2026-07-11,105.4,65.9,86.4,19.0,Lead,Active,Critical,Allocated,71.8
ALC002311,EMP0330,PRJ0175,CLI0054,2026-03-17,2026-05-07,130.1,81.3,106.7,23.4,Support,Completed,Low,Allocated,94.3
ALC002312,EMP0657,PRJ0095,CLI0017,2026-03-02,2026-06-03,153.1,95.7,125.5,27.6,Analyst,Completed,Critical,Allocated,64.3
ALC002313,EMP0582,PRJ0070,CLI0013,2026-04-08,2026-06-11,97.3,60.8,79.8,17.5,Support,Active,Low,Allocated,72.6
ALC002314,EMP0449,PRJ0150,CLI0003,2026-02-18,2026-04-18,131.2,82.0,107.6,23.6,Support,On Hold,Critical,Allocated,84.4
ALC002315,EMP0371,PRJ0134,CLI0007,2026-05-16,2026-06-12,120.5,75.3,98.8,21.7,Support,On Hold,High,Allocated,78.1
ALC002316,EMP0338,PRJ0069,CLI0021,2026-06-21,2026-08-18,102.1,63.8,83.7,18.4,Support,On Hold,High,Allocated,92.8
ALC002317,EMP0754,PRJ0095,CLI0017,2026-06-17,2026-09-08,70.4,44.0,57.7,12.7,Designer,On Hold,Critical,Underallocated,87.8
ALC002318,EMP0850,PRJ0081,CLI0038,2026-04-12,2026-07-24,129.6,81.0,106.3,23.3,Analyst,Active,Medium,Allocated,78.3
ALC002319,EMP0819,PRJ0001,CLI0057,2026-06-03,2026-09-15,113.1,70.7,92.7,20.4,Analyst,On Hold,High,Allocated,65.4
ALC002320,EMP0678,PRJ0142,CLI0026,2026-01-20,2026-03-23,99.2,62.0,81.3,17.9,Analyst,On Hold,Low,Allocated,92.2
ALC002321,EMP0478,PRJ0083,CLI0032,2026-06-10,2026-07-07,116.6,72.9,95.6,21.0,Developer,On Hold,Medium,Allocated,67.5
ALC002322,EMP0092,PRJ0148,CLI0035,2026-01-02,2026-04-16,134.9,84.3,110.6,24.3,Support,On Hold,Low,Allocated,74.7
ALC002323,EMP0250,PRJ0103,CLI0001,2026-04-16,2026-07-30,44.8,28.0,36.7,8.1,Lead,Completed,Medium,Underallocated,61.2
ALC002324,EMP0355,PRJ0126,CLI0060,2026-05-13,2026-09-11,90.1,56.3,73.9,16.2,Developer,On Hold,Medium,Underallocated,87.5
ALC002325,EMP0764,PRJ0153,CLI0030,2026-01-16,2026-02-28,73.0,45.6,59.9,13.1,Tester,Completed,Medium,Underallocated,73.8
ALC002326,EMP0606,PRJ0082,CLI0013,2026-05-01,2026-09-05,76.0,47.5,62.3,13.7,Analyst,Completed,Critical,Underallocated,65.6
ALC002327,EMP0525,PRJ0046,CLI0048,2026-04-08,2026-06-30,80.5,50.3,66.0,14.5,Support,Active,High,Underallocated,69.6
ALC002328,EMP0093,PRJ0061,CLI0059,2026-03-18,2026-06-05,156.0,97.5,127.9,28.1,Tester,On Hold,High,Allocated,60.9
ALC002329,EMP0044,PRJ0059,CLI0017,2026-02-11,2026-03-18,125.3,78.3,102.7,22.6,Developer,Active,Medium,Allocated,75.5
ALC002330,EMP0010,PRJ0039,CLI0024,2026-02-01,2026-07-01,68.0,42.5,55.8,12.2,Analyst,Completed,High,Underallocated,90.3
ALC002331,EMP0470,PRJ0074,CLI0006,2026-04-06,2026-06-08,119.4,74.6,97.9,21.5,PM,Active,High,Allocated,73.7
ALC002332,EMP0386,PRJ0132,CLI0013,2026-06-20,2026-08-16,129.1,80.7,105.9,23.2,Analyst,Active,Critical,Allocated,80.7
ALC002333,EMP0275,PRJ0166,CLI0028,2026-06-21,2026-10-13,97.6,61.0,80.0,17.6,Developer,Completed,Low,Allocated,85.2
ALC002334,EMP0086,PRJ0171,CLI0001,2026-05-20,2026-08-19,60.5,37.8,49.6,10.9,Developer,On Hold,Low,Underallocated,85.8
ALC002335,EMP0770,PRJ0017,CLI0050,2026-04-09,2026-07-03,68.5,42.8,56.2,12.3,Analyst,Completed,Medium,Underallocated,70.1
ALC002336,EMP0730,PRJ0011,CLI0024,2026-01-20,2026-03-20,48.5,30.3,39.8,8.7,Tester,Active,Critical,Underallocated,90.1
ALC002337,EMP0532,PRJ0101,CLI0028,2026-06-09,2026-07-16,197.6,123.5,162.0,35.6,Developer,On Hold,Medium,Overallocated,72.7
ALC002338,EMP0418,PRJ0011,CLI0024,2026-04-03,2026-05-28,42.9,26.8,35.2,7.7,Tester,On Hold,High,Underallocated,62.2
ALC002339,EMP0844,PRJ0060,CLI0022,2026-01-07,2026-03-11,61.8,38.6,50.7,11.1,Developer,On Hold,Low,Underallocated,90.8
ALC002340,EMP0126,PRJ0119,CLI0048,2026-05-16,2026-08-25,111.0,69.4,91.0,20.0,Support,Active,Medium,Allocated,69.1
ALC002341,EMP0813,PRJ0125,CLI0019,2026-03-20,2026-07-11,38.9,24.3,31.9,7.0,Developer,Completed,High,Underallocated,86.4
ALC002342,EMP0420,PRJ0050,CLI0039,2026-03-09,2026-04-10,65.6,41.0,53.8,11.8,Analyst,Active,Low,Underallocated,78.2
ALC002343,EMP0242,PRJ0071,CLI0036,2026-05-17,2026-08-03,116.6,72.9,95.6,21.0,Developer,Completed,Low,Allocated,74.8
ALC002344,EMP0589,PRJ0167,CLI0027,2026-03-04,2026-06-07,120.2,75.1,98.6,21.6,PM,On Hold,High,Allocated,87.7
ALC002345,EMP0696,PRJ0036,CLI0045,2026-03-19,2026-04-09,128.3,80.2,105.2,23.1,Lead,Completed,Low,Allocated,91.8
ALC002346,EMP0692,PRJ0019,CLI0054,2026-01-19,2026-05-18,140.6,87.9,115.3,25.3,Support,Completed,Medium,Allocated,75.2
ALC002347,EMP0398,PRJ0109,CLI0010,2026-01-15,2026-06-06,110.4,69.0,90.5,19.9,Lead,Active,Critical,Allocated,86.1
ALC002348,EMP0694,PRJ0150,CLI0003,2026-04-07,2026-06-25,84.5,52.8,69.3,15.2,Developer,Active,Critical,Underallocated,66.4
ALC002349,EMP0550,PRJ0179,CLI0012,2026-01-08,2026-04-24,130.2,81.4,106.8,23.4,Tester,On Hold,Low,Allocated,83.9
ALC002350,EMP0344,PRJ0104,CLI0018,2026-04-12,2026-08-07,167.7,104.8,137.5,30.2,Analyst,On Hold,High,Overallocated,82.3
ALC002351,EMP0633,,CLI0003,2026-04-01,2026-05-09,136.6,85.4,112.0,24.6,Support,Active,Medium,Allocated,89.5
ALC002352,EMP0301,PRJ0103,CLI0001,2026-01-16,2026-03-14,77.4,48.4,63.5,13.9,Analyst,On Hold,High,Underallocated,60.1
ALC002353,EMP0276,PRJ0042,CLI0026,2026-03-02,2026-07-29,136.6,85.4,112.0,24.6,Designer,On Hold,High,Allocated,75.4
ALC002354,EMP0819,PRJ0043,CLI0043,2026-06-02,2026-10-19,134.4,84.0,110.2,24.2,Designer,Active,Low,Allocated,91.7
ALC002355,EMP0701,PRJ0062,CLI0038,2026-04-10,2026-08-18,62.6,39.1,51.3,11.3,Designer,On Hold,Critical,Underallocated,69.9
ALC002356,EMP0510,PRJ0087,CLI0046,2026-02-04,2026-03-15,102.7,64.2,84.2,18.5,Tester,Completed,Low,Allocated,78.3
ALC002357,EMP0277,PRJ0164,CLI0018,2026-02-08,2026-04-07,134.7,84.2,110.5,24.2,Lead,On Hold,Critical,Allocated,85.8
ALC002358,EMP0746,PRJ0080,CLI0026,2026-01-08,2026-01-28,158.4,99.0,129.9,28.5,Tester,Active,Medium,Allocated,65.8
ALC002359,EMP0311,PRJ0023,CLI0035,2026-03-06,2026-04-01,86.1,53.8,70.6,15.5,Developer,Completed,High,Underallocated,87.6
ALC002360,EMP0295,PRJ9999,CLI0003,2026-05-11,2026-09-18,53.8,33.6,44.1,9.7,Developer,Active,High,Underallocated,70.6
ALC002361,EMP0489,PRJ0158,CLI0059,2026-01-10,2026-04-04,132.3,82.7,108.5,23.8,Developer,Active,Critical,Allocated,78.2
ALC002362,EMP0102,PRJ0064,CLI0024,2026-01-16,2026-04-14,102.1,63.8,83.7,18.4,Developer,Completed,Critical,Allocated,60.6
ALC002363,EMP0061,PRJ0063,CLI0016,2026-03-09,2026-07-13,121.6,76.0,99.7,21.9,PM,Completed,Medium,Allocated,94.6
ALC002364,EMP0595,PRJ0156,CLI0002,2026-05-04,2026-08-04,119.7,74.8,98.2,21.5,Analyst,Active,Critical,Allocated,80.9
ALC002365,EMP0687,PRJ0013,CLI0048,2026-05-09,2026-07-03,117.9,73.7,96.7,21.2,Developer,On Hold,Low,Allocated,76.3
ALC002366,EMP0256,PRJ0102,CLI0043,2026-02-10,2026-06-15,95.5,59.7,78.3,17.2,Developer,On Hold,High,Underallocated,91.2
ALC002367,EMP0626,PRJ0134,CLI0007,2026-05-01,2026-07-18,148.3,92.7,121.6,26.7,Analyst,On Hold,High,Allocated,83.9
ALC002368,EMP0294,PRJ0046,CLI0048,2026-02-18,2026-05-16,78.1,48.8,64.0,14.1,Analyst,Completed,Medium,Underallocated,79.5
ALC002369,EMP0316,PRJ0052,CLI0022,2026-01-19,2026-03-09,122.6,76.6,100.5,22.1,Lead,Active,Medium,Allocated,63.0
ALC002370,EMP0551,PRJ0011,CLI0024,2026-04-06,2026-04-26,127.7,79.8,104.7,23.0,Tester,On Hold,Critical,Allocated,90.8
ALC002371,EMP0438,PRJ0076,CLI0055,2026-05-07,2026-06-11,104.2,65.1,85.4,18.8,Lead,On Hold,Low,Allocated,87.3
ALC002372,EMP0541,PRJ0005,CLI0011,2026-03-20,2026-04-19,143.7,89.8,117.8,25.9,Support,Active,Medium,Allocated,63.2
ALC002373,EMP0343,PRJ0052,CLI0022,2026-02-09,2026-04-22,93.4,58.4,76.6,16.8,Tester,Completed,High,Underallocated,82.2
ALC002374,EMP0431,PRJ0064,CLI0024,2026-04-07,2026-05-21,203.8,127.4,167.1,36.7,Tester,Completed,Low,Overallocated,63.0
ALC002375,EMP0043,PRJ0133,CLI0044,2026-04-11,2026-06-30,121.4,75.9,99.5,21.9,Tester,Active,Medium,Allocated,78.5
ALC002376,EMP0323,PRJ0165,CLI0030,2026-04-16,2026-05-24,161.6,101.0,132.5,29.1,Analyst,On Hold,Medium,Overallocated,60.3
ALC002377,EMP0703,PRJ0029,CLI0058,2026-01-13,2026-03-27,147.5,92.2,120.9,26.6,Analyst,On Hold,Low,Allocated,87.9
ALC002378,EMP0176,PRJ0177,CLI0053,2026-05-06,2026-06-21,169.0,105.6,138.6,30.4,Support,On Hold,High,Overallocated,73.7
ALC002379,EMP0374,PRJ0119,CLI0048,2026-06-02,2026-09-24,115.5,72.2,94.7,20.8,PM,Active,Low,Allocated,65.3
ALC002380,EMP0745,PRJ0026,CLI0019,2026-03-19,2026-07-16,157.1,98.2,128.8,28.3,Lead,On Hold,Low,Allocated,89.7
ALC002381,EMP0784,PRJ0094,CLI0008,2026-02-19,2026-05-19,170.2,106.4,139.6,30.6,PM,Active,Critical,Overallocated,75.3
ALC002382,EMP0613,PRJ0021,CLI0060,2026-03-17,2026-06-30,123.5,77.2,101.3,22.2,Designer,On Hold,Medium,Allocated,82.0
ALC002383,EMP0651,PRJ0151,CLI0036,2026-04-07,2026-06-14,84.0,52.5,68.9,15.1,Developer,On Hold,Critical,Underallocated,71.7
ALC002384,EMP0006,PRJ9999,CLI0026,2026-02-13,2026-05-14,185.1,115.7,151.8,33.3,Support,Completed,Medium,Overallocated,87.9
ALC002385,EMP0167,PRJ0180,CLI0006,2026-04-03,2026-07-26,112.8,70.5,92.5,20.3,Support,Active,Low,Allocated,62.9
ALC002386,EMP0730,PRJ0025,CLI0003,2026-05-20,2026-10-17,115.2,72.0,94.5,20.7,Support,Completed,Medium,Allocated,71.6
ALC002387,EMP0845,PRJ0053,CLI0011,2026-02-05,2026-04-19,122.9,76.8,100.8,22.1,Analyst,On Hold,Low,Allocated,79.3
ALC002388,EMP0688,PRJ0079,CLI0059,2026-02-08,2026-06-12,80.6,50.4,66.1,14.5,Analyst,On Hold,Medium,Underallocated,69.2
ALC002389,EMP0248,PRJ0055,CLI0015,2026-05-17,2026-08-15,125.6,78.5,103.0,22.6,Developer,Completed,High,Allocated,93.4
ALC002390,EMP0230,PRJ0131,CLI0009,2026-02-06,2026-03-12,125.9,78.7,103.2,22.7,Lead,On Hold,Critical,Allocated,65.8
ALC002391,EMP0766,PRJ0178,CLI0030,2026-06-15,2026-10-06,111.5,69.7,91.4,20.1,Developer,On Hold,Low,Allocated,74.6
ALC002392,EMP0497,PRJ0098,CLI0044,2026-06-20,2026-08-15,109.3,68.3,89.6,19.7,Lead,On Hold,Medium,Allocated,94.3
ALC002393,EMP0577,PRJ0121,CLI0015,2026-06-03,2026-07-18,103.0,64.4,84.5,18.5,Analyst,Active,Medium,Allocated,74.2
ALC002394,EMP0044,PRJ0164,CLI0018,2026-02-07,2026-03-15,96.8,60.5,79.4,17.4,Lead,On Hold,Low,Allocated,93.1
ALC002395,EMP0104,PRJ0170,CLI0032,2026-04-05,2026-05-09,141.1,88.2,115.7,25.4,Lead,Active,Critical,Allocated,93.6
ALC002396,EMP0643,PRJ0135,CLI0022,2026-06-03,2026-08-11,123.7,77.3,101.4,22.3,Developer,Completed,Critical,Allocated,77.2
ALC002397,EMP0443,PRJ0078,CLI0031,2026-04-03,2026-06-14,149.3,93.3,122.4,26.9,Lead,Active,High,Allocated,67.4
ALC002398,EMP0801,PRJ0167,CLI0027,2026-01-02,2026-02-10,91.2,57.0,74.8,16.4,Tester,Active,Medium,Underallocated,90.8
ALC002399,EMP0121,PRJ0089,CLI0043,2026-05-09,2026-07-30,157.1,98.2,128.8,28.3,Analyst,Completed,Critical,Allocated,75.7
ALC002400,EMP0316,PRJ0075,CLI0033,2026-05-20,2026-06-18,147.7,92.3,121.1,26.6,Tester,Completed,Medium,Allocated,77.9
ALC002401,EMP0608,PRJ0150,CLI0003,2026-02-20,2026-06-21,102.2,63.9,83.8,18.4,Developer,On Hold,Critical,Allocated,79.3
ALC002402,EMP0646,PRJ0145,CLI0003,2026-05-20,2026-07-23,85.3,53.3,69.9,15.4,Lead,Active,High,Underallocated,75.8
ALC002403,EMP0357,PRJ0144,CLI0056,2026-01-11,2026-02-20,135.8,84.9,111.4,24.4,Analyst,Completed,Medium,Allocated,77.2
ALC002404,EMP0514,PRJ0076,CLI0055,2026-05-06,2026-06-29,48.5,30.3,39.8,8.7,Designer,Active,Critical,Underallocated,77.2
ALC002405,EMP0523,PRJ0165,CLI0030,2026-06-18,2026-09-27,95.4,59.6,78.2,17.2,PM,Active,Low,Underallocated,69.8
ALC002406,EMP0249,PRJ0021,CLI0060,2026-04-17,2026-08-28,123.0,76.9,100.9,22.1,Tester,On Hold,Medium,Allocated,82.6
ALC002407,EMP0218,PRJ0153,CLI0030,2026-01-18,2026-06-01,106.1,66.3,87.0,19.1,Tester,Active,Medium,Allocated,83.5
ALC002408,EMP0100,PRJ0172,CLI0044,2026-06-17,2026-10-06,69.1,43.2,56.7,12.4,Lead,On Hold,Medium,Underallocated,92.5
ALC002409,EMP0201,PRJ0085,CLI0045,2026-05-13,2026-08-15,115.7,72.3,94.9,20.8,Lead,On Hold,Low,Allocated,60.5
ALC002410,EMP0558,PRJ0121,CLI0015,2026-03-13,2026-05-30,72.0,45.0,59.0,13.0,Lead,On Hold,Low,Underallocated,64.6
ALC002411,EMP0038,PRJ0047,CLI0018,2026-05-19,2026-08-17,122.4,76.5,100.4,22.0,Tester,Active,Low,Allocated,84.5
ALC002412,EMP0265,PRJ0010,CLI0035,2026-06-21,2026-09-26,96.3,60.2,79.0,17.3,Tester,Active,Low,Allocated,87.9
ALC002413,EMP0341,PRJ0018,CLI0024,2026-01-21,2026-05-04,106.4,66.5,87.2,19.2,Lead,Active,Critical,Allocated,82.8
ALC002414,EMP0481,PRJ0143,CLI0032,2026-06-06,2026-07-30,79.0,49.4,64.8,14.2,Lead,Active,Critical,Underallocated,86.2
ALC002415,EMP0210,PRJ0087,CLI0046,2026-05-09,2026-06-09,142.9,89.3,117.2,25.7,Lead,On Hold,Critical,Allocated,88.3
ALC002416,EMP0718,PRJ0107,CLI0032,2026-05-03,2026-09-07,106.1,66.3,87.0,19.1,Designer,Completed,High,Allocated,86.9
ALC002417,EMP0069,PRJ0096,CLI0056,2026-02-02,2026-05-01,82.4,51.5,67.6,14.8,Analyst,Active,Low,Underallocated,66.4
ALC002418,EMP0406,PRJ0124,CLI0045,2026-04-10,2026-07-06,107.2,67.0,87.9,19.3,Lead,Completed,High,Allocated,62.8
ALC002419,EMP0077,PRJ0099,CLI0038,2026-05-21,2026-07-31,181.4,113.4,148.7,32.7,Analyst,Active,High,Overallocated,66.8
ALC002420,EMP0670,PRJ0127,CLI0026,2026-02-14,2026-07-05,125.4,78.4,102.8,22.6,Designer,On Hold,Critical,Allocated,60.2
ALC002421,EMP0458,PRJ0069,CLI0021,2026-03-02,2026-06-26,155.0,96.9,127.1,27.9,Designer,Completed,Critical,Allocated,88.2
ALC002422,EMP0657,PRJ0146,CLI0006,2026-06-10,2026-07-01,47.5,29.7,38.9,8.5,Lead,Active,Low,Underallocated,86.7
ALC002423,EMP0485,PRJ0046,CLI0048,2026-03-20,2026-05-06,104.2,65.1,85.4,18.8,Analyst,On Hold,Critical,Allocated,62.4
ALC002424,EMP0535,PRJ0133,CLI0044,2026-03-11,2026-07-06,72.0,45.0,59.0,13.0,PM,On Hold,Low,Underallocated,88.9
ALC002425,EMP0478,PRJ0112,CLI0006,2026-02-07,2026-04-01,91.2,57.0,74.8,16.4,Tester,On Hold,Low,Underallocated,72.8
ALC002426,EMP0613,PRJ0139,CLI0008,2026-05-06,2026-09-11,81.3,50.8,66.7,14.6,Analyst,Active,High,Underallocated,91.3
ALC002427,EMP0608,PRJ0078,CLI0031,2026-01-20,2026-03-23,,102.2,134.1,29.4,Developer,Completed,Low,Overallocated,78.0
ALC002428,EMP0557,,CLI0057,2026-02-14,2026-05-12,140.6,87.9,115.3,25.3,Designer,On Hold,Critical,Allocated,71.5
ALC002429,EMP0795,,CLI0026,2026-04-09,2026-05-26,81.8,51.1,67.1,14.7,PM,On Hold,High,Underallocated,77.3
ALC002430,EMP0255,PRJ0065,CLI0003,2026-03-20,2026-05-16,93.4,58.4,76.6,16.8,Support,Completed,Low,Underallocated,82.9
ALC002431,EMP0810,PRJ0060,CLI0022,2026-05-12,2026-08-26,126.6,79.1,103.8,22.8,Designer,Completed,Medium,Allocated,80.6
ALC002432,EMP0563,PRJ0054,CLI0021,2026-04-21,2026-08-04,147.7,92.3,121.1,26.6,Analyst,Active,Medium,Allocated,75.2
ALC002433,EMP0328,PRJ0033,CLI0030,2026-06-08,2026-09-02,153.6,96.0,126.0,27.6,PM,Active,Low,Allocated,62.1
ALC002434,EMP0014,PRJ0175,CLI0054,2026-03-06,2026-05-18,137.4,85.9,112.7,24.7,Support,On Hold,Low,Allocated,80.2
ALC002435,EMP0665,PRJ0066,CLI0051,2026-03-02,2026-07-21,184.6,115.4,151.4,33.2,Support,Completed,Medium,Overallocated,69.7
ALC002436,EMP0700,PRJ0049,CLI0043,2026-01-10,2026-06-05,129.1,80.7,105.9,23.2,Designer,Active,Low,Allocated,75.7
ALC002437,EMP0843,PRJ0058,CLI0020,2026-05-18,2026-10-11,94.2,58.9,77.2,17.0,Developer,Active,High,Underallocated,71.2
ALC002438,EMP0763,PRJ0160,CLI0057,2026-03-04,2026-04-09,79.4,49.6,65.1,14.3,Support,Completed,High,Underallocated,68.7
ALC002439,EMP0172,PRJ0008,CLI0052,2026-01-18,2026-02-26,68.8,43.0,56.4,12.4,PM,Active,Low,Underallocated,93.4
ALC002440,EMP0765,PRJ0132,CLI0013,2026-01-03,2026-02-07,63.7,39.8,52.2,11.5,PM,On Hold,High,Underallocated,92.8
ALC002441,EMP0029,PRJ0151,CLI0036,2026-05-02,2026-09-23,139.0,86.9,114.0,25.0,PM,Completed,Medium,Allocated,60.3
ALC002442,EMP0440,PRJ0035,CLI0016,2026-02-06,2026-05-01,175.7,109.8,144.1,31.6,Developer,Completed,Critical,Overallocated,87.8
ALC002443,EMP0043,PRJ0144,CLI0056,2026-05-16,2026-09-08,116.2,72.6,95.3,20.9,Developer,Completed,High,Allocated,94.2
ALC002444,EMP0550,PRJ0008,CLI0052,2026-05-03,2026-09-07,185.1,115.7,151.8,33.3,Tester,Completed,High,Overallocated,62.7
ALC002445,EMP0334,PRJ0037,CLI0057,2026-01-21,2026-03-23,113.1,70.7,92.7,20.4,Support,Active,Critical,Allocated,66.2
ALC002446,EMP0312,PRJ0079,CLI0059,2026-04-02,2026-05-09,136.3,85.2,111.8,24.5,Tester,On Hold,Medium,Allocated,77.2
ALC002447,EMP0641,PRJ0121,CLI0015,2026-02-07,2026-05-18,48.6,30.4,39.9,8.7,PM,Completed,High,Underallocated,73.9
ALC002448,EMP0673,PRJ0138,CLI0018,2026-05-16,2026-08-30,144.5,90.3,118.5,26.0,Support,Active,Critical,Allocated,78.3
ALC002449,EMP0534,PRJ0030,CLI0043,2026-06-12,2026-10-08,86.6,54.1,71.0,15.6,Analyst,Completed,Low,Underallocated,75.0
ALC002450,EMP0035,PRJ0032,CLI0053,2026-06-04,2026-08-08,145.3,90.8,119.1,26.2,PM,Completed,Medium,Allocated,71.6
ALC002451,EMP0342,PRJ0076,CLI0055,2026-05-04,2026-07-06,163.4,102.1,134.0,29.4,Support,Active,High,Overallocated,61.1
ALC002452,EMP0608,PRJ0135,CLI0022,2026-02-03,2026-05-25,124.2,77.6,101.8,22.4,Designer,Completed,High,Allocated,73.9
ALC002453,EMP0221,PRJ0080,CLI0026,2026-03-06,2026-04-21,129.3,80.8,106.0,23.3,Developer,On Hold,High,Allocated,71.7
ALC002454,EMP0072,PRJ0031,CLI0044,2026-05-02,2026-06-06,116.8,73.0,95.8,21.0,Lead,Completed,Critical,Allocated,65.6
ALC002455,EMP0138,PRJ0069,CLI0021,2026-06-17,2026-08-05,137.6,86.0,112.8,24.8,Tester,On Hold,High,Allocated,91.9
ALC002456,EMP0290,PRJ0107,CLI0032,2026-04-13,2026-09-05,186.9,116.8,153.3,33.6,Support,Active,Critical,Overallocated,66.9
ALC002457,EMP0281,PRJ0002,CLI0046,2026-03-03,2026-04-07,112.5,70.3,92.2,20.2,Support,Active,Medium,Allocated,82.0
ALC002458,EMP0708,PRJ0031,CLI0044,2026-06-03,2026-10-06,118.6,74.1,97.3,21.3,Developer,Active,High,Allocated,88.6
ALC002459,EMP0301,PRJ0023,CLI0035,2026-03-01,2026-04-22,40.8,25.5,33.5,7.3,Tester,Completed,Low,Underallocated,76.3
ALC002460,EMP0311,PRJ0041,CLI0044,2026-03-14,2026-07-16,129.0,80.6,105.8,23.2,Support,Active,Medium,Allocated,72.0
ALC002461,EMP0727,PRJ0071,CLI0036,2026-05-04,2026-06-08,80.8,50.5,66.3,14.5,Designer,On Hold,Medium,Underallocated,81.8
ALC002462,EMP0648,PRJ0169,CLI0060,2026-02-04,2026-04-01,104.2,65.1,85.4,18.8,Developer,On Hold,Low,Allocated,65.3
ALC002463,EMP0312,PRJ0064,CLI0024,2026-03-03,2026-07-11,131.0,81.9,107.4,23.6,Designer,On Hold,Critical,Allocated,70.5
ALC002464,EMP0119,PRJ0119,CLI0048,2026-06-05,2026-08-27,47.4,29.6,38.9,8.5,Analyst,Active,High,Underallocated,82.6
ALC002465,EMP0278,PRJ0044,CLI0043,2026-05-12,2026-08-12,130.6,81.6,107.1,23.5,Lead,Active,High,Allocated,78.1
ALC002466,EMP0521,PRJ0161,CLI0056,2026-04-21,2026-06-03,122.1,76.3,100.1,22.0,PM,Completed,Medium,Allocated,66.8
ALC002467,EMP0379,PRJ0149,CLI0039,2026-05-01,2026-08-18,140.2,87.6,115.0,25.2,Tester,On Hold,High,Allocated,94.2
ALC002468,EMP0734,PRJ0119,CLI0048,2026-04-06,2026-06-05,86.4,54.0,70.8,15.6,Developer,On Hold,High,Underallocated,65.9
ALC002469,EMP0132,PRJ0003,CLI0041,2026-05-20,2026-06-12,156.5,97.8,128.3,28.2,PM,Active,Medium,Allocated,88.7
ALC002470,EMP0523,PRJ0089,CLI0043,2026-03-08,2026-07-23,124.2,77.6,101.8,22.4,PM,On Hold,Medium,Allocated,87.8
ALC002471,EMP0807,PRJ0015,CLI0015,2026-03-15,2026-06-15,83.5,52.2,68.5,15.0,Tester,Active,Medium,Underallocated,70.7
ALC002472,EMP0135,PRJ0132,CLI0013,2026-06-11,2026-08-07,57.3,35.8,47.0,10.3,Lead,On Hold,High,Underallocated,63.5
ALC002473,EMP0479,PRJ0107,CLI0032,2026-03-15,2026-04-15,90.4,56.5,74.1,16.3,Lead,Completed,High,Underallocated,60.4
ALC002474,EMP0214,PRJ0053,CLI0011,2026-06-14,2026-08-01,146.9,91.8,120.5,26.4,PM,Completed,Low,Allocated,71.1
ALC002475,EMP0189,PRJ0097,CLI0018,2026-01-07,2026-04-16,129.8,81.1,106.4,23.4,Developer,Completed,Medium,Allocated,76.0
ALC002476,EMP0499,PRJ0156,CLI0002,2026-05-01,2026-09-21,26.2,,21.5,4.7,Designer,On Hold,Critical,Underallocated,81.5
ALC002477,EMP0137,PRJ0110,CLI0054,2026-03-14,2026-05-08,98.7,61.7,80.9,17.8,Designer,Active,Critical,Allocated,82.8
ALC002478,EMP0065,PRJ0116,CLI0042,2026-01-06,2026-05-07,117.0,73.1,95.9,21.1,Support,Completed,Medium,Allocated,77.7
ALC002479,EMP0623,PRJ0145,CLI0003,2026-01-07,2026-01-30,188.3,117.7,154.4,33.9,Developer,Active,Medium,Overallocated,91.3
ALC002480,EMP0272,PRJ0124,CLI0045,2026-04-15,2026-07-04,163.5,102.2,134.1,29.4,PM,Completed,Medium,Overallocated,91.1
ALC002481,EMP0161,PRJ0176,CLI0014,2026-05-15,2026-07-27,104.8,65.5,85.9,18.9,Designer,On Hold,Medium,Allocated,86.2
ALC002482,EMP0046,PRJ0104,CLI0018,2026-01-06,2026-03-23,119.2,74.5,97.7,21.5,Developer,On Hold,Critical,Allocated,71.4
ALC002483,EMP0335,PRJ0174,CLI0032,2026-01-15,2026-02-07,57.4,35.9,47.1,10.3,Analyst,On Hold,Low,Underallocated,64.6
ALC002484,EMP0418,PRJ0054,CLI0021,2026-01-06,2026-05-16,8.0,5.0,6.6,1.4,Tester,On Hold,Low,Underallocated,76.0
ALC002485,EMP0523,PRJ0065,CLI0003,2026-06-07,2026-09-13,96.2,60.1,78.9,17.3,Lead,Completed,High,Allocated,88.3
ALC002486,EMP0020,PRJ0150,CLI0003,2026-02-17,2026-05-14,152.2,95.1,124.8,27.4,Analyst,Active,Medium,Allocated,79.2
ALC002487,EMP0538,PRJ0095,CLI0017,2026-03-13,2026-04-25,119.2,74.5,97.7,21.5,Lead,Active,Low,Allocated,85.1
ALC002488,EMP0171,PRJ0078,CLI0031,2026-01-13,2026-05-26,82.1,51.3,67.3,14.8,Tester,On Hold,Medium,Underallocated,60.1
ALC002489,EMP0031,PRJ0012,CLI0020,2026-04-17,2026-06-29,148.5,92.8,121.8,26.7,Analyst,On Hold,Medium,Allocated,84.9
ALC002490,EMP0065,PRJ0075,CLI0033,2026-05-17,2026-07-28,183.7,114.8,150.6,33.1,Developer,Completed,Low,Overallocated,77.1
ALC002491,EMP0653,PRJ0176,CLI0014,2026-03-01,2026-06-03,52.5,32.8,43.0,9.4,Analyst,Completed,Critical,Underallocated,81.3
ALC002492,EMP0492,,CLI0057,2026-02-06,2026-06-26,109.9,68.7,90.1,19.8,Support,Active,Medium,Allocated,85.9
ALC002493,EMP0332,PRJ0142,CLI0026,2026-04-01,2026-07-04,90.7,56.7,74.4,16.3,Designer,Completed,Low,Underallocated,83.4
ALC002494,EMP0665,PRJ0164,CLI0018,2026-03-19,2026-06-30,113.8,71.1,93.3,20.5,Developer,Active,Medium,Allocated,72.5
ALC002495,EMP0672,PRJ0063,CLI0016,2026-05-01,2026-06-29,93.8,58.6,76.9,16.9,Support,On Hold,Low,Underallocated,78.3
ALC002496,EMP0808,PRJ0036,CLI0045,2026-04-02,2026-05-14,223.7,139.8,183.4,40.3,Analyst,Active,Critical,Overallocated,73.6
ALC002497,EMP0162,PRJ0098,CLI0044,2026-03-14,2026-07-23,107.2,67.0,87.9,19.3,Lead,Active,Low,Allocated,94.3
ALC002498,EMP0359,PRJ0087,CLI0046,2026-03-21,2026-07-01,124.0,77.5,101.7,22.3,Support,Completed,Medium,Allocated,66.1
ALC002499,EMP0498,PRJ0061,CLI0059,2026-03-06,2026-07-25,118.7,74.2,97.3,21.4,Developer,Active,High,Allocated,80.8
ALC002500,EMP0291,PRJ0088,CLI0011,2026-02-21,2026-05-30,61.9,38.7,50.8,11.1,Lead,Active,Critical,Underallocated,81.7
ALC002501,EMP0773,PRJ0084,CLI0016,2026-01-07,2026-03-25,120.2,75.1,98.6,21.6,Analyst,Active,Critical,Allocated,62.8
ALC002502,EMP0818,PRJ0111,CLI0043,2026-06-14,2026-07-19,53.1,33.2,43.5,9.6,Analyst,On Hold,High,Underallocated,94.7
ALC002503,EMP0038,PRJ0118,CLI0008,2026-06-08,2026-10-11,184.2,115.1,151.0,33.2,PM,Completed,Critical,Overallocated,77.1
ALC002504,EMP0503,PRJ0019,CLI0054,2026-06-05,2026-08-06,148.2,92.6,121.5,26.7,Lead,On Hold,Critical,Allocated,66.9
ALC002505,EMP0119,PRJ0030,CLI0043,2026-02-04,2026-03-30,89.0,55.6,73.0,16.0,Support,Active,Critical,Underallocated,71.1
ALC002506,EMP0371,PRJ0150,CLI0003,2026-01-14,2026-03-29,105.3,65.8,86.3,19.0,Support,Completed,Critical,Allocated,65.4
ALC002507,EMP0426,PRJ0163,CLI0044,2026-04-02,2026-05-21,153.1,95.7,125.5,27.6,PM,Completed,Medium,Allocated,82.5
ALC002508,EMP0088,PRJ0037,CLI0057,2026-02-19,2026-07-17,122.9,76.8,100.8,22.1,PM,Completed,Medium,Allocated,83.8
ALC002509,EMP0542,PRJ0049,CLI0043,2026-01-16,2026-06-04,45.9,28.7,37.6,8.3,Lead,Active,High,Underallocated,88.2
ALC002510,EMP0061,PRJ0093,CLI0012,2026-05-18,2026-06-16,118.7,74.2,97.3,21.4,Designer,Completed,Medium,Allocated,61.0
ALC002511,EMP0353,PRJ0028,CLI0011,2026-04-11,2026-06-24,155.4,97.1,127.4,28.0,Support,Active,Low,Allocated,83.0
ALC002512,EMP0819,PRJ0011,CLI0024,2026-03-12,2026-06-24,18.7,11.7,15.3,3.4,Tester,Completed,Medium,Underallocated,69.8
ALC002513,EMP0490,PRJ0048,CLI0035,2026-01-10,2026-02-08,117.4,73.4,96.3,21.1,Designer,Active,Critical,Allocated,76.7
ALC002514,EMP0371,PRJ0090,CLI0041,2026-06-17,2026-10-02,78.6,49.1,64.5,14.1,Support,Active,Low,Underallocated,75.2
ALC002515,EMP0564,PRJ0084,CLI0016,2026-05-19,2026-09-04,162.7,101.7,133.4,29.3,Designer,Active,Critical,Overallocated,70.0
ALC002516,EMP0108,PRJ0074,CLI0006,2026-03-08,2026-05-04,93.9,58.7,77.0,16.9,PM,Active,Critical,Underallocated,67.2
ALC002517,EMP0817,PRJ0049,CLI0043,2026-04-06,2026-05-15,89.8,56.1,73.6,16.2,PM,On Hold,High,Underallocated,79.7
ALC002518,EMP0544,PRJ0143,CLI0032,2026-03-21,2026-08-02,145.1,90.7,119.0,26.1,Analyst,Active,Critical,Allocated,87.1
ALC002519,EMP0183,PRJ0055,CLI0015,2026-03-01,2026-04-12,76.2,47.6,62.5,13.7,Designer,On Hold,Low,Underallocated,66.2
ALC002520,EMP0714,PRJ0150,CLI0003,2026-04-12,2026-06-02,115.4,72.1,94.6,20.8,Support,On Hold,Medium,Allocated,67.8
ALC002521,EMP0590,PRJ0180,CLI0006,2026-04-02,2026-04-24,123.2,77.0,101.0,22.2,PM,Completed,High,Allocated,65.1
ALC002522,EMP0266,PRJ0004,CLI0056,2026-05-09,2026-10-06,104.3,65.2,85.5,18.8,Developer,On Hold,High,Allocated,78.4
ALC002523,EMP0302,PRJ0175,CLI0054,2026-01-08,2026-03-03,59.8,37.4,49.0,10.8,Lead,Active,High,Underallocated,62.3
ALC002524,EMP0361,PRJ0057,CLI0043,2026-02-16,2026-03-11,77.1,48.2,63.2,13.9,Developer,Active,High,Underallocated,84.7
ALC002525,EMP0649,PRJ0150,CLI0003,2026-05-20,2026-08-29,106.7,66.7,87.5,19.2,Lead,On Hold,High,Allocated,87.5
ALC002526,EMP0298,PRJ0169,CLI0060,2026-03-04,2026-03-29,36.2,22.6,29.7,6.5,Analyst,Active,High,Underallocated,92.9
ALC002527,EMP0214,PRJ0025,CLI0003,2026-02-18,2026-06-27,115.4,72.1,94.6,20.8,Tester,On Hold,High,Allocated,76.1
ALC002528,EMP0528,PRJ0135,CLI0022,2026-06-15,2026-09-15,101.4,63.4,83.1,18.3,Lead,Completed,Low,Allocated,93.7
ALC002529,EMP0419,PRJ0148,CLI0035,2026-04-19,2026-06-09,134.9,84.3,110.6,24.3,PM,Active,Critical,Allocated,93.1
ALC002530,EMP0240,PRJ0017,CLI0050,2026-01-14,2026-03-20,137.9,86.2,113.1,24.8,Designer,Active,Medium,Allocated,95.0
ALC002531,EMP0015,PRJ0142,CLI0026,2026-01-09,2026-05-23,,41.9,54.9,12.1,Analyst,Completed,Medium,Underallocated,71.2
ALC002532,EMP0349,PRJ0023,CLI0035,2026-05-13,2026-06-12,91.2,,74.8,16.4,Tester,On Hold,High,Underallocated,86.0
ALC002533,EMP0507,PRJ0081,CLI0038,2026-03-03,2026-06-18,74.9,46.8,61.4,13.5,Developer,On Hold,High,Underallocated,84.3
ALC002534,EMP0711,PRJ0112,CLI0006,2026-01-21,2026-03-19,90.9,56.8,74.5,16.4,Designer,On Hold,Low,Underallocated,90.8
ALC002535,EMP0044,PRJ0158,CLI0059,2026-05-07,2026-06-06,101.9,63.7,83.6,18.3,PM,Completed,Low,Allocated,62.3
ALC002536,EMP0106,PRJ0158,CLI0059,2026-05-03,2026-08-02,156.8,98.0,128.6,28.2,Tester,On Hold,Medium,Allocated,73.2
ALC002537,EMP0450,PRJ0133,CLI0044,2026-01-09,2026-01-31,88.2,55.1,72.3,15.9,Developer,Active,Critical,Underallocated,91.2
ALC002538,EMP0344,PRJ0051,CLI0059,2026-04-11,2026-05-09,147.5,92.2,120.9,26.6,Support,Completed,Medium,Allocated,83.8
ALC002539,EMP0533,PRJ0004,CLI0056,2026-02-19,2026-06-30,122.4,76.5,100.4,22.0,Developer,Active,High,Allocated,61.1
ALC002540,EMP0170,PRJ0153,CLI0030,2026-04-10,2026-05-03,167.4,104.6,137.3,30.1,Lead,Completed,Critical,Overallocated,86.5
ALC002541,EMP0005,PRJ0114,CLI0043,2026-04-01,2026-07-22,97.9,61.2,80.3,17.6,Analyst,Completed,Critical,Allocated,76.2
ALC002542,EMP0338,PRJ0148,CLI0035,2026-02-18,2026-04-06,79.5,49.7,65.2,14.3,Developer,Completed,Low,Underallocated,61.4
ALC002543,EMP0409,PRJ0155,CLI0042,2026-02-04,2026-06-18,117.8,73.6,96.6,21.2,Developer,On Hold,Low,Allocated,88.5
ALC002544,EMP0709,PRJ0165,CLI0030,2026-06-04,2026-08-18,47.7,29.8,39.1,8.6,Developer,Active,High,Underallocated,83.1
ALC002545,EMP0034,PRJ0113,CLI0050,2026-05-15,2026-07-23,118.2,73.9,96.9,21.3,Support,Active,High,Allocated,75.5
ALC002546,EMP0501,PRJ0025,CLI0003,2026-03-08,2026-06-15,134.6,84.1,110.4,24.2,Developer,Completed,Critical,Allocated,82.5
ALC002547,EMP0467,PRJ0068,CLI0059,2026-01-01,2026-03-13,156.0,97.5,127.9,28.1,PM,Active,Low,Allocated,60.9
ALC002548,EMP0278,PRJ0094,CLI0008,2026-01-14,2026-03-06,128.3,80.2,105.2,23.1,Tester,On Hold,Medium,Allocated,69.7
ALC002549,EMP0169,PRJ0074,CLI0006,2026-05-13,2026-06-03,106.2,66.4,87.1,19.1,Lead,Active,Low,Allocated,88.3
ALC002550,EMP0663,PRJ0061,CLI0059,2026-05-13,2026-08-16,189.6,118.5,155.5,34.1,Lead,Completed,High,Overallocated,63.5
ALC002551,EMP0338,PRJ0041,CLI0044,2026-02-02,2026-06-15,111.7,69.8,91.6,20.1,Developer,On Hold,High,Allocated,72.2
ALC002552,EMP0063,PRJ0059,CLI0017,2026-03-15,2026-06-10,69.6,43.5,57.1,12.5,Designer,Completed,High,Underallocated,67.8
ALC002553,EMP0309,PRJ0113,CLI0050,2026-03-07,2026-04-04,110.6,69.1,90.7,19.9,Analyst,On Hold,Medium,Allocated,67.2
ALC002554,EMP0649,PRJ0090,CLI0041,2026-05-15,2026-10-05,58.2,36.4,47.7,10.5,Lead,On Hold,Low,Underallocated,68.1
ALC002555,EMP0801,PRJ0151,CLI0036,2026-06-13,2026-07-12,62.7,39.2,51.4,11.3,Lead,Active,Low,Underallocated,68.5
ALC002556,EMP0004,PRJ0147,CLI0001,2026-01-14,2026-05-29,121.6,76.0,99.7,21.9,Tester,Active,High,Allocated,78.9
ALC002557,EMP0001,PRJ0065,CLI0003,2026-02-01,2026-05-04,59.0,36.9,48.4,10.6,Support,Active,Low,Underallocated,80.2
ALC002558,EMP0749,PRJ0073,CLI0016,2026-03-04,2026-05-26,87.4,54.6,71.7,15.7,Tester,Active,Medium,Underallocated,85.9
ALC002559,EMP0774,PRJ0080,CLI0026,2026-05-14,2026-08-13,65.3,40.8,53.5,11.8,Tester,On Hold,High,Underallocated,73.6
ALC002560,EMP0084,PRJ0112,CLI0006,2026-05-06,2026-07-02,117.6,73.5,96.4,21.2,PM,On Hold,High,Allocated,66.2
ALC002561,EMP0342,PRJ0043,CLI0043,2026-05-12,2026-06-16,83.5,52.2,68.5,15.0,Lead,Completed,Low,Underallocated,88.3
ALC002562,EMP0113,PRJ0152,CLI0005,2026-01-11,2026-04-01,133.3,83.3,109.3,24.0,PM,Completed,Medium,Allocated,76.1
ALC002563,EMP0302,PRJ0177,CLI0053,2026-03-06,2026-04-01,130.1,81.3,106.7,23.4,Tester,Active,Low,Allocated,73.3
ALC002564,EMP0193,PRJ0020,CLI0049,2026-06-13,2026-10-14,59.8,37.4,49.0,10.8,Designer,Active,Critical,Underallocated,91.3
ALC002565,EMP0270,PRJ0041,CLI0044,2026-02-17,2026-04-03,148.8,93.0,122.0,26.8,Lead,Completed,Medium,Allocated,86.8
ALC002566,EMP0591,PRJ0130,CLI0056,2026-04-14,2026-05-20,105.1,65.7,86.2,18.9,Developer,On Hold,Critical,Allocated,82.5
ALC002567,EMP0357,PRJ0011,CLI0024,2026-04-12,2026-08-24,63.0,39.4,51.7,11.3,Developer,On Hold,Low,Underallocated,67.4
ALC002568,EMP0143,PRJ0101,CLI0028,2026-03-13,2026-06-21,126.9,79.3,104.1,22.8,Tester,Active,Low,Allocated,67.5
ALC002569,EMP0403,PRJ0161,CLI0056,2026-05-09,2026-09-10,182.4,114.0,149.6,32.8,Developer,Active,Critical,Overallocated,75.2
ALC002570,EMP0202,PRJ0093,CLI0012,2026-02-08,2026-03-14,104.2,65.1,85.4,18.8,Developer,Completed,Critical,Allocated,74.1
ALC002571,EMP0180,PRJ0105,CLI0056,2026-05-06,2026-06-13,46.1,28.8,37.8,8.3,Tester,Active,Low,Underallocated,75.8
ALC002572,EMP0006,PRJ0071,CLI0036,2026-04-14,2026-08-02,149.0,93.1,122.2,26.8,Designer,Active,Medium,Allocated,94.1
ALC002573,EMP0795,PRJ0090,CLI0041,2026-04-06,2026-09-02,175.0,109.4,143.5,31.5,Tester,Active,Critical,Overallocated,80.1
ALC002574,EMP0682,PRJ0109,CLI0010,2026-04-10,2026-07-06,68.8,43.0,56.4,12.4,Analyst,Active,Medium,Underallocated,72.0
ALC002575,EMP0055,PRJ0137,CLI0012,2026-05-09,2026-07-14,80.2,50.1,65.8,14.4,Tester,On Hold,Low,Underallocated,64.9
ALC002576,EMP0493,PRJ0014,CLI0026,2026-03-21,2026-04-23,113.4,70.9,93.0,20.4,Analyst,On Hold,Medium,Allocated,63.2
ALC002577,EMP0350,PRJ0154,CLI0005,2026-06-19,2026-08-17,34.7,21.7,28.5,6.2,PM,Active,High,Underallocated,71.7
ALC002578,EMP0719,PRJ0121,CLI0015,2026-01-17,2026-05-24,195.2,122.0,160.1,35.1,Lead,Completed,Critical,Overallocated,94.6
ALC002579,EMP0359,PRJ0156,CLI0002,2026-05-02,2026-07-15,,68.7,90.1,19.8,Tester,Completed,Medium,Allocated,94.6
ALC002580,EMP0025,PRJ0174,CLI0032,2026-03-12,2026-05-12,113.6,71.0,93.2,20.4,Tester,On Hold,Critical,Allocated,76.5
ALC002581,EMP0333,PRJ0129,CLI0019,2026-03-11,2026-07-04,126.2,78.9,103.5,22.7,Tester,Completed,Medium,Allocated,64.1
ALC002582,EMP0084,PRJ0152,CLI0005,2026-01-10,2026-02-11,101.6,63.5,83.3,18.3,Developer,Completed,Low,Allocated,77.3
ALC002583,EMP0716,PRJ0092,CLI0007,2026-03-03,2026-05-12,91.4,57.1,74.9,16.5,Designer,On Hold,Medium,Underallocated,64.9
ALC002584,EMP0135,PRJ0028,CLI0011,2026-01-20,2026-05-13,74.4,46.5,61.0,13.4,Analyst,Completed,Low,Underallocated,92.6
ALC002585,EMP0052,PRJ0068,CLI0059,2026-05-09,2026-06-07,64.8,40.5,53.1,11.7,Designer,Active,High,Underallocated,93.2
ALC002586,EMP0009,,CLI0019,2026-03-15,2026-07-20,128.3,80.2,105.2,23.1,Support,Active,Medium,Allocated,68.8
ALC002587,EMP0714,PRJ0020,CLI0049,2026-05-15,2026-07-16,166.1,103.8,136.2,29.9,Lead,Active,High,Overallocated,65.4
ALC002588,EMP0298,PRJ0152,CLI0005,2026-01-17,2026-05-27,149.9,93.7,122.9,27.0,Tester,On Hold,Medium,Allocated,84.6
ALC002589,EMP0544,PRJ0051,CLI0059,2026-02-17,2026-04-27,100.5,62.8,82.4,18.1,Support,Completed,High,Allocated,76.6
ALC002590,EMP0773,PRJ0071,CLI0036,2026-04-11,2026-08-15,104.3,65.2,85.5,18.8,Developer,Completed,High,Allocated,91.0
ALC002591,EMP0235,PRJ0055,CLI0015,2026-01-06,2026-03-20,176.8,110.5,145.0,31.8,Designer,Active,Medium,Overallocated,94.9
ALC002592,EMP0574,PRJ0130,CLI0056,2026-04-06,2026-05-03,80.0,50.0,65.6,14.4,Tester,Completed,Low,Underallocated,84.7
ALC002593,EMP0163,PRJ0131,CLI0009,2026-01-21,2026-05-17,45.3,28.3,37.1,8.2,Lead,Completed,Low,Underallocated,86.2
ALC002594,EMP0135,PRJ0029,CLI0058,2026-01-09,2026-02-20,122.1,76.3,100.1,22.0,Support,Completed,High,Allocated,85.4
ALC002595,EMP0557,PRJ0073,CLI0016,2026-04-11,2026-08-08,146.1,91.3,119.8,26.3,Developer,Active,Low,Allocated,84.9
ALC002596,EMP0496,PRJ0094,CLI0008,2026-05-02,2026-06-21,12.5,7.8,10.2,2.2,Support,Active,Medium,Underallocated,75.0
ALC002597,EMP0822,PRJ0012,CLI0020,2026-03-07,2026-05-13,128.0,80.0,105.0,23.0,Lead,Completed,Medium,Allocated,91.9
ALC002598,EMP0449,PRJ0063,CLI0016,2026-01-17,2026-04-29,66.9,41.8,54.9,12.0,Developer,On Hold,High,Underallocated,84.3
ALC002599,EMP0042,PRJ0155,CLI0042,2026-01-12,2026-03-27,55.2,34.5,45.3,9.9,Analyst,On Hold,Critical,Underallocated,74.9
ALC002600,EMP0296,PRJ0101,CLI0028,2026-05-19,2026-09-09,100.5,62.8,82.4,18.1,Lead,On Hold,Medium,Allocated,71.0
ALC002601,EMP0834,PRJ0024,CLI0041,2026-06-02,2026-08-03,65.8,41.1,54.0,11.8,Tester,Active,Medium,Underallocated,72.5
ALC002602,EMP0413,PRJ0086,CLI0017,2026-04-16,2026-06-14,41.1,25.7,33.7,7.4,Tester,Completed,Medium,Underallocated,73.4
ALC002603,EMP0239,PRJ0084,CLI0016,2026-02-17,2026-05-25,116.3,72.7,95.4,20.9,Designer,On Hold,Medium,Allocated,91.5
ALC002604,EMP0210,PRJ0086,CLI0017,2026-06-04,2026-07-07,110.2,68.9,90.4,19.8,Developer,On Hold,Low,Allocated,92.2
ALC002605,EMP0056,PRJ0034,CLI0045,2026-01-04,2026-05-20,43.4,27.1,35.6,7.8,Tester,Completed,Low,Underallocated,83.4
ALC002606,EMP0794,PRJ0079,CLI0059,2026-06-02,2026-09-07,55.7,34.8,45.7,10.0,Designer,On Hold,Medium,Underallocated,82.7
ALC002607,EMP0466,PRJ0066,CLI0051,2026-02-15,2026-05-08,130.6,81.6,107.1,23.5,Tester,Active,Critical,Allocated,62.5
ALC002608,EMP0748,PRJ0066,CLI0051,2026-03-09,2026-04-02,133.1,83.2,109.1,24.0,Analyst,Active,Medium,Allocated,84.2
ALC002609,EMP0676,PRJ9999,CLI0059,2026-06-04,2026-10-06,8.0,5.0,6.6,1.4,Tester,On Hold,Critical,Underallocated,82.0
ALC002610,EMP0465,PRJ0143,CLI0032,2026-01-04,2026-01-31,61.4,38.4,50.3,11.1,Support,Completed,Critical,Underallocated,67.7
ALC002611,EMP0002,PRJ0165,CLI0030,2026-06-06,2026-10-15,108.6,67.9,89.1,19.5,PM,On Hold,High,Allocated,72.3
ALC002612,EMP0803,PRJ0085,CLI0045,2026-03-01,2026-06-25,129.0,80.6,105.8,23.2,Developer,Active,Low,Allocated,91.3
ALC002613,EMP0022,PRJ0165,CLI0030,2026-01-05,2026-05-10,,80.3,105.4,23.1,Support,Active,Medium,Allocated,87.5
ALC002614,EMP0160,PRJ0133,CLI0044,2026-05-03,2026-06-25,136.2,85.1,111.7,24.5,Developer,Active,High,Allocated,89.9
ALC002615,EMP0269,PRJ0053,CLI0011,2026-04-03,2026-06-24,83.2,,68.2,15.0,Designer,On Hold,Medium,Underallocated,92.4
ALC002616,EMP0610,PRJ0062,CLI0038,2026-05-16,2026-09-05,119.0,74.4,97.6,21.4,PM,Active,Critical,Allocated,94.0
ALC002617,EMP0213,PRJ0028,CLI0011,2026-05-16,2026-06-08,96.3,60.2,79.0,17.3,PM,Active,Medium,Allocated,78.6
ALC002618,EMP0745,PRJ0122,CLI0010,2026-03-01,2026-04-09,89.6,56.0,73.5,16.1,Designer,On Hold,Low,Underallocated,74.4
ALC002619,EMP0634,PRJ0107,CLI0032,2026-04-05,2026-06-26,51.5,32.2,42.2,9.3,Analyst,Active,Medium,Underallocated,88.7
ALC002620,EMP0423,PRJ0180,CLI0006,2026-02-11,2026-06-17,123.8,77.4,101.5,22.3,Tester,Completed,Medium,Allocated,68.0
ALC002621,EMP0252,PRJ0018,CLI0024,2026-02-03,2026-05-02,46.1,28.8,37.8,8.3,Developer,Completed,High,Underallocated,64.1
ALC002622,EMP0759,PRJ0014,CLI0026,2026-01-11,2026-06-06,65.1,40.7,53.4,11.7,Developer,Active,Low,Underallocated,83.8
ALC002623,EMP0112,PRJ0055,CLI0015,2026-05-02,2026-08-22,139.5,87.2,114.4,25.1,Tester,Active,Critical,Allocated,61.4
ALC002624,EMP0457,PRJ0096,CLI0056,2026-03-17,2026-07-07,105.4,65.9,86.4,19.0,Developer,On Hold,Medium,Allocated,67.1
ALC002625,EMP0027,PRJ0137,CLI0012,2026-01-08,2026-04-20,154.1,96.3,126.4,27.7,Lead,Active,Medium,Allocated,64.1
ALC002626,EMP0180,PRJ0122,CLI0010,2026-03-16,2026-05-16,98.6,61.6,80.9,17.7,Tester,Active,High,Allocated,70.2
ALC002627,EMP0197,PRJ0147,CLI0001,2026-01-17,2026-03-07,89.8,56.1,73.6,16.2,Designer,Completed,Low,Underallocated,68.1
ALC002628,EMP0789,PRJ0071,CLI0036,2026-05-14,2026-08-24,157.9,98.7,129.5,28.4,PM,On Hold,Low,Allocated,64.4
ALC002629,EMP0298,PRJ0014,CLI0026,2026-02-12,2026-06-10,96.0,60.0,78.7,17.3,Support,On Hold,High,Allocated,60.0
ALC002630,EMP0276,PRJ0097,CLI0018,2026-01-01,2026-05-25,123.2,77.0,101.0,22.2,PM,On Hold,Low,Allocated,72.2
ALC002631,EMP0101,PRJ0097,CLI0018,2026-01-05,2026-05-15,105.4,65.9,86.4,19.0,Analyst,On Hold,Critical,Allocated,70.2
ALC002632,EMP0352,PRJ0166,CLI0028,2026-06-14,2026-07-29,116.8,73.0,95.8,21.0,Lead,Active,High,Allocated,87.7
ALC002633,EMP0030,PRJ0082,CLI0013,2026-01-11,2026-04-05,103.2,64.5,84.6,18.6,Designer,On Hold,Low,Allocated,65.2
ALC002634,EMP0451,PRJ0142,CLI0026,2026-05-03,2026-08-10,147.0,91.9,120.5,26.5,PM,Active,Low,Allocated,69.8
ALC002635,EMP0274,PRJ0060,CLI0022,2026-04-20,2026-06-06,114.7,71.7,94.1,20.6,PM,Active,Critical,Allocated,85.8
ALC002636,EMP0423,PRJ0023,CLI0035,2026-02-17,2026-06-18,98.7,61.7,80.9,17.8,Designer,Active,High,Allocated,64.7
ALC002637,EMP0287,PRJ0079,CLI0059,2026-05-03,2026-09-07,122.2,76.4,100.2,22.0,Developer,Active,High,Allocated,87.1
ALC002638,EMP0672,PRJ0014,CLI0026,2026-06-03,2026-07-03,50.1,31.3,41.1,9.0,Developer,Active,Medium,Underallocated,69.3
ALC002639,EMP0786,PRJ0041,CLI0044,2026-01-12,2026-03-03,152.5,95.3,125.0,27.4,PM,Active,Medium,Allocated,75.3
ALC002640,EMP0081,PRJ0082,CLI0013,2026-01-01,2026-03-12,51.7,32.3,42.4,9.3,Developer,Active,Medium,Underallocated,74.6
ALC002641,EMP0149,PRJ0159,CLI0025,2026-06-09,2026-11-03,85.4,53.4,70.0,15.4,Lead,On Hold,Medium,Underallocated,65.0
ALC002642,EMP0807,PRJ0180,CLI0006,2026-03-04,2026-05-24,93.9,58.7,77.0,16.9,Designer,On Hold,Low,Underallocated,70.3
ALC002643,EMP0147,PRJ0089,CLI0043,2026-03-01,2026-06-29,121.9,76.2,100.0,21.9,Analyst,Active,High,Allocated,77.8
ALC002644,EMP0175,PRJ0164,CLI0018,2026-03-14,2026-07-21,176.8,110.5,145.0,31.8,PM,Active,High,Overallocated,71.3
ALC002645,EMP0662,PRJ0111,CLI0043,2026-05-15,2026-09-13,153.3,95.8,125.7,27.6,Developer,On Hold,Medium,Allocated,61.5
ALC002646,EMP0186,PRJ0096,CLI0056,2026-04-15,2026-07-05,53.1,33.2,43.5,9.6,Lead,Completed,Low,Underallocated,72.9
ALC002647,EMP0616,PRJ0155,CLI0042,2026-06-02,2026-09-26,76.6,47.9,62.8,13.8,Developer,On Hold,High,Underallocated,73.5
ALC002648,EMP0023,PRJ0023,CLI0035,2026-01-07,2026-02-21,56.0,35.0,45.9,10.1,Tester,Active,High,Underallocated,61.4
ALC002649,EMP0401,PRJ0140,CLI0018,2026-02-09,2026-06-09,60.0,37.5,49.2,10.8,Analyst,On Hold,Low,Underallocated,72.1
ALC002650,EMP0160,PRJ0153,CLI0030,2026-04-05,2026-07-29,88.3,55.2,72.4,15.9,Lead,Completed,Medium,Underallocated,77.9
ALC002651,EMP0807,PRJ0180,CLI0006,2026-03-05,2026-06-16,164.3,102.7,134.7,29.6,Analyst,Active,Low,Overallocated,93.7
ALC002652,EMP0490,PRJ0097,CLI0018,2026-06-11,2026-11-01,102.2,63.9,83.8,18.4,Tester,Completed,Critical,Allocated,84.4
ALC002653,EMP0066,PRJ0084,CLI0016,2026-01-20,2026-06-10,107.4,67.1,88.1,19.3,Support,On Hold,Low,Allocated,86.8
ALC002654,EMP0823,PRJ0031,CLI0044,2026-06-07,2026-07-20,121.1,75.7,99.3,21.8,Support,On Hold,Low,Allocated,88.4
ALC002655,EMP0183,PRJ0072,CLI0030,2026-01-13,2026-03-18,74.4,46.5,61.0,13.4,Tester,Active,High,Underallocated,74.4
ALC002656,EMP0393,PRJ0092,CLI0007,2026-04-20,2026-05-22,109.1,68.2,89.5,19.6,Tester,Active,Medium,Allocated,88.0
ALC002657,EMP0121,,CLI0003,2026-06-20,2026-08-26,121.9,76.2,100.0,21.9,Designer,On Hold,Medium,Allocated,60.3
ALC002658,EMP0500,PRJ0121,CLI0015,2026-04-18,2026-06-27,210.4,131.5,172.5,37.9,Analyst,On Hold,Medium,Overallocated,93.6
ALC002659,EMP0149,PRJ0172,CLI0044,2026-02-14,2026-06-04,149.0,93.1,122.2,26.8,Support,Active,Medium,Allocated,87.9
ALC002660,EMP0710,PRJ0175,CLI0054,2026-05-05,2026-09-01,177.8,111.1,145.8,32.0,Support,Active,Low,Overallocated,65.1
ALC002661,EMP0631,PRJ0080,CLI0026,2026-06-17,2026-07-13,113.1,70.7,92.7,20.4,Lead,Active,Critical,Allocated,81.7
ALC002662,EMP0402,PRJ0118,CLI0008,2026-02-05,2026-04-26,133.1,83.2,109.1,24.0,Designer,Completed,Medium,Allocated,81.5
ALC002663,EMP0766,PRJ0165,CLI0030,2026-01-14,2026-03-04,122.4,76.5,100.4,22.0,Tester,Active,Medium,Allocated,93.9
ALC002664,EMP0190,PRJ0013,CLI0048,2026-04-05,2026-06-15,40.5,25.3,33.2,7.3,Tester,Active,Low,Underallocated,86.0
ALC002665,EMP0175,PRJ0096,CLI0056,2026-04-17,2026-07-22,13.4,8.4,11.0,2.4,Support,Completed,Medium,Underallocated,94.1
ALC002666,EMP0448,PRJ0080,CLI0026,2026-05-10,2026-06-30,67.0,41.9,54.9,12.1,Analyst,Active,Low,Underallocated,89.2
ALC002667,EMP0749,PRJ0016,CLI0049,2026-06-15,2026-08-15,161.8,101.1,132.7,29.1,Support,Completed,Medium,Overallocated,83.2
ALC002668,EMP0367,PRJ0158,CLI0059,2026-06-17,2026-09-24,96.2,60.1,78.9,17.3,Designer,Active,Critical,Allocated,90.3
ALC002669,EMP0520,PRJ0132,CLI0013,2026-06-19,2026-10-21,143.2,89.5,117.4,25.8,Developer,Active,Medium,Allocated,82.7
ALC002670,EMP0809,PRJ0113,CLI0050,2026-02-06,2026-03-19,164.2,102.6,134.6,29.6,Designer,On Hold,Critical,Overallocated,75.8
ALC002671,EMP0052,,CLI0015,2026-03-18,2026-07-13,60.6,37.9,49.7,10.9,Developer,Active,Medium,Underallocated,91.2
ALC002672,EMP0250,PRJ0160,CLI0057,2026-01-15,2026-03-02,171.0,106.9,140.2,30.8,Analyst,On Hold,Medium,Overallocated,68.3
ALC002673,EMP0030,PRJ0046,CLI0048,2026-02-06,2026-04-03,65.4,40.9,53.6,11.8,Designer,On Hold,High,Underallocated,89.1
ALC002674,EMP0844,PRJ0130,CLI0056,2026-05-13,2026-09-04,103.7,64.8,85.0,18.7,Developer,On Hold,High,Allocated,88.2
ALC002675,EMP0247,PRJ0072,CLI0030,2026-02-19,2026-03-31,68.8,43.0,56.4,12.4,Tester,Active,Low,Underallocated,82.4
ALC002676,EMP0711,PRJ0071,CLI0036,2026-02-05,2026-02-26,121.4,75.9,99.5,21.9,PM,Active,Critical,Allocated,69.7
ALC002677,EMP0842,PRJ0143,CLI0032,2026-01-09,2026-05-10,105.6,66.0,86.6,19.0,Tester,Active,Critical,Allocated,66.8
ALC002678,EMP0455,PRJ0043,CLI0043,2026-04-10,2026-08-18,143.8,89.9,117.9,25.9,PM,On Hold,Critical,Allocated,77.9
ALC002679,EMP0559,PRJ0108,CLI0055,2026-02-20,2026-07-03,152.0,95.0,124.6,27.4,Support,Completed,Low,Allocated,87.7
ALC002680,EMP0745,PRJ0097,CLI0018,2026-03-04,2026-05-19,175.2,109.5,143.7,31.5,Analyst,On Hold,Low,Overallocated,83.1
ALC002681,EMP0166,PRJ0112,CLI0006,2026-05-08,2026-07-15,142.1,88.8,116.5,25.6,Designer,Completed,High,Allocated,63.8
ALC002682,EMP0324,PRJ0046,CLI0048,2026-03-18,2026-07-16,144.6,90.4,118.6,26.0,Support,Completed,Low,Allocated,86.0
ALC002683,EMP0449,PRJ0154,CLI0005,2026-01-01,2026-05-27,94.1,58.8,77.2,16.9,Designer,Completed,Critical,Underallocated,84.5
ALC002684,EMP0594,PRJ0038,CLI0059,2026-02-17,2026-03-29,105.0,65.6,86.1,18.9,PM,Completed,Medium,Allocated,75.5
ALC002685,EMP0685,PRJ0034,CLI0045,2026-04-09,2026-07-13,124.5,77.8,102.1,22.4,PM,On Hold,Low,Allocated,66.0
ALC002686,EMP0730,PRJ0107,CLI0032,2026-03-15,2026-07-23,62.4,39.0,51.2,11.2,Tester,On Hold,High,Underallocated,64.3
ALC002687,EMP0741,PRJ0141,CLI0028,2026-03-04,2026-06-13,157.0,98.1,128.7,28.3,Tester,On Hold,Medium,Allocated,69.0
ALC002688,EMP0690,PRJ0011,CLI0024,2026-04-12,2026-09-08,106.7,66.7,87.5,19.2,Tester,Completed,High,Allocated,70.5
ALC002689,EMP0700,PRJ0120,CLI0028,2026-03-18,2026-06-03,119.8,74.9,98.2,21.6,Developer,On Hold,Low,Allocated,66.2
ALC002690,EMP0299,PRJ0006,CLI0019,2026-03-17,2026-04-22,51.2,32.0,42.0,9.2,PM,On Hold,Medium,Underallocated,63.3
ALC002691,EMP0630,PRJ0123,CLI0039,2026-04-09,2026-06-11,97.4,60.9,79.9,17.5,Analyst,Active,High,Allocated,68.3
ALC002692,EMP0789,PRJ0175,CLI0054,2026-01-20,2026-06-11,146.6,91.6,120.2,26.4,Analyst,Completed,Critical,Allocated,74.1
ALC002693,EMP0745,PRJ0094,CLI0008,2026-01-20,2026-02-25,128.8,80.5,105.6,23.2,Designer,Active,High,Allocated,69.0
ALC002694,EMP0133,PRJ0148,CLI0035,2026-01-18,2026-03-27,145.1,90.7,119.0,26.1,Support,On Hold,Medium,Allocated,78.3
ALC002695,EMP0285,PRJ0057,CLI0043,2026-02-19,2026-05-22,98.6,61.6,80.9,17.7,Support,Active,Critical,Allocated,76.7
ALC002696,EMP0078,PRJ0071,CLI0036,2026-01-20,2026-03-15,117.1,73.2,96.0,21.1,Designer,Completed,High,Allocated,62.0
ALC002697,EMP0765,PRJ0104,CLI0018,2026-02-03,2026-03-19,107.8,67.4,88.4,19.4,Designer,Active,Critical,Allocated,61.7
ALC002698,EMP0604,PRJ0082,CLI0013,2026-03-12,2026-06-30,138.6,86.6,113.7,24.9,Lead,Active,Medium,Allocated,94.3
ALC002699,EMP0438,PRJ0043,CLI0043,2026-03-01,2026-05-18,122.4,76.5,100.4,22.0,Designer,Completed,Medium,Allocated,62.3
ALC002700,EMP0358,PRJ0171,CLI0001,2026-05-11,2026-07-04,96.6,60.4,79.2,17.4,Tester,Active,High,Allocated,66.5
ALC002701,EMP0614,PRJ0107,CLI0032,2026-02-01,2026-03-10,9.6,6.0,7.9,1.7,Designer,On Hold,High,Underallocated,61.6
ALC002702,EMP0614,PRJ0179,CLI0012,2026-06-11,2026-09-19,118.9,74.3,97.5,21.4,Designer,On Hold,Low,Allocated,92.1
ALC002703,EMP0465,PRJ0025,CLI0003,2026-06-09,2026-10-25,44.8,28.0,36.7,8.1,Tester,On Hold,High,Underallocated,76.7
ALC002704,EMP0305,PRJ0052,CLI0022,2026-04-07,2026-06-18,139.5,87.2,114.4,25.1,Designer,Completed,Critical,Allocated,84.1
ALC002705,EMP0098,PRJ0024,CLI0041,2026-06-19,2026-07-09,145.3,90.8,119.1,26.2,Developer,Completed,Low,Allocated,86.6
ALC002706,EMP0559,PRJ0017,CLI0050,2026-01-19,2026-03-28,20.6,12.9,16.9,3.7,Analyst,Active,Medium,Underallocated,64.9
ALC002707,EMP0009,PRJ0070,CLI0013,2026-03-20,2026-08-14,124.0,77.5,101.7,22.3,Tester,Active,High,Allocated,64.2
ALC002708,EMP0482,PRJ0062,CLI0038,2026-02-17,2026-03-18,123.0,76.9,100.9,22.1,PM,Completed,Critical,Allocated,65.5
ALC002709,EMP0642,PRJ0119,CLI0048,2026-04-17,2026-08-15,127.0,79.4,104.1,22.9,Support,Completed,Medium,Allocated,94.4
ALC002710,EMP0584,PRJ0157,CLI0044,2026-01-07,2026-02-07,62.7,39.2,51.4,11.3,Designer,Completed,Low,Underallocated,62.6
ALC002711,EMP0847,,CLI0001,2026-05-12,2026-07-18,131.0,81.9,107.4,23.6,Lead,On Hold,High,Allocated,62.4
ALC002712,EMP0126,PRJ0114,CLI0043,2026-02-16,2026-07-07,61.6,38.5,50.5,11.1,Support,On Hold,High,Underallocated,80.9
ALC002713,EMP0810,PRJ0028,CLI0011,2026-03-03,2026-05-23,139.7,87.3,114.6,25.1,PM,Active,High,Allocated,63.6
ALC002714,EMP0532,PRJ0154,CLI0005,2026-06-01,2026-08-03,129.3,80.8,106.0,23.3,Tester,Completed,Medium,Allocated,69.2
ALC002715,EMP0254,PRJ0178,CLI0030,2026-05-18,2026-06-26,98.9,61.8,81.1,17.8,Designer,Completed,Critical,Allocated,83.8
ALC002716,EMP0352,PRJ0007,CLI0040,2026-04-18,2026-06-10,129.0,80.6,105.8,23.2,Tester,Active,High,Allocated,94.1
ALC002717,EMP0433,PRJ0025,CLI0003,2026-02-10,2026-06-04,74.1,46.3,60.8,13.3,PM,Active,Low,Underallocated,77.0
ALC002718,EMP0481,PRJ0068,CLI0059,2026-01-12,2026-03-27,89.6,56.0,73.5,16.1,Analyst,Completed,Medium,Underallocated,66.4
ALC002719,EMP0163,PRJ0175,CLI0054,2026-02-14,2026-06-24,158.6,99.1,130.1,28.5,Tester,Active,Critical,Allocated,87.5
ALC002720,EMP0729,PRJ0033,CLI0030,2026-05-16,2026-06-14,157.0,98.1,128.7,28.3,Tester,Completed,Critical,Allocated,77.1
ALC002721,EMP0821,PRJ0036,CLI0045,2026-04-06,2026-05-04,68.2,42.6,55.9,12.3,Lead,On Hold,High,Underallocated,64.3
ALC002722,EMP0633,PRJ0153,CLI0030,2026-06-07,2026-09-27,87.2,54.5,71.5,15.7,Tester,Active,Medium,Underallocated,68.0
ALC002723,EMP0830,PRJ0041,CLI0044,2026-02-07,2026-07-07,89.8,56.1,73.6,16.2,Analyst,Completed,Medium,Underallocated,78.0
ALC002724,EMP0239,PRJ0058,CLI0020,2026-06-07,2026-10-13,114.6,71.6,94.0,20.6,Tester,On Hold,High,Allocated,76.1
ALC002725,EMP0574,PRJ0135,CLI0022,2026-01-10,2026-06-06,106.6,66.6,87.4,19.2,Lead,Active,Low,Allocated,77.4
ALC002726,EMP0237,PRJ0029,CLI0058,2026-04-04,2026-08-17,163.7,102.3,134.2,29.5,Developer,Active,High,Overallocated,79.0
ALC002727,EMP0261,PRJ0022,CLI0037,2026-02-03,2026-03-05,,108.3,142.1,31.2,Tester,Completed,Critical,Overallocated,78.6
ALC002728,EMP0421,PRJ0080,CLI0026,2026-01-14,2026-05-13,184.2,115.1,151.0,33.2,PM,On Hold,Low,Overallocated,65.4
ALC002729,EMP0491,PRJ0152,CLI0005,2026-04-04,2026-05-24,198.4,124.0,162.7,35.7,Lead,Completed,Medium,Overallocated,78.9
ALC002730,EMP0593,PRJ0070,CLI0013,2026-03-06,2026-04-27,48.8,30.5,40.0,8.8,Lead,Completed,Low,Underallocated,84.9
ALC002731,EMP0399,PRJ0070,CLI0013,2026-02-14,2026-05-15,104.5,65.3,85.7,18.8,PM,Active,Low,Allocated,62.0
ALC002732,EMP0664,PRJ0035,CLI0016,2026-01-02,2026-02-25,84.3,52.7,69.1,15.2,PM,Active,Medium,Underallocated,65.3
ALC002733,EMP0813,PRJ0119,CLI0048,2026-05-07,2026-08-05,76.2,47.6,62.5,13.7,Tester,On Hold,Critical,Underallocated,61.4
ALC002734,EMP0300,PRJ0158,CLI0059,2026-03-21,2026-08-16,168.3,105.2,138.0,30.3,Designer,Completed,Low,Overallocated,82.2
ALC002735,EMP0307,PRJ0107,CLI0032,2026-05-06,2026-07-28,128.8,80.5,105.6,23.2,Designer,Completed,Critical,Allocated,88.0
ALC002736,EMP0093,PRJ0093,CLI0012,2026-06-20,2026-11-01,48.5,30.3,39.8,8.7,Developer,On Hold,Low,Underallocated,64.6
ALC002737,EMP0621,,CLI0026,2026-03-17,2026-07-16,215.7,134.8,176.9,38.8,Developer,Completed,Low,Overallocated,60.8
ALC002738,EMP0159,PRJ0076,CLI0055,2026-03-04,2026-05-26,39.4,24.6,32.3,7.1,Designer,On Hold,Low,Underallocated,63.5
ALC002739,EMP0078,PRJ0029,CLI0058,2026-05-20,2026-10-14,97.9,61.2,80.3,17.6,Developer,Completed,High,Allocated,82.8
ALC002740,EMP0211,PRJ0002,CLI0046,2026-02-14,2026-05-22,115.5,72.2,94.7,20.8,Developer,On Hold,Medium,Allocated,81.2
ALC002741,EMP0455,PRJ0039,CLI0024,2026-04-13,2026-06-03,,41.7,54.7,12.0,Analyst,On Hold,Medium,Underallocated,90.0
ALC002742,EMP0435,PRJ0129,CLI0019,2026-02-14,2026-07-07,134.1,83.8,110.0,24.1,Tester,Active,Critical,Allocated,91.3
ALC002743,EMP0474,PRJ0075,CLI0033,2026-05-19,2026-10-11,87.4,54.6,71.7,15.7,Analyst,Active,Low,Underallocated,77.1
ALC002744,EMP0031,PRJ0050,CLI0039,2026-02-19,2026-04-21,145.0,90.6,118.9,26.1,Lead,Active,Critical,Allocated,93.7
ALC002745,EMP0445,PRJ0106,CLI0041,2026-03-20,2026-04-13,128.0,80.0,105.0,23.0,Tester,Active,Low,Allocated,72.2
ALC002746,EMP0426,PRJ0116,CLI0042,2026-02-15,2026-07-12,11.8,7.4,9.7,2.1,Designer,Completed,High,Underallocated,78.7
ALC002747,EMP0239,PRJ0163,CLI0044,2026-04-07,2026-06-09,49.9,31.2,40.9,9.0,Lead,Completed,Low,Underallocated,70.5
ALC002748,EMP0619,PRJ0163,CLI0044,2026-01-18,2026-03-05,145.9,91.2,119.6,26.3,Lead,On Hold,High,Allocated,66.0
ALC002749,EMP0508,PRJ0072,CLI0030,2026-01-08,2026-06-05,128.2,80.1,105.1,23.1,PM,Completed,High,Allocated,81.7
ALC002750,EMP0737,PRJ0029,CLI0058,2026-05-04,2026-08-01,70.9,,58.1,12.8,Designer,Completed,Medium,Underallocated,76.7
ALC002751,EMP0505,PRJ0171,CLI0001,2026-05-08,2026-07-09,85.3,53.3,69.9,15.4,Support,Completed,Medium,Underallocated,92.0
ALC002752,EMP0392,PRJ0031,CLI0044,2026-05-18,2026-07-21,108.5,67.8,89.0,19.5,Developer,On Hold,Medium,Allocated,66.6
ALC002753,EMP0117,PRJ0080,CLI0026,2026-03-05,2026-05-30,31.0,19.4,25.4,5.6,Designer,On Hold,Low,Underallocated,70.3
ALC002754,EMP0628,PRJ0065,CLI0003,2026-06-02,2026-10-28,202.9,126.8,166.4,36.5,Analyst,Completed,High,Overallocated,77.8
ALC002755,EMP0450,PRJ0007,CLI0040,2026-01-17,2026-02-16,72.8,45.5,59.7,13.1,PM,Completed,Low,Underallocated,74.8
ALC002756,EMP0056,PRJ0117,CLI0006,2026-04-05,2026-05-20,113.3,70.8,92.9,20.4,Lead,Active,Medium,Allocated,71.5
ALC002757,EMP0536,PRJ0074,CLI0006,2026-01-17,2026-03-03,178.9,111.8,146.7,32.2,Analyst,On Hold,High,Overallocated,85.5
ALC002758,EMP0396,PRJ0109,CLI0010,2026-05-07,2026-08-18,104.6,65.4,85.8,18.8,PM,Completed,Low,Allocated,81.9
ALC002759,EMP0183,PRJ0133,CLI0044,2026-05-06,2026-08-17,125.0,78.1,102.5,22.5,Designer,Completed,Medium,Allocated,73.9
ALC002760,EMP0235,PRJ0027,CLI0004,2026-05-07,2026-09-16,73.8,46.1,60.5,13.3,Lead,Active,High,Underallocated,61.9
ALC002761,EMP0693,PRJ0119,CLI0048,2026-05-17,2026-08-14,90.1,56.3,73.9,16.2,Analyst,On Hold,Low,Underallocated,73.5
ALC002762,EMP0468,PRJ0009,CLI0015,2026-01-08,2026-04-15,75.0,46.9,61.5,13.5,Lead,On Hold,Medium,Underallocated,77.6
ALC002763,EMP0038,PRJ0150,CLI0003,2026-06-18,2026-11-14,163.2,102.0,133.8,29.4,Tester,On Hold,Critical,Overallocated,93.9
ALC002764,EMP0700,PRJ0044,CLI0043,2026-06-21,2026-11-04,85.3,53.3,69.9,15.4,Support,On Hold,Low,Underallocated,68.7
ALC002765,EMP0296,PRJ0043,CLI0043,2026-02-09,2026-05-03,82.2,51.4,67.4,14.8,Developer,Completed,Medium,Underallocated,92.9
ALC002766,EMP0728,PRJ0115,CLI0050,2026-06-05,2026-08-11,77.6,48.5,63.6,14.0,Tester,On Hold,High,Underallocated,65.2
ALC002767,EMP0072,PRJ0053,CLI0011,2026-05-06,2026-07-10,127.4,79.6,104.5,22.9,Developer,Completed,Low,Allocated,88.0
ALC002768,EMP0349,PRJ0036,CLI0045,2026-02-18,2026-03-26,135.2,84.5,110.9,24.3,Developer,On Hold,Critical,Allocated,64.9
ALC002769,EMP0636,PRJ0087,CLI0046,2026-04-02,2026-06-10,32.2,20.1,26.4,5.8,Designer,Active,High,Underallocated,91.6
ALC002770,EMP0555,PRJ0137,CLI0012,2026-02-08,2026-06-12,114.7,71.7,94.1,20.6,Tester,Active,Critical,Allocated,94.6
ALC002771,EMP0728,PRJ0027,CLI0004,2026-01-14,2026-04-21,124.0,77.5,101.7,22.3,Developer,On Hold,Low,Allocated,92.2
ALC002772,EMP0209,PRJ0151,CLI0036,2026-05-01,2026-06-14,168.2,105.1,137.9,30.3,PM,Completed,Low,Overallocated,89.6
ALC002773,EMP0365,PRJ0021,CLI0060,2026-06-02,2026-07-21,63.0,39.4,51.7,11.3,PM,Active,Critical,Underallocated,77.7
ALC002774,EMP0494,PRJ0006,CLI0019,2026-01-15,2026-05-25,67.2,42.0,55.1,12.1,Support,Completed,Critical,Underallocated,62.3
ALC002775,EMP0214,PRJ0158,CLI0059,2026-05-20,2026-08-23,,86.0,112.8,24.8,Developer,On Hold,High,Allocated,84.6
ALC002776,EMP0014,PRJ0056,CLI0042,2026-01-05,2026-06-04,109.6,68.5,89.9,19.7,Analyst,Active,Medium,Allocated,87.7
ALC002777,EMP0466,PRJ0141,CLI0028,2026-04-18,2026-06-27,167.2,104.5,137.1,30.1,Support,Completed,Critical,Overallocated,82.6
ALC002778,EMP0570,PRJ0133,CLI0044,2026-02-11,2026-06-04,156.0,97.5,127.9,28.1,Developer,Active,Medium,Allocated,75.2
ALC002779,EMP0388,PRJ0180,CLI0006,2026-06-09,2026-08-10,123.2,77.0,101.0,22.2,PM,Active,Critical,Allocated,76.1
ALC002780,EMP0519,,CLI0004,2026-04-20,2026-05-18,109.3,68.3,89.6,19.7,Designer,Active,Low,Allocated,70.0
ALC002781,EMP0140,PRJ0112,CLI0006,2026-01-06,2026-05-13,105.8,66.1,86.8,19.0,Lead,On Hold,Medium,Allocated,84.9
ALC002782,EMP0804,PRJ0043,CLI0043,2026-04-01,2026-07-21,110.9,69.3,90.9,20.0,Developer,Completed,Medium,Allocated,73.7
ALC002783,EMP0413,PRJ0063,CLI0016,2026-06-15,2026-10-12,114.4,71.5,93.8,20.6,Designer,Active,Critical,Allocated,78.8
ALC002784,EMP0531,PRJ0018,CLI0024,2026-01-11,2026-02-15,168.8,105.5,138.4,30.4,Designer,Active,High,Overallocated,84.9
ALC002785,EMP0767,PRJ0080,CLI0026,2026-02-21,2026-05-09,30.6,19.1,25.1,5.5,Lead,Active,Medium,Underallocated,76.7
ALC002786,EMP0799,PRJ0112,CLI0006,2026-02-02,2026-06-16,95.2,59.5,78.1,17.1,PM,Completed,Low,Underallocated,87.8
ALC002787,EMP0079,PRJ0119,CLI0048,2026-02-11,2026-06-28,120.2,75.1,98.6,21.6,Developer,Completed,High,Allocated,92.2
ALC002788,EMP0571,PRJ0126,CLI0060,2026-01-10,2026-02-13,87.8,54.9,72.0,15.8,Analyst,On Hold,Medium,Underallocated,76.9
ALC002789,EMP0267,PRJ0037,CLI0057,2026-05-13,2026-07-05,100.5,62.8,82.4,18.1,Analyst,On Hold,Critical,Allocated,88.0
ALC002790,EMP0127,PRJ0045,CLI0011,2026-06-09,2026-07-13,94.4,59.0,77.4,17.0,Developer,On Hold,Medium,Underallocated,81.6
ALC002791,EMP0177,PRJ0086,CLI0017,2026-06-02,2026-08-17,164.2,102.6,134.6,29.6,Lead,Completed,Low,Overallocated,78.4
ALC002792,EMP0654,PRJ0044,CLI0043,2026-06-01,2026-09-13,95.0,59.4,77.9,17.1,PM,Active,Low,Underallocated,81.2
ALC002793,EMP0731,PRJ0095,CLI0017,2026-01-12,2026-04-16,83.2,52.0,68.2,15.0,Lead,Active,Critical,Underallocated,72.8
ALC002794,EMP0812,PRJ0014,CLI0026,2026-03-10,2026-04-23,143.2,89.5,117.4,25.8,Analyst,Active,Medium,Allocated,89.2
ALC002795,EMP0168,PRJ0055,CLI0015,2026-06-21,2026-09-17,90.6,56.6,74.3,16.3,Lead,Active,Critical,Underallocated,68.0
ALC002796,EMP0144,PRJ0133,CLI0044,2026-06-20,2026-09-14,105.3,65.8,86.3,19.0,Lead,On Hold,Medium,Allocated,87.6
ALC002797,EMP0642,PRJ0118,CLI0008,2026-02-02,2026-06-06,67.7,42.3,55.5,12.2,Lead,On Hold,Medium,Underallocated,85.7
ALC002798,EMP0094,PRJ0150,CLI0003,2026-04-01,2026-08-10,95.8,59.9,78.6,17.2,Tester,Active,Medium,Underallocated,67.6
ALC002799,EMP0617,PRJ0058,CLI0020,2026-01-20,2026-04-24,110.6,69.1,90.7,19.9,Developer,Active,Medium,Allocated,62.7
ALC002800,EMP0217,PRJ0085,CLI0045,2026-04-06,2026-05-26,61.4,38.4,50.3,11.1,Analyst,Active,Critical,Underallocated,66.5
ALC002801,EMP0317,PRJ0112,CLI0006,2026-02-08,2026-06-25,108.0,67.5,88.6,19.4,Developer,On Hold,Critical,Allocated,77.2
ALC002802,EMP0679,PRJ0046,CLI0048,2026-03-21,2026-05-11,132.5,82.8,108.6,23.8,Lead,Completed,Low,Allocated,74.4
ALC002803,EMP0729,PRJ0172,CLI0044,2026-03-05,2026-06-17,32.3,20.2,26.5,5.8,Analyst,On Hold,Medium,Underallocated,64.1
ALC002804,EMP0643,PRJ0043,CLI0043,2026-05-21,2026-06-22,85.9,53.7,70.4,15.5,Support,On Hold,Critical,Underallocated,85.3
ALC002805,EMP0682,PRJ0012,CLI0020,2026-02-11,2026-04-12,214.2,145.0,175.6,38.6,Developer,Active,Critical,Overallocated,65.2
ALC002806,EMP0618,PRJ0096,CLI0056,2026-05-12,2026-07-14,103.8,64.9,85.1,18.7,Support,On Hold,High,Allocated,75.1
ALC002807,EMP0185,PRJ0058,CLI0020,2026-01-15,2026-04-27,157.6,98.5,129.2,28.4,Developer,On Hold,Critical,Allocated,68.6
ALC002808,EMP0694,PRJ0127,CLI0026,2026-01-17,2026-03-02,110.9,69.3,90.9,20.0,Designer,Active,High,Allocated,83.2
ALC002809,EMP0227,PRJ0039,CLI0024,2026-04-06,2026-07-01,98.9,61.8,81.1,17.8,Tester,Active,Low,Allocated,79.1
ALC002810,EMP0264,PRJ0114,CLI0043,2026-06-06,2026-10-21,149.3,93.3,122.4,26.9,Lead,Active,Medium,Allocated,84.9
ALC002811,EMP0099,PRJ0074,CLI0006,2026-05-15,2026-07-22,159.8,99.9,131.0,28.8,Analyst,Completed,Low,Allocated,90.3
ALC002812,EMP0812,PRJ0017,CLI0050,2026-02-13,2026-04-12,76.3,47.7,62.6,13.7,Support,Active,High,Underallocated,60.7
ALC002813,EMP0508,PRJ0131,CLI0009,2026-05-03,2026-06-06,68.2,42.6,55.9,12.3,Developer,Completed,Medium,Underallocated,80.4
ALC002814,EMP0728,PRJ0099,CLI0038,2026-01-04,2026-05-13,57.3,35.8,47.0,10.3,Analyst,Active,Low,Underallocated,82.6
ALC002815,EMP0422,PRJ0156,CLI0002,2026-06-01,2026-09-22,76.8,48.0,63.0,13.8,Designer,Active,High,Underallocated,90.7
ALC002816,EMP0041,PRJ0172,CLI0044,2026-05-03,2026-09-21,157.4,98.4,129.1,28.3,Designer,Active,High,Allocated,69.4
ALC002817,EMP0345,PRJ0068,CLI0059,2026-01-03,2026-04-29,113.3,70.8,92.9,20.4,Analyst,Completed,Critical,Allocated,75.9
ALC002818,EMP0261,PRJ0065,CLI0003,2026-03-01,2026-06-30,159.4,99.6,130.7,28.7,Tester,Completed,High,Allocated,81.5
ALC002819,EMP0628,PRJ0156,CLI0002,2026-06-16,2026-09-10,,44.2,58.0,12.7,Analyst,On Hold,Low,Underallocated,67.6
ALC002820,EMP0005,PRJ0168,CLI0016,2026-06-17,2026-09-25,71.8,44.9,58.9,12.9,Lead,Completed,Low,Underallocated,80.3
ALC002821,EMP0454,PRJ0040,CLI0014,2026-06-08,2026-08-28,96.3,60.2,79.0,17.3,Developer,On Hold,High,Allocated,76.2
ALC002822,EMP0213,PRJ0153,CLI0030,2026-01-14,2026-02-23,123.8,77.4,101.5,22.3,PM,Completed,High,Allocated,88.5
ALC002823,EMP0695,PRJ0026,CLI0019,2026-01-11,2026-05-12,106.4,66.5,87.2,19.2,Designer,Completed,Critical,Allocated,88.5
ALC002824,EMP0699,PRJ0127,CLI0026,2026-06-16,2026-07-28,139.8,87.4,114.6,25.2,Developer,Completed,Critical,Allocated,84.5
ALC002825,EMP0101,PRJ0089,CLI0043,2026-06-12,2026-08-20,128.6,80.4,105.5,23.1,Designer,On Hold,High,Allocated,72.6
ALC002826,EMP0477,PRJ0154,CLI0005,2026-06-07,2026-09-29,131.5,82.2,107.8,23.7,Tester,Active,Low,Allocated,76.9
ALC002827,EMP0437,PRJ0148,CLI0035,2026-03-15,2026-08-01,139.4,87.1,114.3,25.1,Developer,On Hold,Medium,Allocated,82.1
ALC002828,EMP0304,PRJ9999,CLI0040,2026-02-17,2026-04-23,155.8,97.4,127.8,28.0,Analyst,On Hold,High,Allocated,77.9
ALC002829,EMP0588,PRJ0071,CLI0036,2026-05-07,2026-09-11,13.6,8.5,11.2,2.4,PM,On Hold,Low,Underallocated,69.9
ALC002830,EMP0811,PRJ0045,CLI0011,2026-01-01,2026-01-27,111.5,69.7,91.4,20.1,Analyst,On Hold,Medium,Allocated,82.1
ALC002831,EMP0849,PRJ0015,CLI0015,2026-02-03,2026-04-27,145.8,145.0,119.6,26.2,PM,On Hold,Low,Allocated,74.1
ALC002832,EMP0086,PRJ0042,CLI0026,2026-01-04,2026-03-29,213.0,133.1,174.7,38.3,Developer,Completed,Low,Overallocated,62.2
ALC002833,EMP0594,PRJ0119,CLI0048,2026-04-03,2026-05-18,108.0,67.5,88.6,19.4,Support,Active,Medium,Allocated,67.1
ALC002834,EMP0831,PRJ0016,CLI0049,2026-04-01,2026-08-08,24.2,15.1,19.8,4.4,Lead,On Hold,High,Underallocated,87.6
ALC002835,EMP0031,PRJ0104,CLI0018,2026-01-17,2026-05-28,169.0,105.6,138.6,30.4,PM,On Hold,High,Overallocated,72.9
ALC002836,EMP0237,PRJ0079,CLI0059,2026-06-02,2026-07-05,63.4,39.6,52.0,11.4,Developer,Active,Low,Underallocated,92.5
ALC002837,EMP0031,PRJ0067,CLI0015,2026-06-03,2026-08-24,130.4,81.5,106.9,23.5,Analyst,Active,Medium,Allocated,66.8
ALC002838,EMP0473,PRJ0032,CLI0053,2026-05-01,2026-06-12,133.4,83.4,109.4,24.0,Tester,Active,Medium,Allocated,83.2
ALC002839,EMP0724,PRJ0101,CLI0028,2026-01-09,2026-05-12,117.1,73.2,96.0,21.1,Lead,On Hold,Low,Allocated,78.1
ALC002840,EMP0254,PRJ0003,CLI0041,2026-05-05,2026-06-01,26.7,16.7,21.9,4.8,Designer,Active,Critical,Underallocated,77.5
ALC002841,EMP0530,PRJ0118,CLI0008,2026-06-02,2026-08-12,97.4,60.9,79.9,17.5,Support,Active,High,Allocated,70.9
ALC002842,EMP0200,PRJ0150,CLI0003,2026-03-14,2026-07-07,49.3,30.8,40.4,8.9,Support,Completed,Medium,Underallocated,88.5
ALC002843,EMP0823,PRJ0019,CLI0054,2026-01-06,2026-03-17,130.1,81.3,106.7,23.4,Designer,On Hold,Low,Allocated,86.7
ALC002844,EMP0477,PRJ0126,CLI0060,2026-01-14,2026-03-15,76.6,47.9,62.8,13.8,Developer,Completed,Medium,Underallocated,92.3
ALC002845,EMP0326,PRJ0021,CLI0060,2026-02-18,2026-04-01,27.0,16.9,22.1,4.9,Tester,Completed,High,Underallocated,62.2
ALC002846,EMP0291,PRJ0015,CLI0015,2026-04-09,2026-06-15,140.5,87.8,115.2,25.3,Developer,Active,Low,Allocated,80.1
ALC002847,EMP0008,PRJ0142,CLI0026,2026-06-13,2026-07-11,61.3,38.3,50.3,11.0,PM,Completed,Critical,Underallocated,77.7
ALC002848,EMP0775,PRJ0072,CLI0030,2026-01-01,2026-03-04,117.4,73.4,96.3,21.1,Designer,On Hold,Medium,Allocated,70.8
ALC002849,EMP0085,PRJ0140,CLI0018,2026-05-17,2026-09-27,82.6,51.6,67.7,14.9,PM,On Hold,Critical,Underallocated,76.1
ALC002850,EMP0649,PRJ0149,CLI0039,2026-05-10,2026-06-20,146.7,91.7,120.3,26.4,Developer,Completed,Medium,Allocated,91.0
ALC002851,EMP0384,PRJ0135,CLI0022,2026-03-07,2026-06-11,145.1,90.7,119.0,26.1,Tester,On Hold,High,Allocated,62.2
ALC002852,EMP0633,PRJ0063,CLI0016,2026-05-15,2026-08-22,121.4,75.9,99.5,21.9,Designer,Active,Low,Allocated,81.1
ALC002853,EMP0639,PRJ0107,CLI0032,2026-06-02,2026-10-15,107.7,67.3,88.3,19.4,Support,Completed,Low,Allocated,82.2
ALC002854,EMP0078,PRJ0124,CLI0045,2026-05-19,2026-07-26,94.4,59.0,77.4,17.0,Developer,Active,Medium,Underallocated,72.3
ALC002855,EMP0121,PRJ0108,CLI0055,2026-02-09,2026-03-29,63.8,39.9,52.3,11.5,Analyst,Active,Critical,Underallocated,73.4
ALC002856,EMP0385,PRJ0036,CLI0045,2026-01-08,2026-04-21,88.5,55.3,72.6,15.9,Lead,Completed,High,Underallocated,92.2
ALC002857,EMP0671,PRJ0156,CLI0002,2026-04-14,2026-06-18,131.2,82.0,107.6,23.6,PM,Active,Medium,Allocated,66.5
ALC002858,EMP0494,PRJ0125,CLI0019,2026-03-08,2026-04-10,190.2,118.9,156.0,34.2,PM,On Hold,Medium,Overallocated,76.9
ALC002859,EMP0485,PRJ0139,CLI0008,2026-05-08,2026-08-23,134.9,84.3,110.6,24.3,Analyst,Active,Critical,Allocated,79.0
ALC002860,EMP0761,PRJ0170,CLI0032,2026-04-04,2026-06-28,140.6,87.9,115.3,25.3,PM,Completed,High,Allocated,63.3
ALC002861,EMP0836,PRJ0152,CLI0005,2026-04-07,2026-07-01,107.7,67.3,88.3,19.4,Developer,Active,Medium,Allocated,65.6
ALC002862,EMP0266,PRJ0124,CLI0045,2026-03-18,2026-06-17,133.1,83.2,109.1,24.0,Analyst,Completed,High,Allocated,61.7
ALC002863,EMP0409,PRJ0107,CLI0032,2026-05-13,2026-09-03,26.1,16.3,21.4,4.7,Designer,Active,Medium,Underallocated,64.9
ALC002864,EMP0788,PRJ0157,CLI0044,2026-05-03,2026-07-12,83.2,52.0,68.2,15.0,Analyst,On Hold,Low,Underallocated,62.8
ALC002865,EMP0210,PRJ0168,CLI0016,2026-06-19,2026-08-04,140.2,87.6,115.0,25.2,Analyst,Active,Low,Allocated,89.0
ALC002866,EMP0335,PRJ0061,CLI0059,2026-06-01,2026-09-20,140.8,88.0,115.5,25.3,Tester,Active,High,Allocated,73.9
ALC002867,EMP0164,PRJ0141,CLI0028,2026-02-08,2026-04-14,90.2,56.4,74.0,16.2,Lead,Completed,Critical,Underallocated,94.1
ALC002868,EMP0418,PRJ0020,CLI0049,2026-05-21,2026-07-17,59.7,37.3,49.0,10.7,Support,Completed,Low,Underallocated,71.7
ALC002869,EMP0054,PRJ0099,CLI0038,2026-05-01,2026-06-12,109.1,68.2,89.5,19.6,Tester,Completed,Critical,Allocated,77.7
ALC002870,EMP0747,PRJ0147,CLI0001,2026-05-12,2026-06-29,94.6,59.1,77.6,17.0,PM,On Hold,High,Underallocated,61.9
ALC002871,EMP0529,PRJ0012,CLI0020,2026-03-14,2026-06-25,149.6,93.5,122.7,26.9,Designer,Completed,Low,Allocated,72.1
ALC002872,EMP0828,PRJ0130,CLI0056,2026-05-19,2026-06-19,140.2,87.6,115.0,25.2,Tester,On Hold,Critical,Allocated,73.7
ALC002873,EMP0244,PRJ0079,CLI0059,2026-03-14,2026-05-22,173.9,108.7,142.6,31.3,Tester,Active,Critical,Overallocated,86.1
ALC002874,EMP0418,PRJ0079,CLI0059,2026-04-01,2026-06-14,156.5,97.8,128.3,28.2,Lead,Completed,High,Allocated,73.2
ALC002875,EMP0628,PRJ0172,CLI0044,2026-02-09,2026-03-20,101.0,63.1,82.8,18.2,Developer,On Hold,Medium,Allocated,80.8
ALC002876,EMP0660,PRJ0101,CLI0028,2026-03-06,2026-04-08,125.9,78.7,103.2,22.7,Analyst,On Hold,Medium,Allocated,67.4
ALC002877,EMP0423,PRJ0039,CLI0024,2026-05-14,2026-06-21,193.4,120.9,158.6,34.8,Developer,Active,Medium,Overallocated,84.5
ALC002878,EMP0299,PRJ0050,CLI0039,2026-01-20,2026-04-27,96.0,60.0,78.7,17.3,Analyst,Completed,High,Allocated,74.6
ALC002879,EMP0681,PRJ0082,CLI0013,2026-05-02,2026-06-15,119.0,74.4,97.6,21.4,Developer,Active,Low,Allocated,87.3
ALC002880,EMP0507,PRJ0004,CLI0056,2026-04-15,2026-09-05,111.8,69.9,91.7,20.1,Tester,On Hold,High,Allocated,72.3
ALC002881,EMP0589,PRJ0066,CLI0051,2026-03-11,2026-07-14,112.6,70.4,92.3,20.3,Support,Active,Low,Allocated,92.8
ALC002882,EMP0659,PRJ0111,CLI0043,2026-04-18,2026-05-20,77.0,48.1,63.1,13.9,Lead,Completed,Critical,Underallocated,63.9
ALC002883,EMP0378,PRJ0023,CLI0035,2026-04-15,2026-08-06,164.3,102.7,134.7,29.6,PM,On Hold,High,Overallocated,75.6
ALC002884,EMP0106,PRJ0113,CLI0050,2026-06-07,2026-09-21,75.4,47.1,61.8,13.6,Analyst,Active,Medium,Underallocated,71.3
ALC002885,EMP0800,PRJ0151,CLI0036,2026-05-02,2026-08-18,186.4,116.5,152.8,33.6,Developer,Active,Low,Overallocated,80.5
ALC002886,EMP0254,PRJ0029,CLI0058,2026-05-14,2026-06-16,177.6,111.0,145.6,32.0,Analyst,On Hold,Critical,Overallocated,94.6
ALC002887,EMP0487,PRJ0102,CLI0043,2026-01-06,2026-03-19,122.1,76.3,100.1,22.0,Lead,Active,High,Allocated,94.0
ALC002888,EMP0425,PRJ0062,CLI0038,2026-04-15,2026-07-22,112.2,70.1,92.0,20.2,Lead,Completed,Critical,Allocated,74.3
ALC002889,EMP0781,PRJ0007,CLI0040,2026-01-02,2026-01-29,81.0,50.6,66.4,14.6,Designer,Active,Low,Underallocated,88.6
ALC002890,EMP0386,PRJ0008,CLI0052,2026-06-09,2026-10-11,114.9,71.8,94.2,20.7,Developer,Active,Low,Allocated,64.2
ALC002891,EMP0583,PRJ0045,CLI0011,2026-01-18,2026-04-16,155.2,97.0,127.3,27.9,Developer,Completed,High,Allocated,69.6
ALC002892,EMP0136,PRJ0011,CLI0024,2026-06-05,2026-09-22,84.6,52.9,69.4,15.2,Developer,On Hold,Low,Underallocated,86.0
ALC002893,EMP0712,PRJ0105,CLI0056,2026-06-12,2026-08-25,170.7,106.7,140.0,30.7,Tester,Active,High,Overallocated,92.3
ALC002894,EMP0768,PRJ0092,CLI0007,2026-02-05,2026-03-03,153.0,95.6,125.5,27.5,Developer,Completed,High,Allocated,82.3
ALC002895,EMP0121,PRJ0117,CLI0006,2026-05-18,2026-09-02,107.7,67.3,88.3,19.4,Developer,Completed,Critical,Allocated,60.3
ALC002896,EMP0661,PRJ0073,CLI0016,2026-03-07,2026-06-15,143.8,89.9,117.9,25.9,Support,Completed,Medium,Allocated,70.1
ALC002897,EMP0735,PRJ0042,CLI0026,2026-01-06,2026-05-31,75.5,47.2,61.9,13.6,Support,On Hold,Medium,Underallocated,74.6
ALC002898,EMP0587,PRJ0043,CLI0043,2026-04-06,2026-07-12,107.8,67.4,88.4,19.4,Support,Completed,Medium,Allocated,80.8
ALC002899,EMP0593,PRJ0146,CLI0006,2026-03-17,2026-07-24,200.6,125.4,164.5,36.1,Analyst,Completed,High,Overallocated,78.6
ALC002900,EMP0582,PRJ0146,CLI0006,2026-05-10,2026-09-22,159.8,,131.0,28.8,Tester,On Hold,Low,Allocated,82.8
ALC002901,EMP0191,PRJ0008,CLI0052,2026-01-15,2026-04-12,132.0,82.5,108.2,23.8,Analyst,Active,Low,Allocated,63.2
ALC002902,EMP0443,PRJ0153,CLI0030,2026-05-16,2026-09-17,114.7,71.7,94.1,20.6,Lead,Completed,Low,Allocated,88.8
ALC002903,EMP0539,PRJ0079,CLI0059,2026-02-09,2026-03-11,109.0,68.1,89.4,19.6,Designer,On Hold,Low,Allocated,68.0
ALC002904,EMP0549,PRJ0050,CLI0039,2026-05-02,2026-09-12,110.9,69.3,90.9,20.0,Designer,Active,Medium,Allocated,90.5
ALC002905,EMP0567,PRJ0036,CLI0045,2026-04-13,2026-09-09,81.1,50.7,66.5,14.6,Lead,Completed,Critical,Underallocated,69.7
ALC002906,EMP0318,PRJ0063,CLI0016,2026-06-06,2026-07-23,138.1,86.3,113.2,24.9,PM,On Hold,High,Allocated,64.5
ALC002907,EMP0826,PRJ0086,CLI0017,2026-03-17,2026-05-18,153.8,96.1,126.1,27.7,Tester,Active,High,Allocated,85.0
ALC002908,EMP0706,PRJ0074,CLI0006,2026-04-06,2026-06-28,101.9,63.7,83.6,18.3,Designer,Completed,High,Allocated,70.7
ALC002909,EMP0563,PRJ0036,CLI0045,2026-05-07,2026-08-25,130.7,81.7,107.2,23.5,PM,On Hold,Low,Allocated,60.4
ALC002910,EMP0206,PRJ0131,CLI0009,2026-01-09,2026-05-27,82.9,51.8,68.0,14.9,PM,On Hold,Medium,Underallocated,61.0
ALC002911,EMP0455,PRJ0123,CLI0039,2026-04-08,2026-05-13,109.3,68.3,89.6,19.7,Tester,Active,High,Allocated,82.1
ALC002912,EMP0600,PRJ0067,CLI0015,2026-02-20,2026-07-19,78.1,48.8,64.0,14.1,Designer,Active,High,Underallocated,91.8
ALC002913,EMP0065,PRJ0088,CLI0011,2026-06-07,2026-10-12,102.9,64.3,84.4,18.5,Lead,On Hold,Medium,Allocated,85.6
ALC002914,EMP0011,PRJ0035,CLI0016,2026-01-02,2026-03-13,116.8,73.0,95.8,21.0,Developer,Completed,Low,Allocated,81.1
ALC002915,EMP0779,PRJ0092,CLI0007,2026-03-12,2026-05-26,136.2,85.1,111.7,24.5,PM,On Hold,High,Allocated,94.2
ALC002916,EMP0190,PRJ0069,CLI0021,2026-06-19,2026-10-21,87.5,54.7,71.8,15.8,Lead,On Hold,High,Underallocated,88.9
ALC002917,EMP0670,PRJ0055,CLI0015,2026-03-11,2026-07-08,131.0,81.9,107.4,23.6,Developer,Completed,Medium,Allocated,82.3
ALC002918,EMP0291,PRJ0099,CLI0038,2026-05-11,2026-06-18,73.8,46.1,60.5,13.3,Tester,Completed,High,Underallocated,71.1
ALC002919,EMP0214,PRJ0101,CLI0028,2026-05-12,2026-09-07,124.6,77.9,102.2,22.4,PM,Active,Medium,Allocated,65.1
ALC002920,EMP0428,PRJ0145,CLI0003,2026-03-08,2026-06-02,,125.3,164.4,36.1,Tester,Active,Critical,Overallocated,92.1
ALC002921,EMP0092,PRJ0104,CLI0018,2026-03-08,2026-06-11,97.1,60.7,79.6,17.5,Developer,On Hold,Critical,Allocated,60.1
ALC002922,EMP0213,PRJ0046,CLI0048,2026-03-01,2026-04-06,58.7,36.7,48.1,10.6,Developer,Active,High,Underallocated,77.2
ALC002923,EMP0619,PRJ0127,CLI0026,2026-02-02,2026-06-12,147.8,92.4,121.2,26.6,PM,Completed,Critical,Allocated,70.7
ALC002924,EMP0159,PRJ0100,CLI0039,2026-02-06,2026-05-12,123.5,77.2,101.3,22.2,Lead,Completed,Medium,Allocated,67.0
ALC002925,EMP0624,PRJ0106,CLI0041,2026-06-17,2026-10-19,130.4,81.5,106.9,23.5,Support,On Hold,Low,Allocated,81.0
ALC002926,EMP0163,PRJ0084,CLI0016,2026-03-12,2026-07-12,162.9,101.8,133.6,29.3,Support,On Hold,High,Overallocated,67.3
ALC002927,EMP0718,PRJ0018,CLI0024,2026-01-09,2026-02-28,83.5,52.2,68.5,15.0,Designer,Completed,High,Underallocated,80.8
ALC002928,EMP0124,PRJ0166,CLI0028,2026-05-04,2026-05-26,84.8,53.0,69.5,15.3,Developer,Completed,Low,Underallocated,86.1
ALC002929,EMP0343,PRJ0128,CLI0044,2026-05-04,2026-07-05,133.8,83.6,109.7,24.1,Lead,Completed,Low,Allocated,84.6
ALC002930,EMP0826,PRJ0171,CLI0001,2026-02-09,2026-03-14,153.6,96.0,126.0,27.6,PM,On Hold,Medium,Allocated,93.3
ALC002931,EMP0024,PRJ0013,CLI0048,2026-04-19,2026-06-22,121.4,75.9,99.5,21.9,Support,On Hold,Low,Allocated,89.2
ALC002932,EMP0729,PRJ0138,CLI0018,2026-06-07,2026-08-02,109.1,68.2,89.5,19.6,Tester,Completed,High,Allocated,68.5
ALC002933,EMP0283,PRJ0030,CLI0043,2026-06-05,2026-07-16,125.0,78.1,102.5,22.5,Support,Active,Low,Allocated,91.6
ALC002934,EMP0191,PRJ0083,CLI0032,2026-04-11,2026-06-03,141.3,88.3,115.9,25.4,Designer,Completed,Low,Allocated,80.7
ALC002935,EMP0033,PRJ0093,CLI0012,2026-04-11,2026-09-06,54.1,33.8,44.4,9.7,Designer,On Hold,Low,Underallocated,70.5
ALC002936,EMP0486,PRJ0059,CLI0017,2026-04-14,2026-07-02,72.3,45.2,59.3,13.0,Lead,Active,Low,Underallocated,79.7
ALC002937,EMP0503,PRJ0049,CLI0043,2026-06-08,2026-07-19,108.5,67.8,89.0,19.5,Tester,Active,Low,Allocated,85.8
ALC002938,EMP0265,PRJ0050,CLI0039,2026-01-18,2026-04-05,139.7,87.3,114.6,25.1,Designer,On Hold,Medium,Allocated,88.0
ALC002939,EMP0520,PRJ0082,CLI0013,2026-01-03,2026-04-07,198.9,124.3,163.1,35.8,Designer,On Hold,High,Overallocated,65.5
ALC002940,EMP0651,PRJ0126,CLI0060,2026-06-06,2026-09-18,107.5,67.2,88.1,19.3,Developer,Completed,High,Allocated,85.6
ALC002941,EMP0546,PRJ0073,CLI0016,2026-02-14,2026-05-01,121.8,76.1,99.9,21.9,PM,Active,High,Allocated,93.6
ALC002942,EMP0837,PRJ0020,CLI0049,2026-04-10,2026-09-03,85.4,53.4,70.0,15.4,Support,Active,Critical,Underallocated,93.0
ALC002943,EMP0122,PRJ0085,CLI0045,2026-04-04,2026-05-26,138.2,86.4,113.3,24.9,Lead,Completed,Low,Allocated,92.6
ALC002944,EMP0395,PRJ0062,CLI0038,2026-05-13,2026-07-19,68.2,42.6,55.9,12.3,Analyst,On Hold,Critical,Underallocated,78.1
ALC002945,EMP0677,PRJ0021,CLI0060,2026-03-19,2026-07-18,111.5,69.7,91.4,20.1,Designer,On Hold,High,Allocated,92.6
ALC002946,EMP0770,PRJ0010,CLI0035,2026-03-09,2026-07-18,73.9,46.2,60.6,13.3,Designer,Completed,Critical,Underallocated,84.7
ALC002947,EMP0636,PRJ0058,CLI0020,2026-04-21,2026-08-12,27.5,17.2,22.5,5.0,Designer,On Hold,High,Underallocated,90.6
ALC002948,EMP0793,PRJ0077,CLI0025,2026-04-20,2026-08-14,219.7,137.3,180.2,39.5,Tester,On Hold,Low,Overallocated,67.6
ALC002949,EMP0327,PRJ0020,CLI0049,2026-01-09,2026-02-16,144.0,90.0,118.1,25.9,Developer,Completed,Critical,Allocated,93.7
ALC002950,EMP0209,PRJ0039,CLI0024,2026-06-12,2026-08-28,144.3,90.2,118.3,26.0,PM,Active,Low,Allocated,90.6
ALC002951,EMP0400,PRJ0073,CLI0016,2026-02-16,2026-03-13,148.3,92.7,121.6,26.7,PM,Active,Critical,Allocated,73.7
ALC002952,EMP0423,PRJ0040,CLI0014,2026-04-05,2026-06-24,169.0,105.6,138.6,30.4,Designer,On Hold,High,Overallocated,82.6
ALC002953,EMP0134,PRJ0125,CLI0019,2026-03-03,2026-07-06,118.6,74.1,97.3,21.3,Lead,On Hold,Critical,Allocated,79.2
ALC002954,EMP0419,PRJ0059,CLI0017,2026-04-20,2026-08-30,146.7,91.7,120.3,26.4,Support,Active,Medium,Allocated,80.7
ALC002955,EMP0073,PRJ0021,CLI0060,2026-05-09,2026-08-12,92.0,57.5,75.4,16.6,Designer,Completed,Low,Underallocated,94.4
ALC002956,EMP0845,PRJ0110,CLI0054,2026-06-12,2026-07-26,105.1,65.7,86.2,18.9,Tester,Completed,Medium,Allocated,90.3
ALC002957,EMP0691,PRJ0040,CLI0014,2026-05-09,2026-06-30,50.6,31.6,41.5,9.1,PM,Active,Low,Underallocated,67.5
ALC002958,EMP0473,PRJ0149,CLI0039,2026-02-10,2026-06-09,120.0,75.0,98.4,21.6,Analyst,On Hold,Low,Allocated,69.9
ALC002959,EMP0376,PRJ0002,CLI0046,2026-03-18,2026-05-10,90.9,56.8,74.5,16.4,Analyst,Active,Critical,Underallocated,72.8
ALC002960,EMP0496,PRJ0093,CLI0012,2026-05-12,2026-09-02,,66.7,87.5,19.2,Lead,Completed,Low,Allocated,64.8
ALC002961,EMP0335,PRJ0169,CLI0060,2026-04-06,2026-08-28,145.1,90.7,119.0,26.1,Developer,Completed,High,Allocated,83.6
ALC002962,EMP0684,PRJ0151,CLI0036,2026-02-07,2026-06-29,124.2,77.6,101.8,22.4,Developer,Completed,Medium,Allocated,61.5
ALC002963,EMP0365,PRJ0013,CLI0048,2026-02-21,2026-06-19,,95.8,125.7,27.6,Tester,Completed,Medium,Allocated,79.6
ALC002964,EMP0658,PRJ0115,CLI0050,2026-02-20,2026-06-13,88.3,55.2,72.4,15.9,Designer,Completed,Medium,Underallocated,88.4
ALC002965,EMP0741,PRJ0109,CLI0010,2026-03-18,2026-04-16,127.2,79.5,104.3,22.9,Lead,Active,Low,Allocated,65.7
ALC002966,EMP0039,PRJ0006,CLI0019,2026-03-04,2026-07-11,86.4,54.0,70.8,15.6,Designer,On Hold,Critical,Underallocated,70.4
ALC002967,EMP0615,PRJ0080,CLI0026,2026-01-06,2026-03-17,105.0,65.6,86.1,18.9,Developer,Completed,Critical,Allocated,73.1
ALC002968,EMP0337,PRJ0074,CLI0006,2026-03-13,2026-06-30,99.7,62.3,81.8,17.9,Support,Completed,Low,Allocated,81.5
ALC002969,EMP0358,PRJ0036,CLI0045,2026-05-21,2026-06-30,71.5,44.7,58.6,12.9,Analyst,Completed,Critical,Underallocated,89.5
ALC002970,EMP0353,PRJ0162,CLI0012,2026-05-07,2026-06-08,95.5,59.7,78.3,17.2,PM,Active,Medium,Underallocated,77.3
ALC002971,EMP0170,PRJ0034,CLI0045,2026-03-09,2026-08-01,135.0,84.4,110.7,24.3,Analyst,On Hold,High,Allocated,91.2
ALC002972,EMP0839,PRJ0011,CLI0024,2026-02-10,2026-04-14,75.4,47.1,61.8,13.6,PM,Completed,High,Underallocated,79.9
ALC002973,EMP0614,PRJ0142,CLI0026,2026-01-16,2026-04-26,85.4,53.4,70.0,15.4,Support,Active,Low,Underallocated,77.3
ALC002974,EMP0084,PRJ0140,CLI0018,2026-01-05,2026-02-04,161.8,101.1,132.7,29.1,Support,Active,Critical,Overallocated,74.1
ALC002975,EMP0351,PRJ0081,CLI0038,2026-04-15,2026-08-25,168.6,,138.3,30.3,Tester,Active,Critical,Overallocated,60.4
ALC002976,EMP0391,PRJ0097,CLI0018,2026-03-08,2026-07-23,145.3,90.8,119.1,26.2,PM,Active,Medium,Allocated,93.3
ALC002977,EMP0769,PRJ0030,CLI0043,2026-06-04,2026-06-28,180.3,112.7,147.8,32.5,Analyst,Active,Low,Overallocated,82.2
ALC002978,EMP0592,PRJ0074,CLI0006,2026-05-12,2026-06-07,166.6,104.1,136.6,30.0,Analyst,Active,Critical,Overallocated,60.1
ALC002979,EMP0846,PRJ0035,CLI0016,2026-02-06,2026-02-26,108.5,67.8,89.0,19.5,Tester,Active,Medium,Allocated,62.1
ALC002980,EMP0242,PRJ0161,CLI0056,2026-06-19,2026-10-21,191.5,119.7,157.0,34.5,Analyst,Completed,Medium,Overallocated,64.5
ALC002981,EMP0416,,CLI0028,2026-03-09,2026-05-04,174.4,109.0,143.0,31.4,Tester,Completed,Medium,Overallocated,64.1
ALC002982,EMP0017,PRJ0090,CLI0041,2026-01-10,2026-04-27,109.1,68.2,89.5,19.6,Developer,Active,High,Allocated,61.6
ALC002983,EMP0582,PRJ0147,CLI0001,2026-01-04,2026-05-02,122.1,76.3,100.1,22.0,Designer,On Hold,High,Allocated,94.4
ALC002984,EMP0842,PRJ0155,CLI0042,2026-06-04,2026-09-12,85.6,53.5,70.2,15.4,Analyst,On Hold,Critical,Underallocated,84.4
ALC002985,EMP0417,PRJ0020,CLI0049,2026-03-18,2026-04-11,108.2,67.6,88.7,19.5,Developer,Completed,High,Allocated,64.0
ALC002986,EMP0652,PRJ0069,CLI0021,2026-05-16,2026-09-12,49.8,31.1,40.8,9.0,Analyst,Active,Low,Underallocated,71.6
ALC002987,EMP0530,PRJ0075,CLI0033,2026-06-12,2026-08-15,88.5,55.3,72.6,15.9,Designer,On Hold,Medium,Underallocated,62.7
ALC002988,EMP0192,PRJ0098,CLI0044,2026-02-11,2026-05-29,143.7,89.8,117.8,25.9,Tester,On Hold,Low,Allocated,67.0
ALC002989,EMP0205,PRJ0072,CLI0030,2026-01-03,2026-01-27,71.0,44.4,58.2,12.8,Developer,On Hold,Medium,Underallocated,66.6
ALC002990,EMP0211,PRJ0026,CLI0019,2026-04-07,2026-08-06,99.5,62.2,81.6,17.9,Analyst,Completed,Medium,Allocated,63.8
ALC002991,EMP0694,PRJ0082,CLI0013,2026-02-10,2026-07-06,134.4,84.0,110.2,24.2,Analyst,Active,Low,Allocated,67.9
ALC002992,EMP0517,PRJ0107,CLI0032,2026-06-18,2026-07-29,100.5,62.8,82.4,18.1,Support,On Hold,Critical,Allocated,68.0
ALC002993,EMP0071,PRJ0022,CLI0037,2026-02-14,2026-03-13,158.1,98.8,129.6,28.5,Analyst,On Hold,Low,Allocated,64.8
ALC002994,EMP0201,PRJ0161,CLI0056,2026-04-16,2026-07-04,159.8,99.9,131.0,28.8,Tester,Active,Low,Allocated,83.1
ALC002995,EMP0683,PRJ0055,CLI0015,2026-05-19,2026-08-02,87.4,54.6,71.7,15.7,Tester,Active,Low,Underallocated,90.6
ALC002996,EMP0308,PRJ0118,CLI0008,2026-05-20,2026-09-06,94.6,59.1,77.6,17.0,Lead,Completed,Low,Underallocated,71.0
ALC002997,EMP0115,PRJ0109,CLI0010,2026-01-20,2026-04-06,113.8,71.1,93.3,20.5,PM,Active,Critical,Allocated,68.6
ALC002998,EMP0720,PRJ0037,CLI0057,2026-04-21,2026-06-16,85.4,53.4,70.0,15.4,PM,Completed,Critical,Underallocated,94.9
ALC002999,EMP0069,PRJ0048,CLI0035,2026-03-16,2026-08-09,177.3,110.8,145.4,31.9,Lead,On Hold,Critical,Overallocated,72.1
ALC003000,EMP0332,PRJ0011,CLI0024,2026-01-01,2026-02-12,95.5,59.7,78.3,17.2,PM,Active,High,Underallocated,67.5
ALC003001,EMP0751,PRJ0064,CLI0024,2026-06-11,2026-09-13,148.5,92.8,121.8,26.7,Designer,On Hold,Critical,Allocated,66.0
ALC003002,EMP0134,PRJ0123,CLI0039,2026-02-21,2026-06-12,52.2,32.6,42.8,9.4,Support,On Hold,Critical,Underallocated,86.9
ALC003003,EMP0378,PRJ0106,CLI0041,2026-01-14,2026-05-11,81.1,50.7,66.5,14.6,Analyst,Completed,Critical,Underallocated,86.3
ALC003004,EMP0103,PRJ0061,CLI0059,2026-05-08,2026-07-09,68.6,42.9,56.3,12.3,Lead,On Hold,Medium,Underallocated,84.7
ALC003005,EMP0082,PRJ0124,CLI0045,2026-05-05,2026-05-31,62.2,38.9,51.0,11.2,Developer,Active,Medium,Underallocated,66.3
ALC003006,EMP0053,PRJ0066,CLI0051,2026-01-11,2026-04-12,91.4,57.1,74.9,16.5,Developer,On Hold,Medium,Underallocated,65.4
ALC003007,EMP0697,PRJ0064,CLI0024,2026-02-04,2026-04-06,126.7,79.2,103.9,22.8,Tester,On Hold,High,Allocated,72.6
ALC003008,EMP0020,PRJ0032,CLI0053,2026-01-13,2026-04-28,173.3,108.3,142.1,31.2,Tester,Completed,Medium,Overallocated,84.0
ALC003009,EMP0744,PRJ0062,CLI0038,2026-01-08,2026-03-10,103.8,64.9,85.1,18.7,Support,Active,Medium,Allocated,75.1
ALC003010,EMP0038,PRJ0112,CLI0006,2026-05-15,2026-10-12,115.2,72.0,94.5,20.7,Analyst,On Hold,Medium,Allocated,65.7
ALC003011,EMP0362,PRJ0103,CLI0001,2026-06-04,2026-09-08,125.6,78.5,103.0,22.6,Analyst,Active,Critical,Allocated,65.2
ALC003012,EMP0523,PRJ0115,CLI0050,2026-06-19,2026-09-10,82.9,51.8,68.0,14.9,Analyst,On Hold,Low,Underallocated,77.7
ALC003013,EMP0441,,CLI0041,2026-02-11,2026-04-19,111.0,69.4,91.0,20.0,Support,Completed,Low,Allocated,82.4
ALC003014,EMP0051,PRJ0018,CLI0024,2026-02-20,2026-07-13,195.5,122.2,160.3,35.2,Tester,Active,Medium,Overallocated,73.4
ALC003015,EMP0542,PRJ0109,CLI0010,2026-03-12,2026-07-28,127.5,79.7,104.5,22.9,Lead,Active,Low,Allocated,80.6
ALC003016,EMP0499,PRJ0064,CLI0024,2026-02-02,2026-02-28,195.5,122.2,160.3,35.2,PM,On Hold,Medium,Overallocated,67.0
ALC003017,EMP0659,PRJ0035,CLI0016,2026-02-14,2026-03-08,113.0,70.6,92.7,20.3,Lead,On Hold,Low,Allocated,87.8
ALC003018,EMP0262,PRJ0092,CLI0007,2026-06-04,2026-07-02,87.2,54.5,71.5,15.7,Support,Completed,Medium,Underallocated,85.4
ALC003019,EMP0545,,CLI0039,2026-06-18,2026-07-25,153.8,96.1,126.1,27.7,Analyst,Completed,Low,Allocated,76.3
ALC003020,EMP0397,PRJ0155,CLI0042,2026-05-14,2026-08-01,162.6,101.6,133.3,29.3,Developer,On Hold,Low,Overallocated,74.2
ALC003021,EMP0844,PRJ0148,CLI0035,2026-02-07,2026-07-01,92.2,57.6,75.6,16.6,Developer,On Hold,Critical,Underallocated,77.5
ALC003022,EMP0668,PRJ0086,CLI0017,2026-06-05,2026-09-04,126.6,,103.8,22.8,Lead,Active,High,Allocated,72.0
ALC003023,EMP0757,PRJ0179,CLI0012,2026-06-02,2026-10-13,109.4,68.4,89.7,19.7,PM,Completed,Critical,Allocated,83.6
ALC003024,EMP0250,PRJ0037,CLI0057,2026-04-16,2026-06-18,56.8,35.5,46.6,10.2,PM,Completed,Medium,Underallocated,76.4
ALC003025,EMP0591,PRJ0074,CLI0006,2026-03-02,2026-04-03,59.0,36.9,48.4,10.6,Developer,On Hold,Medium,Underallocated,91.7
ALC003026,EMP0368,PRJ0012,CLI0020,2026-01-10,2026-03-08,103.8,64.9,85.1,18.7,PM,Completed,Medium,Allocated,85.0
ALC003027,EMP0402,PRJ0066,CLI0051,2026-06-12,2026-07-02,158.1,98.8,129.6,28.5,PM,Completed,Medium,Allocated,80.2
ALC003028,EMP0506,PRJ0080,CLI0026,2026-03-14,2026-06-08,146.1,91.3,119.8,26.3,Support,On Hold,High,Allocated,75.0
ALC003029,EMP0812,PRJ0053,CLI0011,2026-01-18,2026-06-01,75.4,47.1,61.8,13.6,Support,Completed,High,Underallocated,63.1
ALC003030,EMP0726,PRJ0036,CLI0045,2026-06-05,2026-08-01,67.0,41.9,54.9,12.1,Tester,On Hold,Critical,Underallocated,67.2
ALC003031,EMP0741,PRJ0132,CLI0013,2026-05-14,2026-09-15,77.1,48.2,63.2,13.9,Lead,Completed,Low,Underallocated,72.5
ALC003032,EMP0659,PRJ0062,CLI0038,2026-05-12,2026-06-27,73.8,46.1,60.5,13.3,Lead,Completed,High,Underallocated,65.6
ALC003033,EMP0335,PRJ0162,CLI0012,2026-03-18,2026-06-24,76.8,48.0,63.0,13.8,Support,Active,Critical,Underallocated,85.2
ALC003034,EMP0167,PRJ0111,CLI0043,2026-04-15,2026-05-13,31.0,19.4,25.4,5.6,Analyst,On Hold,Critical,Underallocated,67.7
ALC003035,EMP0457,PRJ0014,CLI0026,2026-03-12,2026-06-15,14.2,8.9,11.6,2.6,Tester,Active,Low,Underallocated,70.9
ALC003036,EMP0474,PRJ0073,CLI0016,2026-04-20,2026-07-30,9.6,6.0,7.9,1.7,Analyst,Completed,Critical,Underallocated,64.3
ALC003037,EMP0485,PRJ0114,CLI0043,2026-06-04,2026-07-01,49.9,31.2,40.9,9.0,Lead,On Hold,Low,Underallocated,88.2
ALC003038,EMP0034,PRJ0010,CLI0035,2026-02-07,2026-03-17,158.7,99.2,130.1,28.6,Designer,Active,Low,Allocated,81.8
ALC003039,EMP0564,PRJ0049,CLI0043,2026-02-15,2026-05-14,224.0,140.0,183.7,40.3,Designer,On Hold,Low,Overallocated,75.4
ALC003040,EMP0816,PRJ0086,CLI0017,2026-05-02,2026-07-25,192.8,120.5,158.1,34.7,Analyst,Active,High,Overallocated,89.2
ALC003041,EMP0337,PRJ0150,CLI0003,2026-01-10,2026-02-24,121.9,76.2,100.0,21.9,Analyst,Active,High,Allocated,87.4
ALC003042,EMP0027,PRJ0049,CLI0043,2026-05-15,2026-09-03,81.0,50.6,66.4,14.6,Analyst,Active,High,Underallocated,61.8
ALC003043,EMP0270,PRJ0178,CLI0030,2026-05-08,2026-08-19,94.7,59.2,77.7,17.0,Developer,Completed,Low,Underallocated,61.4
ALC003044,EMP0829,PRJ0086,CLI0017,2026-04-08,2026-05-13,117.6,73.5,96.4,21.2,Tester,On Hold,High,Allocated,94.2
ALC003045,EMP0582,PRJ0125,CLI0019,2026-03-10,2026-04-02,194.7,121.7,159.7,35.0,Support,On Hold,Medium,Overallocated,67.6
ALC003046,EMP0240,PRJ0159,CLI0025,2026-01-13,2026-04-12,72.3,45.2,59.3,13.0,Designer,Active,High,Underallocated,80.1
ALC003047,EMP0603,PRJ0048,CLI0035,2026-04-05,2026-06-30,112.2,,92.0,20.2,Developer,On Hold,Low,Allocated,86.6
ALC003048,EMP0514,PRJ0101,CLI0028,2026-05-06,2026-10-02,115.8,72.4,95.0,20.8,Tester,On Hold,Medium,Allocated,68.1
ALC003049,EMP0167,PRJ0014,CLI0026,2026-03-13,2026-05-05,108.5,67.8,89.0,19.5,PM,Active,Low,Allocated,91.1
ALC003050,EMP0317,PRJ0002,CLI0046,2026-06-01,2026-07-23,31.7,19.8,26.0,5.7,Developer,Active,Medium,Underallocated,60.4
ALC003051,EMP0655,PRJ0031,CLI0044,2026-05-17,2026-08-15,101.0,63.1,82.8,18.2,Designer,Completed,Medium,Allocated,75.8
ALC003052,EMP0749,PRJ0037,CLI0057,2026-01-06,2026-04-28,57.9,36.2,47.5,10.4,Designer,Active,Critical,Underallocated,63.5
ALC003053,EMP0652,PRJ0177,CLI0053,2026-05-12,2026-09-17,203.5,127.2,166.9,36.6,Support,On Hold,Medium,Overallocated,79.2
ALC003054,EMP0384,PRJ0024,CLI0041,2026-05-19,2026-08-16,134.9,84.3,110.6,24.3,Designer,Completed,Low,Allocated,90.9
ALC003055,EMP0213,,CLI0019,2026-04-05,2026-07-11,156.6,97.9,128.4,28.2,PM,Completed,Critical,Allocated,85.9
ALC003056,EMP0224,PRJ0131,CLI0009,2026-06-20,2026-09-26,76.6,47.9,62.8,13.8,Tester,On Hold,Critical,Underallocated,77.9
ALC003057,EMP0570,PRJ0007,CLI0040,2026-03-20,2026-06-13,94.1,58.8,77.2,16.9,Analyst,On Hold,Medium,Underallocated,62.8
ALC003058,EMP0035,PRJ0142,CLI0026,2026-06-17,2026-08-09,193.8,121.1,158.9,34.9,Developer,On Hold,High,Overallocated,61.1
ALC003059,EMP0762,PRJ0035,CLI0016,2026-01-05,2026-02-10,153.0,95.6,125.5,27.5,Lead,Completed,High,Allocated,85.8
ALC003060,EMP0453,PRJ0039,CLI0024,2026-03-08,2026-06-29,128.8,80.5,105.6,23.2,Developer,Completed,Medium,Allocated,80.7
ALC003061,EMP0308,PRJ0103,CLI0001,2026-06-09,2026-10-13,165.8,103.6,136.0,29.8,Lead,On Hold,Medium,Overallocated,65.3
ALC003062,EMP0577,PRJ0089,CLI0043,2026-03-01,2026-04-23,190.4,119.0,156.1,34.3,Designer,On Hold,High,Overallocated,73.4
ALC003063,EMP0729,PRJ0061,CLI0059,2026-05-08,2026-06-22,172.6,107.9,141.5,31.1,Developer,On Hold,High,Overallocated,85.5
ALC003064,EMP0041,PRJ0010,CLI0035,2026-01-08,2026-02-10,153.9,96.2,126.2,27.7,Lead,Active,Critical,Allocated,69.9
ALC003065,EMP0484,PRJ0119,CLI0048,2026-02-07,2026-03-09,157.8,98.6,129.4,28.4,PM,Completed,Critical,Allocated,79.8
ALC003066,EMP0253,PRJ0097,CLI0018,2026-02-03,2026-05-07,98.9,61.8,81.1,17.8,Developer,On Hold,Medium,Allocated,71.4
ALC003067,EMP0446,PRJ0176,CLI0014,2026-03-13,2026-04-13,119.8,74.9,98.2,21.6,Support,On Hold,High,Allocated,76.9
ALC003068,EMP0137,PRJ0143,CLI0032,2026-04-18,2026-05-11,139.2,87.0,114.1,25.1,Designer,Completed,High,Allocated,76.1
ALC003069,EMP0681,PRJ0005,CLI0011,2026-05-04,2026-07-12,124.8,78.0,102.3,22.5,Designer,Completed,Low,Allocated,91.0
ALC003070,EMP0423,PRJ0016,CLI0049,2026-03-13,2026-07-22,132.2,82.6,108.4,23.8,Lead,On Hold,High,Allocated,79.8
ALC003071,EMP0526,PRJ0176,CLI0014,2026-05-11,2026-08-04,106.4,66.5,87.2,19.2,Tester,Active,Low,Allocated,68.0
ALC003072,EMP0068,PRJ0121,CLI0015,2026-03-08,2026-07-11,8.0,5.0,6.6,1.4,Lead,On Hold,High,Underallocated,75.6
ALC003073,EMP0754,PRJ0001,CLI0057,2026-01-02,2026-03-05,139.0,86.9,114.0,25.0,Designer,Active,Critical,Allocated,78.0
ALC003074,EMP0655,PRJ0098,CLI0044,2026-02-01,2026-03-30,116.3,72.7,95.4,20.9,Lead,Active,Critical,Allocated,67.2
ALC003075,EMP0717,PRJ0095,CLI0017,2026-03-04,2026-06-23,117.1,73.2,96.0,21.1,Support,Active,Critical,Allocated,88.0
ALC003076,EMP0077,PRJ0130,CLI0056,2026-04-09,2026-08-16,200.0,125.0,164.0,36.0,PM,Completed,Medium,Overallocated,73.7
ALC003077,EMP0547,PRJ0025,CLI0003,2026-04-18,2026-05-24,126.2,78.9,103.5,22.7,Tester,On Hold,High,Allocated,87.1
ALC003078,EMP0595,PRJ0069,CLI0021,2026-06-11,2026-09-18,79.8,49.9,65.4,14.4,PM,On Hold,Low,Underallocated,84.3
ALC003079,EMP0429,PRJ0008,CLI0052,2026-05-10,2026-06-02,139.5,87.2,114.4,25.1,Support,Active,Medium,Allocated,75.6
ALC003080,EMP0378,PRJ0068,CLI0059,2026-05-17,2026-10-10,115.4,72.1,94.6,20.8,Lead,Active,Medium,Allocated,71.4
ALC003081,EMP0577,PRJ0097,CLI0018,2026-06-03,2026-08-15,156.6,97.9,128.4,28.2,Lead,Completed,Low,Allocated,93.8
ALC003082,EMP0143,PRJ0042,CLI0026,2026-02-10,2026-06-09,88.2,55.1,72.3,15.9,Analyst,On Hold,Medium,Underallocated,70.5
ALC003083,EMP0434,PRJ0003,CLI0041,2026-02-11,2026-04-04,79.4,49.6,65.1,14.3,Lead,Active,Critical,Underallocated,63.5
ALC003084,EMP0344,PRJ0114,CLI0043,2026-06-14,2026-09-19,90.4,56.5,74.1,16.3,Lead,Completed,Medium,Underallocated,62.3
ALC003085,EMP0715,PRJ0048,CLI0035,2026-02-21,2026-04-05,42.9,26.8,35.2,7.7,Support,Completed,High,Underallocated,83.1
ALC003086,EMP0155,PRJ0054,CLI0021,2026-02-16,2026-04-24,94.6,59.1,77.6,17.0,Tester,Active,Low,Underallocated,74.9
ALC003087,EMP0008,PRJ0017,CLI0050,2026-03-17,2026-08-10,175.5,109.7,143.9,31.6,Developer,Completed,Critical,Overallocated,91.8
ALC003088,EMP0470,PRJ0117,CLI0006,2026-06-05,2026-09-22,82.9,51.8,68.0,14.9,Analyst,Active,Critical,Underallocated,66.2
ALC003089,EMP0147,PRJ0146,CLI0006,2026-04-07,2026-08-16,57.8,36.1,47.4,10.4,PM,On Hold,High,Underallocated,85.6
ALC003090,EMP0454,PRJ0174,CLI0032,2026-01-21,2026-03-20,90.9,56.8,74.5,16.4,Designer,On Hold,Critical,Underallocated,81.5
ALC003091,EMP0506,PRJ0135,CLI0022,2026-03-11,2026-08-07,120.8,75.5,99.1,21.7,Lead,On Hold,Low,Allocated,60.9
ALC003092,EMP0042,PRJ0129,CLI0019,2026-05-08,2026-08-31,82.1,51.3,67.3,14.8,PM,On Hold,High,Underallocated,68.8
ALC003093,EMP0520,PRJ0148,CLI0035,2026-02-08,2026-06-24,114.9,71.8,94.2,20.7,Support,On Hold,High,Allocated,65.7
ALC003094,EMP0279,PRJ0101,CLI0028,2026-05-17,2026-06-09,122.1,76.3,100.1,22.0,Lead,Active,Low,Allocated,72.1
ALC003095,EMP0741,PRJ0179,CLI0012,2026-06-03,2026-09-09,112.0,70.0,91.8,20.2,Designer,On Hold,Medium,Allocated,63.8
ALC003096,EMP0712,PRJ0135,CLI0022,2026-02-13,2026-03-13,108.5,67.8,89.0,19.5,Analyst,Active,Low,Allocated,80.2
ALC003097,EMP0474,PRJ0132,CLI0013,2026-04-12,2026-08-07,182.6,114.1,149.7,32.9,Lead,Completed,Low,Overallocated,69.9
ALC003098,EMP0757,PRJ0138,CLI0018,2026-01-20,2026-06-04,119.0,74.4,97.6,21.4,Support,Completed,High,Allocated,76.1
ALC003099,EMP0029,PRJ0142,CLI0026,2026-04-06,2026-07-24,80.3,50.2,65.8,14.5,Lead,On Hold,Critical,Underallocated,81.6
ALC003100,EMP0234,PRJ0127,CLI0026,2026-06-08,2026-09-30,142.2,88.9,116.6,25.6,Support,Completed,Critical,Allocated,90.6
ALC003101,EMP0065,PRJ0095,CLI0017,2026-01-12,2026-04-27,109.6,68.5,89.9,19.7,PM,Active,Low,Allocated,61.6
ALC003102,EMP0777,PRJ0072,CLI0030,2026-04-12,2026-05-13,114.9,71.8,94.2,20.7,Designer,Completed,High,Allocated,86.0
ALC003103,EMP0740,PRJ0134,CLI0007,2026-04-02,2026-07-03,152.5,95.3,125.0,27.4,PM,Completed,Critical,Allocated,65.5
ALC003104,EMP0723,PRJ0126,CLI0060,2026-06-06,2026-10-27,165.6,,135.8,29.8,Developer,Completed,Critical,Overallocated,67.7
ALC003105,EMP0009,PRJ0157,CLI0044,2026-04-02,2026-07-23,66.4,41.5,54.4,12.0,Developer,Completed,Low,Underallocated,64.9
ALC003106,EMP0788,PRJ0050,CLI0039,2026-05-04,2026-08-30,181.3,113.3,148.7,32.6,Support,Active,Critical,Overallocated,92.3
ALC003107,EMP0622,PRJ0014,CLI0026,2026-03-15,2026-04-26,109.4,68.4,89.7,19.7,Tester,Active,Critical,Allocated,87.8
ALC003108,EMP0797,PRJ0156,CLI0002,2026-01-16,2026-06-13,109.8,68.6,90.0,19.8,Tester,Active,Low,Allocated,68.5
ALC003109,EMP0352,PRJ0049,CLI0043,2026-06-09,2026-06-29,71.7,44.8,58.8,12.9,Designer,Active,High,Underallocated,65.2
ALC003110,EMP0222,PRJ0132,CLI0013,2026-03-14,2026-07-03,141.9,88.7,116.4,25.5,Tester,Completed,Critical,Allocated,63.9
ALC003111,EMP0818,PRJ0007,CLI0040,2026-05-03,2026-09-18,55.2,34.5,45.3,9.9,Developer,On Hold,Critical,Underallocated,92.5
ALC003112,EMP0590,PRJ0103,CLI0001,2026-06-17,2026-10-18,133.6,83.5,109.6,24.0,Tester,Active,Low,Allocated,76.8
ALC003113,EMP0752,PRJ0057,CLI0043,2026-05-01,2026-08-20,178.1,111.3,146.0,32.1,Designer,Active,Medium,Overallocated,77.2
ALC003114,EMP0664,PRJ0048,CLI0035,2026-04-02,2026-05-24,99.4,62.1,81.5,17.9,Support,Active,Low,Allocated,87.1
ALC003115,EMP0106,PRJ0005,CLI0011,2026-05-21,2026-10-18,155.2,97.0,127.3,27.9,Designer,Active,Medium,Allocated,79.5
ALC003116,EMP0827,PRJ0113,CLI0050,2026-03-17,2026-06-10,115.2,72.0,94.5,20.7,Tester,Active,Medium,Allocated,69.0
ALC003117,EMP0218,PRJ0071,CLI0036,2026-04-06,2026-07-26,56.3,35.2,46.2,10.1,PM,On Hold,Critical,Underallocated,61.5
ALC003118,EMP0767,PRJ0123,CLI0039,2026-02-15,2026-04-10,116.8,73.0,95.8,21.0,Developer,Active,Medium,Allocated,73.8
ALC003119,EMP0739,PRJ0064,CLI0024,2026-01-12,2026-04-21,104.6,65.4,85.8,18.8,Developer,Active,Critical,Allocated,69.4
ALC003120,EMP0229,PRJ0016,CLI0049,2026-05-08,2026-06-04,147.8,92.4,121.2,26.6,Analyst,Active,Low,Allocated,88.0
ALC003121,EMP0802,PRJ0134,CLI0007,2026-06-13,2026-09-24,97.4,60.9,79.9,17.5,Designer,Completed,Medium,Allocated,69.7
ALC003122,EMP0399,PRJ0072,CLI0030,2026-05-02,2026-07-07,132.0,82.5,108.2,23.8,PM,On Hold,Low,Allocated,74.3
ALC003123,EMP0330,PRJ0069,CLI0021,2026-05-16,2026-07-16,69.8,43.6,57.2,12.6,Support,On Hold,Medium,Underallocated,74.7
ALC003124,EMP0278,PRJ0021,CLI0060,2026-02-11,2026-03-05,129.1,80.7,105.9,23.2,Lead,On Hold,High,Allocated,70.8
ALC003125,EMP0406,PRJ0054,CLI0021,2026-06-13,2026-10-06,113.0,70.6,92.7,20.3,Designer,Completed,Critical,Allocated,75.0
ALC003126,EMP0478,PRJ0099,CLI0038,2026-05-16,2026-10-06,106.9,66.8,87.7,19.2,PM,Completed,Medium,Allocated,92.0
ALC003127,EMP0218,PRJ0150,CLI0003,2026-04-01,2026-07-22,113.3,70.8,92.9,20.4,Developer,On Hold,Medium,Allocated,61.1
ALC003128,EMP0407,PRJ0058,CLI0020,2026-01-14,2026-02-25,100.3,62.7,82.2,18.1,PM,Completed,Critical,Allocated,75.3
ALC003129,EMP0632,PRJ0141,CLI0028,2026-02-10,2026-04-19,117.6,73.5,96.4,21.2,Developer,On Hold,Critical,Allocated,64.3
ALC003130,EMP0384,PRJ0126,CLI0060,2026-02-08,2026-05-26,104.2,65.1,85.4,18.8,Lead,Completed,Low,Allocated,62.6
ALC003131,EMP0482,PRJ0018,CLI0024,2026-05-14,2026-08-17,73.1,45.7,59.9,13.2,Analyst,On Hold,Critical,Underallocated,60.2
ALC003132,EMP0075,PRJ0139,CLI0008,2026-04-10,2026-08-23,60.2,37.6,49.4,10.8,Support,Active,Medium,Underallocated,76.7
ALC003133,EMP0034,PRJ0163,CLI0044,2026-05-07,2026-09-24,92.2,57.6,75.6,16.6,Tester,Active,High,Underallocated,71.9
ALC003134,EMP0800,PRJ0108,CLI0055,2026-01-11,2026-04-22,99.4,62.1,81.5,17.9,Analyst,Active,High,Allocated,84.1
ALC003135,EMP0688,PRJ0084,CLI0016,2026-06-16,2026-09-25,8.0,5.0,6.6,1.4,Developer,Completed,Critical,Underallocated,81.0
ALC003136,EMP0383,PRJ0174,CLI0032,2026-03-12,2026-08-03,112.8,70.5,92.5,20.3,Lead,Completed,Critical,Allocated,81.8
ALC003137,EMP0117,PRJ0060,CLI0022,2026-02-18,2026-04-10,200.2,125.1,164.2,36.0,Developer,Active,Critical,Overallocated,87.1
ALC003138,EMP0137,PRJ0022,CLI0037,2026-02-09,2026-06-25,139.5,87.2,114.4,25.1,Designer,Active,High,Allocated,64.3
ALC003139,EMP0284,PRJ0065,CLI0003,2026-03-13,2026-08-05,105.1,65.7,86.2,18.9,Developer,Completed,Critical,Allocated,81.3
ALC003140,EMP0330,PRJ0173,CLI0012,2026-02-05,2026-02-27,79.4,49.6,65.1,14.3,Support,Active,High,Underallocated,71.0
ALC003141,EMP0194,PRJ0138,CLI0018,2026-02-12,2026-06-27,44.0,27.5,36.1,7.9,Lead,Active,Medium,Underallocated,74.2
ALC003142,EMP0362,PRJ0163,CLI0044,2026-04-15,2026-05-05,147.5,92.2,120.9,26.6,Developer,Completed,High,Allocated,78.3
ALC003143,EMP0749,PRJ0056,CLI0042,2026-05-10,2026-09-28,129.0,80.6,105.8,23.2,Developer,On Hold,High,Allocated,68.9
ALC003144,EMP0735,PRJ0077,CLI0025,2026-04-05,2026-06-30,62.6,39.1,51.3,11.3,Designer,On Hold,Low,Underallocated,90.8
ALC003145,EMP0521,PRJ0048,CLI0035,2026-01-19,2026-05-28,150.6,94.1,123.5,27.1,PM,On Hold,Medium,Allocated,86.9
ALC003146,EMP0457,PRJ9999,CLI0059,2026-05-16,2026-06-20,145.6,91.0,119.4,26.2,Designer,Completed,High,Allocated,93.8
ALC003147,EMP0621,PRJ0095,CLI0017,2026-05-17,2026-06-29,85.1,53.2,69.8,15.3,PM,On Hold,Medium,Underallocated,70.3
ALC003148,EMP0706,PRJ0065,CLI0003,2026-02-04,2026-06-21,100.3,62.7,82.2,18.1,Lead,On Hold,Medium,Allocated,79.3
ALC003149,EMP0646,PRJ0012,CLI0020,2026-03-13,2026-06-10,121.9,76.2,100.0,21.9,Tester,Completed,Medium,Allocated,83.6
ALC003150,EMP0163,PRJ0157,CLI0044,2026-05-15,2026-09-03,134.1,83.8,110.0,24.1,Lead,On Hold,Low,Allocated,92.4
ALC003151,EMP0835,PRJ0038,CLI0059,2026-06-18,2026-08-29,68.2,42.6,55.9,12.3,Analyst,Completed,High,Underallocated,82.3
ALC003152,EMP0357,PRJ0147,CLI0001,2026-04-12,2026-07-20,134.7,84.2,110.5,24.2,Lead,On Hold,Critical,Allocated,77.6
ALC003153,EMP0465,PRJ0085,CLI0045,2026-04-06,2026-05-28,114.4,71.5,93.8,20.6,Support,Completed,Critical,Allocated,66.7
ALC003154,EMP0778,PRJ0023,CLI0035,2026-05-03,2026-07-31,156.5,97.8,128.3,28.2,PM,On Hold,Critical,Allocated,82.9
ALC003155,EMP0536,PRJ0008,CLI0052,2026-03-10,2026-06-26,142.6,89.1,116.9,25.7,Analyst,Active,High,Allocated,76.4
ALC003156,EMP0799,PRJ0165,CLI0030,2026-04-11,2026-06-24,,71.4,93.6,20.6,Tester,On Hold,Low,Allocated,87.7
ALC003157,EMP0137,PRJ0033,CLI0030,2026-03-19,2026-05-31,148.6,92.9,121.9,26.7,Designer,Active,Critical,Allocated,90.2
ALC003158,EMP0383,PRJ0133,CLI0044,2026-02-06,2026-03-12,51.7,32.3,42.4,9.3,Developer,Completed,Medium,Underallocated,67.7
ALC003159,EMP0672,PRJ0148,CLI0035,2026-05-09,2026-06-19,97.0,60.6,79.5,17.5,Support,On Hold,High,Allocated,78.7
ALC003160,EMP0582,PRJ0124,CLI0045,2026-05-08,2026-09-07,73.1,45.7,59.9,13.2,Analyst,Completed,Critical,Underallocated,87.4
ALC003161,EMP0081,PRJ0132,CLI0013,2026-04-06,2026-05-04,89.8,56.1,73.6,16.2,PM,On Hold,Medium,Underallocated,67.7
ALC003162,EMP0553,PRJ0042,CLI0026,2026-06-04,2026-09-22,89.3,55.8,73.2,16.1,Designer,On Hold,Medium,Underallocated,62.6
ALC003163,EMP0839,PRJ0022,CLI0037,2026-06-13,2026-08-10,61.4,38.4,50.3,11.1,Support,Completed,Medium,Underallocated,89.8
ALC003164,EMP0644,PRJ0142,CLI0026,2026-06-04,2026-07-05,150.1,93.8,123.1,27.0,Analyst,On Hold,High,Allocated,83.4
ALC003165,EMP0231,PRJ0061,CLI0059,2026-05-20,2026-07-30,142.1,88.8,116.5,25.6,PM,Completed,Critical,Allocated,65.2
ALC003166,EMP0190,PRJ0006,CLI0019,2026-06-13,2026-10-26,87.7,54.8,71.9,15.8,Tester,Completed,Low,Underallocated,69.3
ALC003167,EMP0759,PRJ0073,CLI0016,2026-02-19,2026-07-13,19.4,12.1,15.9,3.5,Designer,Completed,Medium,Underallocated,89.8
ALC003168,EMP0170,PRJ0064,CLI0024,2026-01-13,2026-03-06,91.8,,75.3,16.5,PM,Active,Medium,Underallocated,69.5
ALC003169,EMP0770,PRJ0071,CLI0036,2026-03-05,2026-07-21,110.1,68.8,90.3,19.8,Lead,Active,Medium,Allocated,83.4
ALC003170,EMP0561,PRJ0167,CLI0027,2026-01-18,2026-05-30,166.2,103.9,136.3,29.9,Designer,Active,Critical,Overallocated,70.3
ALC003171,EMP0296,PRJ0111,CLI0043,2026-03-01,2026-06-17,89.4,55.9,73.3,16.1,Support,Completed,High,Underallocated,76.8
ALC003172,EMP0234,PRJ0172,CLI0044,2026-04-10,2026-06-20,151.2,94.5,124.0,27.2,Support,Completed,High,Allocated,89.3
ALC003173,EMP0659,PRJ0162,CLI0012,2026-02-13,2026-04-18,91.8,57.4,75.3,16.5,Analyst,On Hold,Critical,Underallocated,76.8
ALC003174,EMP0799,PRJ0148,CLI0035,2026-06-01,2026-09-27,134.7,84.2,110.5,24.2,Designer,Completed,Medium,Allocated,76.7
ALC003175,EMP0056,PRJ0031,CLI0044,2026-01-20,2026-04-21,144.3,90.2,118.3,26.0,Tester,Completed,Low,Allocated,81.0
ALC003176,EMP0794,PRJ0066,CLI0051,2026-02-14,2026-07-02,135.2,84.5,110.9,24.3,PM,Completed,Medium,Allocated,70.0
ALC003177,EMP0804,PRJ0059,CLI0017,2026-03-16,2026-07-12,73.8,46.1,60.5,13.3,PM,On Hold,Critical,Underallocated,80.2
ALC003178,EMP0834,PRJ0138,CLI0018,2026-06-02,2026-10-30,97.4,60.9,79.9,17.5,Designer,Active,Critical,Allocated,82.8
ALC003179,EMP0373,PRJ0157,CLI0044,2026-06-13,2026-08-16,135.5,84.7,111.1,24.4,PM,Active,High,Allocated,67.6
ALC003180,EMP0684,PRJ0010,CLI0035,2026-03-13,2026-08-01,48.8,30.5,40.0,8.8,Tester,Active,Low,Underallocated,88.4
ALC003181,EMP0591,PRJ0060,CLI0022,2026-02-10,2026-06-03,143.5,89.7,117.7,25.8,Tester,Active,High,Allocated,77.5
ALC003182,EMP0484,PRJ0150,CLI0003,2026-04-14,2026-07-15,63.5,39.7,52.1,11.4,Lead,Active,Medium,Underallocated,74.5
ALC003183,EMP0345,PRJ0014,CLI0026,2026-03-14,2026-05-30,57.9,36.2,47.5,10.4,Analyst,Completed,Medium,Underallocated,73.5
ALC003184,EMP0826,PRJ0158,CLI0059,2026-01-19,2026-05-25,90.7,56.7,74.4,16.3,Support,On Hold,Critical,Underallocated,92.6
ALC003185,EMP0586,PRJ0031,CLI0044,2026-02-04,2026-03-24,84.6,52.9,69.4,15.2,Tester,Active,Medium,Underallocated,87.5
ALC003186,EMP0675,PRJ0085,CLI0045,2026-04-01,2026-05-08,119.2,74.5,97.7,21.5,Developer,Completed,Low,Allocated,84.7
ALC003187,EMP0504,PRJ0157,CLI0044,2026-06-12,2026-08-05,122.7,76.7,100.6,22.1,PM,Completed,Critical,Allocated,88.7
ALC003188,EMP0715,PRJ0005,CLI0011,2026-03-14,2026-06-04,114.9,71.8,94.2,20.7,Developer,On Hold,Critical,Allocated,74.0
ALC003189,EMP0326,PRJ0025,CLI0003,2026-02-14,2026-06-23,72.6,45.4,59.5,13.1,Developer,Active,Low,Underallocated,84.1
ALC003190,EMP0710,PRJ0141,CLI0028,2026-04-15,2026-07-21,160.3,100.2,131.4,28.9,Tester,Active,Medium,Overallocated,94.3
ALC003191,EMP0195,PRJ0012,CLI0020,2026-03-21,2026-04-10,114.6,71.6,94.0,20.6,PM,Completed,Medium,Allocated,88.5
ALC003192,EMP0034,PRJ0122,CLI0010,2026-06-01,2026-09-23,149.3,93.3,122.4,26.9,Developer,Active,Low,Allocated,63.0
ALC003193,EMP0410,PRJ0077,CLI0025,2026-03-18,2026-06-28,20.3,12.7,16.6,3.7,Analyst,Completed,Critical,Underallocated,81.4
ALC003194,EMP0179,PRJ0085,CLI0045,2026-03-06,2026-07-05,133.4,83.4,109.4,24.0,Lead,Completed,High,Allocated,81.7
ALC003195,EMP0797,PRJ0168,CLI0016,2026-06-18,2026-07-10,89.1,55.7,73.1,16.0,Support,On Hold,Medium,Underallocated,94.2
ALC003196,EMP0370,PRJ0055,CLI0015,2026-05-14,2026-07-31,142.4,89.0,116.8,25.6,Lead,On Hold,Medium,Allocated,65.4
ALC003197,EMP0842,PRJ0045,CLI0011,2026-03-04,2026-03-25,183.5,114.7,150.5,33.0,PM,Active,Low,Overallocated,87.6
ALC003198,EMP0361,PRJ0165,CLI0030,2026-02-03,2026-04-18,65.3,40.8,53.5,11.8,Tester,Completed,Critical,Underallocated,80.8
ALC003199,EMP0220,PRJ0021,CLI0060,2026-03-20,2026-05-08,146.4,91.5,120.0,26.4,Analyst,Completed,Critical,Allocated,84.2
ALC003200,EMP0244,PRJ0090,CLI0041,2026-01-04,2026-05-28,88.0,55.0,72.2,15.8,Lead,Active,Critical,Underallocated,70.3
ALC003201,EMP0306,PRJ0094,CLI0008,2026-03-21,2026-04-26,37.1,23.2,30.4,6.7,Tester,Active,Medium,Underallocated,93.1
ALC003202,EMP0528,PRJ0056,CLI0042,2026-06-01,2026-07-02,149.1,93.2,122.3,26.8,Support,On Hold,High,Allocated,89.3
ALC003203,EMP0012,PRJ0174,CLI0032,2026-06-04,2026-10-16,184.8,115.5,151.5,33.3,Designer,On Hold,High,Overallocated,65.5
ALC003204,EMP0626,PRJ0018,CLI0024,2026-04-13,2026-05-31,196.5,122.8,161.1,35.4,Designer,Active,Critical,Overallocated,90.8
ALC003205,EMP0842,PRJ0026,CLI0019,2026-06-04,2026-10-23,124.0,77.5,101.7,22.3,Support,Active,High,Allocated,81.5
ALC003206,EMP0031,PRJ0024,CLI0041,2026-04-10,2026-07-29,54.2,33.9,44.4,9.8,Designer,Active,High,Underallocated,78.6
ALC003207,EMP0377,PRJ0031,CLI0044,2026-03-11,2026-05-04,103.7,64.8,85.0,18.7,Designer,On Hold,High,Allocated,73.1
ALC003208,EMP0262,PRJ0132,CLI0013,2026-02-03,2026-06-28,107.7,67.3,88.3,19.4,Tester,Completed,High,Allocated,80.8
ALC003209,EMP0351,PRJ0076,CLI0055,2026-01-12,2026-04-13,155.8,97.4,127.8,28.0,Analyst,On Hold,Low,Allocated,68.7
ALC003210,EMP0426,PRJ9999,CLI0041,2026-02-08,2026-03-19,111.0,69.4,91.0,20.0,Lead,Completed,High,Allocated,85.4
ALC003211,EMP0061,PRJ0090,CLI0041,2026-04-18,2026-06-30,29.0,18.1,23.8,5.2,PM,On Hold,Critical,Underallocated,82.6
ALC003212,EMP0337,PRJ0006,CLI0019,2026-04-16,2026-07-07,137.3,85.8,112.6,24.7,Analyst,Completed,Low,Allocated,79.1
ALC003213,EMP0323,PRJ0015,CLI0015,2026-06-20,2026-09-27,114.9,71.8,94.2,20.7,Developer,On Hold,High,Allocated,81.6
ALC003214,EMP0685,PRJ0052,CLI0022,2026-06-15,2026-07-12,148.2,92.6,121.5,26.7,Support,On Hold,Low,Allocated,90.7
ALC003215,EMP0715,PRJ0151,CLI0036,2026-02-01,2026-03-02,121.9,76.2,100.0,21.9,Lead,Active,High,Allocated,74.7
ALC003216,EMP0526,PRJ0040,CLI0014,2026-03-08,2026-05-07,139.5,87.2,114.4,25.1,Developer,Completed,High,Allocated,90.9
ALC003217,EMP0147,PRJ0096,CLI0056,2026-06-03,2026-10-20,112.6,70.4,92.3,20.3,Developer,On Hold,Low,Allocated,92.6
ALC003218,EMP0455,PRJ0095,CLI0017,2026-06-05,2026-10-14,123.4,77.1,101.2,22.2,Developer,Active,Medium,Allocated,71.5
ALC003219,EMP0781,PRJ0163,CLI0044,2026-05-19,2026-06-22,75.2,47.0,61.7,13.5,Designer,On Hold,Critical,Underallocated,91.1
ALC003220,EMP0772,PRJ0118,CLI0008,2026-05-13,2026-09-11,126.2,78.9,103.5,22.7,Lead,Active,Medium,Allocated,66.9
ALC003221,EMP0296,PRJ0130,CLI0056,2026-03-06,2026-04-06,104.6,65.4,85.8,18.8,Tester,Completed,Critical,Allocated,74.8
ALC003222,EMP0802,PRJ0164,CLI0018,2026-04-12,2026-05-14,131.5,82.2,107.8,23.7,Lead,Active,High,Allocated,69.6
ALC003223,EMP0385,PRJ0162,CLI0012,2026-06-14,2026-08-18,64.6,40.4,53.0,11.6,Support,On Hold,High,Underallocated,79.4
ALC003224,EMP0176,PRJ0168,CLI0016,2026-06-14,2026-09-26,168.0,105.0,137.8,30.2,Lead,On Hold,High,Overallocated,83.2
ALC003225,EMP0376,PRJ0170,CLI0032,2026-04-10,2026-07-24,121.9,76.2,100.0,21.9,Analyst,Completed,Low,Allocated,62.7
ALC003226,EMP0788,PRJ0020,CLI0049,2026-01-01,2026-05-21,143.7,89.8,117.8,25.9,Tester,Completed,High,Allocated,70.1
ALC003227,EMP0190,PRJ0133,CLI0044,2026-01-06,2026-05-06,112.2,70.1,92.0,20.2,PM,Completed,Medium,Allocated,82.5
ALC003228,EMP0151,PRJ0129,CLI0019,2026-05-06,2026-07-29,136.2,85.1,111.7,24.5,Support,Active,High,Allocated,93.3
ALC003229,EMP0697,PRJ0064,CLI0024,2026-03-01,2026-04-02,22.2,13.9,18.2,4.0,Support,Completed,Medium,Underallocated,85.5
ALC003230,EMP0656,PRJ0083,CLI0032,2026-04-14,2026-05-11,107.7,67.3,88.3,19.4,Lead,On Hold,Low,Allocated,84.1
ALC003231,EMP0839,PRJ0120,CLI0028,2026-05-12,2026-06-24,80.3,50.2,65.8,14.5,Analyst,On Hold,Low,Underallocated,84.7
ALC003232,EMP0847,PRJ0075,CLI0033,2026-03-02,2026-04-15,97.6,61.0,80.0,17.6,Support,Completed,Critical,Allocated,73.2
ALC003233,EMP0272,PRJ0065,CLI0003,2026-01-12,2026-06-10,152.5,145.0,125.0,27.4,Support,Active,Medium,Allocated,63.7
ALC003234,EMP0622,PRJ0104,CLI0018,2026-01-19,2026-03-13,48.0,30.0,39.4,8.6,Lead,Completed,High,Underallocated,91.4
ALC003235,EMP0451,PRJ0090,CLI0041,2026-01-03,2026-04-04,141.6,88.5,116.1,25.5,Designer,Active,High,Allocated,71.3
ALC003236,EMP0808,PRJ0045,CLI0011,2026-05-01,2026-09-22,130.4,81.5,106.9,23.5,Lead,On Hold,Low,Allocated,92.0
ALC003237,EMP0493,PRJ0137,CLI0012,2026-06-11,2026-09-27,163.2,102.0,133.8,29.4,Support,Active,Critical,Overallocated,60.6
ALC003238,EMP0126,PRJ0091,CLI0026,2026-02-19,2026-06-13,29.1,18.2,23.9,5.2,Tester,Active,Medium,Underallocated,69.9
ALC003239,EMP0336,PRJ0120,CLI0028,2026-05-05,2026-07-24,135.5,84.7,111.1,24.4,Designer,Completed,Medium,Allocated,68.0
ALC003240,EMP0306,PRJ0031,CLI0044,2026-05-14,2026-07-04,122.1,76.3,100.1,22.0,Lead,Active,High,Allocated,60.7
ALC003241,EMP0553,PRJ0004,CLI0056,2026-01-14,2026-03-27,109.9,68.7,90.1,19.8,Tester,On Hold,Critical,Allocated,72.9
ALC003242,EMP0664,PRJ0001,CLI0057,2026-06-01,2026-09-30,169.8,106.1,139.2,30.6,Tester,On Hold,Medium,Overallocated,77.3
ALC003243,EMP0490,PRJ0089,CLI0043,2026-01-20,2026-02-10,27.7,17.3,22.7,5.0,PM,Completed,Medium,Underallocated,79.7
ALC003244,EMP0230,PRJ0049,CLI0043,2026-05-05,2026-07-14,117.0,73.1,95.9,21.1,Developer,Active,Critical,Allocated,64.9
ALC003245,EMP0061,PRJ0033,CLI0030,2026-06-15,2026-08-09,153.0,95.6,125.5,27.5,Designer,On Hold,High,Allocated,81.3
ALC003246,EMP0774,PRJ0157,CLI0044,2026-04-18,2026-07-28,47.0,29.4,38.5,8.5,Designer,Completed,Medium,Underallocated,91.2
ALC003247,EMP0481,PRJ0059,CLI0017,2026-06-20,2026-11-01,135.8,84.9,111.4,24.4,Developer,Completed,Medium,Allocated,78.0
ALC003248,EMP0246,PRJ0108,CLI0055,2026-06-19,2026-07-09,,78.1,102.5,22.5,Tester,Active,Critical,Allocated,77.7
ALC003249,EMP0135,PRJ0073,CLI0016,2026-05-04,2026-08-10,26.9,16.8,22.1,4.8,Tester,Completed,High,Underallocated,74.1
ALC003250,EMP0581,PRJ0020,CLI0049,2026-04-09,2026-08-05,155.8,97.4,127.8,28.0,Analyst,Active,Medium,Allocated,85.1
ALC003251,EMP0041,PRJ0080,CLI0026,2026-05-05,2026-06-24,76.3,47.7,62.6,13.7,Lead,Active,High,Underallocated,60.4
ALC003252,EMP0218,PRJ0032,CLI0053,2026-04-04,2026-07-31,175.2,109.5,143.7,31.5,Support,Completed,Critical,Overallocated,73.0
ALC003253,EMP0420,PRJ0076,CLI0055,2026-06-13,2026-10-23,135.0,84.4,110.7,24.3,Tester,Active,Critical,Allocated,87.3
ALC003254,EMP0419,PRJ0135,CLI0022,2026-04-05,2026-05-03,124.0,77.5,101.7,22.3,Support,On Hold,Low,Allocated,86.0
ALC003255,EMP0273,PRJ0113,CLI0050,2026-06-14,2026-07-19,,95.3,125.0,27.4,Analyst,On Hold,Low,Allocated,65.8
ALC003256,EMP0797,PRJ0153,CLI0030,2026-01-18,2026-03-19,147.8,92.4,121.2,26.6,Analyst,On Hold,Medium,Allocated,78.8
ALC003257,EMP0634,PRJ0176,CLI0014,2026-03-17,2026-05-30,33.6,21.0,27.6,6.0,Tester,Completed,High,Underallocated,81.6
ALC003258,EMP0209,PRJ0173,CLI0012,2026-05-03,2026-08-27,43.8,27.4,35.9,7.9,Tester,Active,Medium,Underallocated,92.0
ALC003259,EMP0374,PRJ0031,CLI0044,2026-04-09,2026-07-21,106.2,66.4,87.1,19.1,Tester,Completed,High,Allocated,75.7
ALC003260,EMP0780,PRJ0052,CLI0022,2026-01-04,2026-02-20,69.0,43.1,56.6,12.4,Developer,Completed,Medium,Underallocated,77.4
ALC003261,EMP0516,PRJ0124,CLI0045,2026-01-14,2026-02-28,,111.5,146.3,32.1,Lead,Active,Low,Overallocated,91.8
ALC003262,EMP0830,PRJ0114,CLI0043,2026-06-10,2026-08-13,72.3,45.2,59.3,13.0,Lead,Active,Critical,Underallocated,92.3
ALC003263,EMP0640,PRJ0173,CLI0012,2026-03-09,2026-06-13,115.7,72.3,94.9,20.8,Designer,On Hold,High,Allocated,88.9
ALC003264,EMP0170,PRJ0176,CLI0014,2026-03-01,2026-07-04,135.4,84.6,111.0,24.4,Lead,On Hold,Low,Allocated,80.0
ALC003265,EMP0260,PRJ0099,CLI0038,2026-05-18,2026-10-14,209.8,131.1,172.0,37.8,Support,On Hold,High,Overallocated,65.0
ALC003266,EMP0547,PRJ0009,CLI0015,2026-04-02,2026-07-10,157.9,98.7,129.5,28.4,PM,Completed,High,Allocated,76.5
ALC003267,EMP0526,PRJ0145,CLI0003,2026-04-13,2026-05-23,85.6,53.5,70.2,15.4,Designer,Active,Critical,Underallocated,67.8
ALC003268,EMP0100,PRJ0019,CLI0054,2026-01-08,2026-03-16,133.0,83.1,109.1,23.9,Support,Completed,Critical,Allocated,91.8
ALC003269,EMP0171,PRJ0163,CLI0044,2026-01-13,2026-04-25,140.0,87.5,114.8,25.2,Lead,Active,Critical,Allocated,78.3
ALC003270,EMP0296,PRJ0167,CLI0027,2026-02-10,2026-03-09,136.8,85.5,112.2,24.6,Tester,Completed,Critical,Allocated,93.8
ALC003271,EMP0549,PRJ0028,CLI0011,2026-04-02,2026-05-24,72.8,45.5,59.7,13.1,Developer,On Hold,Low,Underallocated,79.4
ALC003272,EMP0745,PRJ0142,CLI0026,2026-04-15,2026-09-06,193.3,120.8,158.5,34.8,PM,Active,High,Overallocated,67.7
ALC003273,EMP0047,PRJ0079,CLI0059,2026-05-04,2026-08-25,63.0,39.4,51.7,11.3,PM,Active,Low,Underallocated,85.4
ALC003274,EMP0665,PRJ0072,CLI0030,2026-06-21,2026-07-29,139.2,87.0,114.1,25.1,Analyst,Active,Medium,Allocated,66.0
ALC003275,EMP0459,PRJ0144,CLI0056,2026-04-15,2026-07-16,76.6,47.9,62.8,13.8,Lead,Active,Medium,Underallocated,73.1
ALC003276,EMP0133,PRJ0027,CLI0004,2026-06-03,2026-09-21,127.7,79.8,104.7,23.0,Designer,Completed,Medium,Allocated,89.8
ALC003277,EMP0479,PRJ0048,CLI0035,2026-04-20,2026-07-24,104.2,65.1,85.4,18.8,Support,Completed,Low,Allocated,81.1
ALC003278,EMP0189,PRJ0075,CLI0033,2026-04-09,2026-05-16,59.8,37.4,49.0,10.8,Lead,On Hold,Critical,Underallocated,87.2
ALC003279,EMP0467,PRJ0102,CLI0043,2026-01-17,2026-05-29,13.0,8.1,10.7,2.3,Lead,Completed,Medium,Underallocated,85.7
ALC003280,EMP0057,PRJ0034,CLI0045,2026-03-08,2026-06-26,147.4,92.1,120.9,26.5,Designer,Active,Medium,Allocated,85.3
ALC003281,EMP0526,PRJ0132,CLI0013,2026-04-04,2026-08-10,89.6,56.0,73.5,16.1,Support,Active,High,Underallocated,73.5
ALC003282,EMP0141,PRJ0176,CLI0014,2026-06-04,2026-10-17,117.6,73.5,96.4,21.2,Analyst,On Hold,High,Allocated,89.0
ALC003283,EMP0423,PRJ0063,CLI0016,2026-02-14,2026-06-22,184.0,115.0,150.9,33.1,Support,Active,Medium,Overallocated,90.4
ALC003284,EMP0375,PRJ0068,CLI0059,2026-06-16,2026-09-30,137.0,85.6,112.3,24.7,Support,On Hold,Low,Allocated,84.1
ALC003285,EMP0297,PRJ0048,CLI0035,2026-06-17,2026-10-25,8.0,5.0,6.6,1.4,Developer,Completed,Critical,Underallocated,68.1
ALC003286,EMP0658,PRJ0153,CLI0030,2026-04-19,2026-06-25,63.0,39.4,51.7,11.3,Analyst,Active,Critical,Underallocated,72.4
ALC003287,EMP0058,PRJ0023,CLI0035,2026-04-19,2026-05-28,38.4,24.0,31.5,6.9,Designer,On Hold,Critical,Underallocated,88.8
ALC003288,EMP0047,PRJ0008,CLI0052,2026-05-16,2026-10-05,78.7,49.2,64.5,14.2,Support,Active,High,Underallocated,88.0
ALC003289,EMP0772,PRJ0004,CLI0056,2026-06-04,2026-10-24,101.1,63.2,82.9,18.2,Designer,Completed,Low,Allocated,61.2
ALC003290,EMP0810,PRJ0053,CLI0011,2026-01-18,2026-03-17,214.2,133.9,175.6,38.6,Designer,On Hold,High,Overallocated,83.8
ALC003291,EMP0452,PRJ0106,CLI0041,2026-02-04,2026-03-23,152.3,95.2,124.9,27.4,PM,On Hold,Medium,Allocated,83.2
ALC003292,EMP0062,PRJ0067,CLI0015,2026-01-04,2026-02-25,126.2,78.9,103.5,22.7,Analyst,On Hold,Medium,Allocated,87.4
ALC003293,EMP0513,PRJ0091,CLI0026,2026-04-20,2026-09-04,129.8,81.1,106.4,23.4,Developer,Active,Medium,Allocated,89.5
ALC003294,EMP0408,PRJ0052,CLI0022,2026-05-21,2026-08-16,131.0,81.9,107.4,23.6,PM,Active,Medium,Allocated,77.8
ALC003295,EMP0201,PRJ0042,CLI0026,2026-03-15,2026-07-24,41.9,26.2,34.4,7.5,Tester,Completed,Low,Underallocated,72.1
ALC003296,EMP0104,PRJ0079,CLI0059,2026-06-10,2026-08-29,55.7,34.8,45.7,10.0,Analyst,Active,Critical,Underallocated,92.6
ALC003297,EMP0033,PRJ0116,CLI0042,2026-06-15,2026-07-05,130.2,81.4,106.8,23.4,PM,On Hold,High,Allocated,71.6
ALC003298,EMP0689,PRJ0025,CLI0003,2026-06-16,2026-07-23,112.2,70.1,92.0,20.2,Tester,On Hold,Critical,Allocated,93.9
ALC003299,EMP0280,PRJ0054,CLI0021,2026-02-18,2026-05-25,124.2,77.6,101.8,22.4,PM,Completed,High,Allocated,69.4
ALC003300,EMP0586,PRJ0048,CLI0035,2026-04-06,2026-06-02,176.2,110.1,144.5,31.7,PM,Completed,Critical,Overallocated,65.5
ALC003301,EMP0461,PRJ0175,CLI0054,2026-03-07,2026-04-08,84.3,52.7,69.1,15.2,Lead,On Hold,Low,Underallocated,93.7
ALC003302,EMP0370,PRJ0161,CLI0056,2026-02-15,2026-03-12,97.3,60.8,79.8,17.5,Tester,Active,Low,Allocated,62.5
ALC003303,EMP0420,PRJ0135,CLI0022,2026-02-09,2026-07-04,121.9,76.2,100.0,21.9,PM,On Hold,Critical,Allocated,81.4
ALC003304,EMP0145,PRJ0151,CLI0036,2026-01-01,2026-05-29,43.8,27.4,35.9,7.9,Designer,Completed,Medium,Underallocated,85.2
ALC003305,EMP0626,PRJ0115,CLI0050,2026-02-12,2026-03-04,53.1,33.2,43.5,9.6,Developer,On Hold,Low,Underallocated,61.7
ALC003306,EMP0620,PRJ0160,CLI0057,2026-06-10,2026-08-07,166.6,104.1,136.6,30.0,Support,Active,Low,Overallocated,67.9
ALC003307,EMP0288,PRJ0014,CLI0026,2026-03-03,2026-07-16,100.2,62.6,82.2,18.0,Tester,Active,Medium,Allocated,82.9
ALC003308,EMP0808,PRJ0084,CLI0016,2026-01-03,2026-05-31,92.3,57.7,75.7,16.6,Developer,On Hold,Critical,Underallocated,78.6
ALC003309,EMP0392,PRJ0123,CLI0039,2026-05-18,2026-09-10,121.6,76.0,99.7,21.9,PM,Active,Medium,Allocated,63.7
ALC003310,EMP0037,PRJ0093,CLI0012,2026-04-14,2026-08-03,45.3,28.3,37.1,8.2,Tester,Active,High,Underallocated,60.6
ALC003311,EMP0616,PRJ0166,CLI0028,2026-01-06,2026-03-24,99.7,62.3,81.8,17.9,Developer,Completed,Medium,Allocated,78.8
ALC003312,EMP0809,PRJ0148,CLI0035,2026-04-15,2026-09-01,89.0,55.6,73.0,16.0,Analyst,On Hold,Low,Underallocated,76.1
ALC003313,EMP0391,PRJ0130,CLI0056,2026-06-18,2026-10-08,126.7,79.2,103.9,22.8,Designer,Active,Medium,Allocated,61.4
ALC003314,EMP0329,PRJ0151,CLI0036,2026-05-07,2026-08-18,27.5,17.2,22.5,5.0,Support,Active,Critical,Underallocated,74.0
ALC003315,EMP0029,PRJ0166,CLI0028,2026-04-11,2026-05-17,80.0,50.0,65.6,14.4,PM,Active,Critical,Underallocated,82.5
ALC003316,EMP0485,PRJ0069,CLI0021,2026-06-08,2026-09-23,93.6,58.5,76.8,16.8,Analyst,Completed,Medium,Underallocated,88.9
ALC003317,EMP0810,PRJ0100,CLI0039,2026-06-13,2026-09-08,92.6,57.9,75.9,16.7,Tester,On Hold,High,Underallocated,87.3
ALC003318,EMP0108,PRJ0143,CLI0032,2026-04-21,2026-08-26,154.1,96.3,126.4,27.7,Tester,Completed,Low,Allocated,81.1
ALC003319,EMP0298,PRJ0071,CLI0036,2026-05-20,2026-07-30,80.5,50.3,66.0,14.5,Lead,Active,Low,Underallocated,69.7
ALC003320,EMP0755,PRJ0032,CLI0053,2026-05-05,2026-05-25,224.0,140.0,183.7,40.3,Designer,On Hold,Low,Overallocated,75.2
ALC003321,EMP0038,PRJ0038,CLI0059,2026-01-07,2026-02-07,141.9,88.7,116.4,25.5,Developer,Completed,Medium,Allocated,74.3
ALC003322,EMP0480,PRJ0116,CLI0042,2026-05-09,2026-06-09,92.5,57.8,75.8,16.6,Lead,Active,Low,Underallocated,63.8
ALC003323,EMP0461,PRJ0002,CLI0046,2026-02-11,2026-03-14,136.2,85.1,111.7,24.5,Lead,Active,Medium,Allocated,70.2
ALC003324,EMP0603,PRJ0137,CLI0012,2026-02-05,2026-05-20,141.1,88.2,115.7,25.4,Lead,Completed,Low,Allocated,88.6
ALC003325,EMP0024,PRJ0066,CLI0051,2026-05-18,2026-06-07,99.5,62.2,81.6,17.9,Lead,Active,Medium,Allocated,65.3
ALC003326,EMP0075,PRJ0009,CLI0015,2026-05-17,2026-07-28,158.1,98.8,129.6,28.5,PM,Completed,High,Allocated,68.0
ALC003327,EMP0152,PRJ0159,CLI0025,2026-03-21,2026-06-20,73.0,45.6,59.9,13.1,PM,On Hold,Medium,Underallocated,83.8
ALC003328,EMP0737,PRJ0089,CLI0043,2026-04-20,2026-07-17,135.5,84.7,111.1,24.4,Designer,Active,High,Allocated,83.3
ALC003329,EMP0066,PRJ0180,CLI0006,2026-01-13,2026-05-07,107.8,67.4,88.4,19.4,Support,Active,Low,Allocated,60.6
ALC003330,EMP0243,PRJ0003,CLI0041,2026-01-10,2026-04-06,123.5,77.2,101.3,22.2,Developer,Completed,Critical,Allocated,91.2
ALC003331,EMP0315,PRJ0050,CLI0039,2026-01-13,2026-06-09,121.1,75.7,99.3,21.8,Support,On Hold,High,Allocated,93.5
ALC003332,EMP0299,PRJ0043,CLI0043,2026-05-12,2026-07-03,112.8,70.5,92.5,20.3,Support,Completed,High,Allocated,81.0
ALC003333,EMP0449,PRJ0155,CLI0042,2026-02-14,2026-07-06,191.0,119.4,156.6,34.4,Support,On Hold,Medium,Overallocated,92.8
ALC003334,EMP0411,PRJ0178,CLI0030,2026-01-13,2026-05-22,88.6,55.4,72.7,15.9,Developer,On Hold,Critical,Underallocated,84.2
ALC003335,EMP0332,PRJ0022,CLI0037,2026-03-20,2026-07-01,80.5,,66.0,14.5,Support,Completed,Medium,Underallocated,60.2
ALC003336,EMP0711,PRJ0162,CLI0012,2026-01-15,2026-03-27,108.5,67.8,89.0,19.5,Tester,Completed,Critical,Allocated,84.7
ALC003337,EMP0523,PRJ0064,CLI0024,2026-04-15,2026-05-16,164.2,102.6,134.6,29.6,Lead,On Hold,Critical,Overallocated,93.5
ALC003338,EMP0692,PRJ0163,CLI0044,2026-03-21,2026-06-17,113.6,71.0,93.2,20.4,PM,Completed,High,Allocated,85.9
ALC003339,EMP0534,PRJ0010,CLI0035,2026-05-09,2026-09-18,109.1,68.2,89.5,19.6,Designer,On Hold,High,Allocated,93.4
ALC003340,EMP0051,PRJ0094,CLI0008,2026-05-06,2026-09-02,89.8,56.1,73.6,16.2,Designer,Active,Critical,Underallocated,90.2
ALC003341,EMP0362,PRJ0063,CLI0016,2026-02-14,2026-03-23,92.5,57.8,75.8,16.6,Lead,Completed,High,Underallocated,63.1
ALC003342,EMP0371,,CLI0038,2026-06-09,2026-07-28,154.7,96.7,126.9,27.8,Analyst,Active,Medium,Allocated,67.3
ALC003343,EMP0679,,CLI0002,2026-05-18,2026-07-19,109.4,68.4,89.7,19.7,Tester,Completed,High,Allocated,70.0
ALC003344,EMP0545,PRJ0174,CLI0032,2026-06-04,2026-08-18,122.2,76.4,100.2,22.0,Designer,On Hold,Critical,Allocated,68.5
ALC003345,EMP0431,PRJ0149,CLI0039,2026-01-04,2026-05-28,84.0,52.5,68.9,15.1,Designer,Completed,High,Underallocated,61.7
ALC003346,EMP0139,PRJ0003,CLI0041,2026-04-18,2026-06-12,143.0,89.4,117.3,25.7,Developer,Completed,Medium,Allocated,67.1
ALC003347,EMP0728,PRJ0008,CLI0052,2026-02-04,2026-04-26,161.0,100.6,132.0,29.0,Lead,Completed,Critical,Overallocated,70.7
ALC003348,EMP0821,PRJ0082,CLI0013,2026-05-01,2026-06-29,74.9,46.8,61.4,13.5,Tester,Completed,High,Underallocated,88.7
ALC003349,EMP0798,PRJ0070,CLI0013,2026-03-21,2026-08-10,75.8,47.4,62.2,13.6,Tester,Active,High,Underallocated,67.7
ALC003350,EMP0796,PRJ0087,CLI0046,2026-03-16,2026-05-22,78.2,48.9,64.1,14.1,Support,Active,Low,Underallocated,82.7
ALC003351,EMP0553,PRJ0041,CLI0044,2026-05-15,2026-09-06,153.4,95.9,125.8,27.6,PM,Completed,Low,Allocated,72.7
ALC003352,EMP0659,PRJ0034,CLI0045,2026-05-12,2026-07-16,73.6,46.0,60.4,13.2,PM,Active,Critical,Underallocated,76.7
ALC003353,EMP0388,PRJ0050,CLI0039,2026-05-09,2026-06-04,98.2,61.4,80.5,17.7,Tester,Active,Low,Allocated,80.4
ALC003354,EMP0388,PRJ0034,CLI0045,2026-01-12,2026-04-23,72.6,,59.5,13.1,Tester,Active,Low,Underallocated,83.7
ALC003355,EMP0751,PRJ0086,CLI0017,2026-01-17,2026-04-07,179.7,112.3,147.4,32.3,Tester,Active,Critical,Overallocated,80.2
ALC003356,EMP0331,PRJ0091,CLI0026,2026-04-14,2026-05-19,90.7,,74.4,16.3,Support,Completed,Low,Underallocated,90.0
ALC003357,EMP0724,PRJ0090,CLI0041,2026-02-16,2026-05-29,178.6,111.6,146.5,32.1,Developer,Active,Medium,Overallocated,72.1
ALC003358,EMP0719,PRJ0129,CLI0019,2026-01-16,2026-04-03,110.9,69.3,90.9,20.0,Lead,On Hold,Critical,Allocated,77.9
ALC003359,EMP0346,PRJ0034,CLI0045,2026-02-17,2026-05-20,92.3,57.7,75.7,16.6,Analyst,Active,High,Underallocated,70.8
ALC003360,EMP0679,PRJ0045,CLI0011,2026-04-20,2026-06-15,144.0,90.0,118.1,25.9,PM,Completed,Low,Allocated,62.7
ALC003361,EMP0348,PRJ0041,CLI0044,2026-01-04,2026-05-04,110.4,69.0,90.5,19.9,Support,Active,Low,Allocated,81.0
ALC003362,EMP0475,PRJ0131,CLI0009,2026-03-06,2026-07-09,168.5,105.3,138.2,30.3,Support,On Hold,High,Overallocated,70.2
ALC003363,EMP0714,PRJ0092,CLI0007,2026-02-06,2026-03-09,103.4,64.6,84.8,18.6,Developer,On Hold,Critical,Allocated,77.8
ALC003364,EMP0394,PRJ0168,CLI0016,2026-04-09,2026-08-12,93.9,58.7,77.0,16.9,Tester,Active,Medium,Underallocated,92.1
ALC003365,EMP0091,PRJ0101,CLI0028,2026-06-08,2026-10-06,93.8,58.6,76.9,16.9,Support,Completed,Low,Underallocated,62.6
ALC003366,EMP0797,PRJ0092,CLI0007,2026-05-15,2026-08-10,161.8,101.1,132.7,29.1,PM,On Hold,High,Overallocated,68.5
ALC003367,EMP0845,PRJ0038,CLI0059,2026-03-05,2026-07-31,122.1,76.3,100.1,22.0,Designer,Active,Medium,Allocated,94.5
ALC003368,EMP0180,PRJ0074,CLI0006,2026-04-01,2026-06-05,82.6,51.6,67.7,14.9,Analyst,Completed,Medium,Underallocated,81.5
ALC003369,EMP0007,PRJ0163,CLI0044,2026-02-17,2026-03-27,54.6,34.1,44.8,9.8,Lead,Completed,Critical,Underallocated,72.7
ALC003370,EMP0547,PRJ0117,CLI0006,2026-05-19,2026-09-08,120.5,75.3,98.8,21.7,PM,Active,High,Allocated,73.0
ALC003371,EMP0592,PRJ0083,CLI0032,2026-03-16,2026-04-20,74.4,46.5,61.0,13.4,Support,On Hold,High,Underallocated,86.0
ALC003372,EMP0027,PRJ0123,CLI0039,2026-02-18,2026-05-02,41.3,25.8,33.9,7.4,Analyst,On Hold,Low,Underallocated,84.6
ALC003373,EMP0429,PRJ0098,CLI0044,2026-03-14,2026-05-09,155.5,97.2,127.5,28.0,PM,On Hold,High,Allocated,72.8
ALC003374,EMP0077,PRJ0047,CLI0018,2026-01-19,2026-06-05,62.7,39.2,51.4,11.3,Tester,On Hold,Critical,Underallocated,72.0
ALC003375,EMP0460,PRJ0002,CLI0046,2026-01-07,2026-04-21,40.5,25.3,33.2,7.3,Analyst,Completed,High,Underallocated,88.2
ALC003376,EMP0541,PRJ0053,CLI0011,2026-05-09,2026-07-27,106.6,66.6,87.4,19.2,Analyst,Active,Low,Allocated,88.0
ALC003377,EMP0456,PRJ0055,CLI0015,2026-04-13,2026-08-29,100.0,62.5,82.0,18.0,Developer,On Hold,Medium,Allocated,89.6
ALC003378,EMP0500,PRJ0156,CLI0002,2026-02-07,2026-05-07,77.1,48.2,63.2,13.9,Lead,Completed,High,Underallocated,76.1
ALC003379,EMP0600,PRJ0040,CLI0014,2026-02-12,2026-03-18,120.8,75.5,99.1,21.7,Tester,On Hold,Critical,Allocated,83.1
ALC003380,EMP0842,PRJ0064,CLI0024,2026-02-02,2026-03-18,100.2,62.6,82.2,18.0,Support,Active,Critical,Allocated,75.9
ALC003381,EMP0629,PRJ0005,CLI0011,2026-06-05,2026-09-30,200.0,125.0,164.0,36.0,Analyst,On Hold,High,Overallocated,84.2
ALC003382,EMP0064,PRJ0141,CLI0028,2026-01-19,2026-05-31,104.3,65.2,85.5,18.8,Analyst,On Hold,Critical,Allocated,68.9
ALC003383,EMP0842,PRJ0097,CLI0018,2026-04-02,2026-05-27,61.1,38.2,50.1,11.0,Designer,On Hold,Low,Underallocated,70.5
ALC003384,EMP0219,PRJ0117,CLI0006,2026-05-08,2026-07-01,124.0,77.5,101.7,22.3,Analyst,Completed,Critical,Allocated,75.1
ALC003385,EMP0153,PRJ0086,CLI0017,2026-01-10,2026-03-14,127.4,79.6,104.5,22.9,Analyst,Completed,Medium,Allocated,64.3
ALC003386,EMP0221,PRJ0056,CLI0042,2026-05-05,2026-08-30,98.6,61.6,80.9,17.7,Tester,Active,Critical,Allocated,61.2
ALC003387,EMP0210,PRJ0091,CLI0026,2026-03-12,2026-05-04,45.4,28.4,37.2,8.2,PM,Completed,Low,Underallocated,60.3
ALC003388,EMP0728,PRJ0172,CLI0044,2026-01-16,2026-06-03,173.9,108.7,142.6,31.3,PM,On Hold,High,Overallocated,87.4
ALC003389,EMP0024,PRJ0013,CLI0048,2026-04-15,2026-05-19,61.4,38.4,50.3,11.1,Analyst,Completed,High,Underallocated,69.6
ALC003390,EMP0449,PRJ0173,CLI0012,2026-06-10,2026-07-29,147.4,92.1,120.9,26.5,Support,Completed,High,Allocated,67.9
ALC003391,EMP0574,PRJ0018,CLI0024,2026-04-19,2026-07-17,161.3,100.8,132.3,29.0,Designer,Completed,Low,Overallocated,74.6
ALC003392,EMP0730,PRJ0075,CLI0033,2026-03-20,2026-04-25,99.7,62.3,81.8,17.9,PM,On Hold,Low,Allocated,63.8
ALC003393,EMP0382,PRJ0081,CLI0038,2026-06-13,2026-10-18,147.2,92.0,120.7,26.5,Designer,Completed,Low,Allocated,90.6
ALC003394,EMP0492,PRJ0112,CLI0006,2026-04-11,2026-09-02,150.7,94.2,123.6,27.1,PM,Completed,Medium,Allocated,68.1
ALC003395,EMP0284,PRJ0130,CLI0056,2026-03-16,2026-06-23,69.1,43.2,56.7,12.4,Tester,Completed,Medium,Underallocated,65.1
ALC003396,EMP0667,PRJ0021,CLI0060,2026-01-03,2026-02-05,170.9,106.8,140.1,30.8,PM,On Hold,Critical,Overallocated,90.5
ALC003397,EMP0564,PRJ0167,CLI0027,2026-01-06,2026-05-30,125.1,78.2,102.6,22.5,Analyst,Completed,Low,Allocated,91.1
ALC003398,EMP0703,PRJ0093,CLI0012,2026-01-09,2026-02-18,25.4,15.9,20.8,4.6,Designer,Active,Critical,Underallocated,83.7
ALC003399,EMP0751,PRJ0042,CLI0026,2026-01-21,2026-06-06,120.0,75.0,98.4,21.6,Support,Completed,High,Allocated,84.8
ALC003400,EMP0568,PRJ0003,CLI0041,2026-03-14,2026-04-06,89.6,56.0,73.5,16.1,Designer,On Hold,High,Underallocated,69.1
ALC003401,EMP0614,PRJ0056,CLI0042,2026-06-18,2026-08-28,129.8,81.1,106.4,23.4,Tester,On Hold,Medium,Allocated,76.5
ALC003402,EMP0816,PRJ0063,CLI0016,2026-05-20,2026-06-30,86.4,54.0,70.8,15.6,Lead,Completed,Low,Underallocated,64.2
ALC003403,EMP0241,PRJ0079,CLI0059,2026-01-01,2026-04-08,86.7,54.2,71.1,15.6,Tester,Active,Low,Underallocated,72.1
ALC003404,EMP0566,PRJ0057,CLI0043,2026-06-17,2026-07-09,70.6,44.1,57.9,12.7,Lead,Completed,High,Underallocated,67.0
ALC003405,EMP0222,PRJ0054,CLI0021,2026-05-13,2026-08-27,,75.6,99.2,21.8,Designer,On Hold,Medium,Allocated,76.9
ALC003406,EMP0144,PRJ0066,CLI0051,2026-04-14,2026-08-02,132.8,83.0,108.9,23.9,Analyst,Active,Critical,Allocated,67.0
ALC003407,EMP0342,PRJ0101,CLI0028,2026-03-13,2026-04-30,111.8,69.9,91.7,20.1,PM,Active,Medium,Allocated,64.8
ALC003408,EMP0774,PRJ0063,CLI0016,2026-04-01,2026-05-28,100.2,62.6,82.2,18.0,Designer,On Hold,Low,Allocated,81.7
ALC003409,EMP0582,PRJ0001,CLI0057,2026-02-07,2026-07-05,115.8,72.4,95.0,20.8,Lead,Completed,High,Allocated,89.3
ALC003410,EMP0814,PRJ0110,CLI0054,2026-04-07,2026-05-21,154.2,96.4,126.4,27.8,PM,Completed,Medium,Allocated,65.9
ALC003411,EMP0771,PRJ0119,CLI0048,2026-06-15,2026-11-12,70.4,44.0,57.7,12.7,Support,On Hold,High,Underallocated,61.1
ALC003412,EMP0652,PRJ0116,CLI0042,2026-04-21,2026-08-05,58.6,36.6,48.1,10.5,Support,On Hold,Critical,Underallocated,78.1
ALC003413,EMP0313,PRJ0085,CLI0045,2026-06-19,2026-10-29,64.0,40.0,52.5,11.5,Lead,Completed,Critical,Underallocated,90.3
ALC003414,EMP0592,PRJ0084,CLI0016,2026-04-20,2026-06-02,46.4,29.0,38.0,8.4,Analyst,On Hold,Medium,Underallocated,82.6
ALC003415,EMP0751,PRJ0052,CLI0022,2026-03-08,2026-04-03,71.5,44.7,58.6,12.9,PM,Completed,Medium,Underallocated,73.6
ALC003416,EMP0526,PRJ0056,CLI0042,2026-02-08,2026-05-06,157.6,98.5,129.2,28.4,Developer,Completed,Medium,Allocated,88.1
ALC003417,EMP0695,PRJ0035,CLI0016,2026-03-11,2026-07-29,44.0,27.5,36.1,7.9,PM,On Hold,Medium,Underallocated,91.1
ALC003418,EMP0832,PRJ0012,CLI0020,2026-02-11,2026-04-28,101.9,63.7,83.6,18.3,Tester,Active,High,Allocated,76.7
ALC003419,EMP0682,PRJ0084,CLI0016,2026-04-21,2026-08-04,138.7,86.7,113.7,25.0,Lead,On Hold,Critical,Allocated,92.5
ALC003420,EMP0347,PRJ0149,CLI0039,2026-04-04,2026-07-29,112.5,70.3,92.2,20.2,Lead,Completed,High,Allocated,94.9
ALC003421,EMP0148,,CLI0030,2026-06-19,2026-08-20,146.9,91.8,120.5,26.4,Designer,Active,High,Allocated,81.4
ALC003422,EMP0049,PRJ0002,CLI0046,2026-06-04,2026-09-14,88.8,55.5,72.8,16.0,Lead,Completed,Critical,Underallocated,82.9
ALC003423,EMP0545,PRJ0016,CLI0049,2026-01-09,2026-03-11,92.3,57.7,75.7,16.6,PM,Active,Low,Underallocated,61.3
ALC003424,EMP0576,PRJ0087,CLI0046,2026-02-08,2026-06-20,96.5,60.3,79.1,17.4,Analyst,Active,High,Allocated,92.3
ALC003425,EMP0276,PRJ0050,CLI0039,2026-05-01,2026-09-14,134.1,83.8,110.0,24.1,Tester,Completed,Critical,Allocated,75.5
ALC003426,EMP0485,PRJ0034,CLI0045,2026-04-09,2026-05-21,221.3,138.3,181.5,39.8,Tester,Completed,High,Overallocated,90.3
ALC003427,EMP0810,PRJ0024,CLI0041,2026-04-05,2026-08-06,111.7,69.8,91.6,20.1,Analyst,Active,Medium,Allocated,75.1
ALC003428,EMP0809,PRJ0115,CLI0050,2026-03-08,2026-06-11,102.6,64.1,84.1,18.5,Support,Active,Medium,Allocated,91.2
ALC003429,EMP0036,PRJ0145,CLI0003,2026-06-17,2026-10-03,73.4,45.9,60.2,13.2,Developer,On Hold,High,Underallocated,63.1
ALC003430,EMP0418,PRJ0090,CLI0041,2026-06-05,2026-08-17,181.6,113.5,148.9,32.7,Developer,Active,Medium,Overallocated,93.4
ALC003431,EMP0296,PRJ0050,CLI0039,2026-03-17,2026-05-14,96.5,60.3,79.1,17.4,Designer,On Hold,Critical,Allocated,72.7
ALC003432,EMP0023,PRJ0046,CLI0048,2026-06-01,2026-08-02,87.4,54.6,71.7,15.7,Developer,On Hold,High,Underallocated,93.8
ALC003433,EMP0367,PRJ0113,CLI0050,2026-02-12,2026-03-19,103.7,64.8,85.0,18.7,Lead,Completed,High,Allocated,65.2
ALC003434,EMP0730,PRJ0060,CLI0022,2026-04-01,2026-04-30,185.0,115.6,151.7,33.3,Tester,Active,Critical,Overallocated,80.3
ALC003435,EMP0133,PRJ0146,CLI0006,2026-01-17,2026-03-23,,56.0,73.5,16.1,Developer,On Hold,Critical,Underallocated,89.9
ALC003436,EMP0640,PRJ0075,CLI0033,2026-01-19,2026-03-31,111.0,69.4,91.0,20.0,PM,Completed,High,Allocated,88.6
ALC003437,EMP0686,PRJ0158,CLI0059,2026-01-05,2026-05-14,11.4,7.1,9.3,2.1,Support,Active,Critical,Underallocated,84.1
ALC003438,EMP0226,PRJ0102,CLI0043,2026-06-18,2026-09-24,151.2,94.5,124.0,27.2,Tester,Active,Low,Allocated,78.4
ALC003439,EMP0260,PRJ0074,CLI0006,2026-04-11,2026-08-12,100.5,62.8,82.4,18.1,PM,On Hold,High,Allocated,85.1
ALC003440,EMP0625,PRJ0013,CLI0048,2026-05-20,2026-09-19,148.5,92.8,121.8,26.7,Analyst,Completed,Medium,Allocated,69.8
ALC003441,EMP0485,PRJ0041,CLI0044,2026-03-07,2026-06-26,137.3,85.8,112.6,24.7,PM,On Hold,Medium,Allocated,69.8
ALC003442,EMP0627,PRJ0160,CLI0057,2026-03-18,2026-04-20,118.4,74.0,97.1,21.3,Designer,Completed,Critical,Allocated,85.9
ALC003443,EMP0680,PRJ0010,CLI0035,2026-01-20,2026-03-26,94.1,58.8,77.2,16.9,Tester,Completed,High,Underallocated,69.3
ALC003444,EMP0706,,CLI0039,2026-03-10,2026-06-16,114.6,71.6,94.0,20.6,PM,Completed,High,Allocated,64.8
ALC003445,EMP0841,PRJ0031,CLI0044,2026-05-05,2026-06-02,58.4,36.5,47.9,10.5,Analyst,On Hold,Low,Underallocated,84.2
ALC003446,EMP0183,PRJ0177,CLI0053,2026-02-08,2026-05-24,121.0,75.6,99.2,21.8,Tester,Completed,Low,Allocated,87.1
ALC003447,EMP0536,PRJ0119,CLI0048,2026-06-09,2026-08-10,134.1,83.8,110.0,24.1,Tester,Completed,Low,Allocated,90.4
ALC003448,EMP0009,PRJ0131,CLI0009,2026-03-16,2026-04-19,115.2,72.0,94.5,20.7,Designer,Completed,Medium,Allocated,66.8
ALC003449,EMP0362,PRJ0030,CLI0043,2026-06-10,2026-10-19,113.4,70.9,93.0,20.4,PM,Completed,High,Allocated,73.2
ALC003450,EMP0776,PRJ0016,CLI0049,2026-03-19,2026-05-19,87.7,54.8,71.9,15.8,Tester,On Hold,High,Underallocated,83.5
ALC003451,EMP0535,PRJ0163,CLI0044,2026-04-08,2026-08-05,105.6,66.0,86.6,19.0,Support,Active,Medium,Allocated,60.8
ALC003452,EMP0104,PRJ0036,CLI0045,2026-05-11,2026-07-29,68.2,42.6,55.9,12.3,PM,Active,High,Underallocated,81.3
ALC003453,EMP0796,PRJ0055,CLI0015,2026-04-03,2026-07-31,90.2,56.4,74.0,16.2,Developer,On Hold,Medium,Underallocated,81.3
ALC003454,EMP0631,PRJ0079,CLI0059,2026-04-02,2026-07-05,194.6,121.6,159.6,35.0,Tester,On Hold,Critical,Overallocated,70.5
ALC003455,EMP0396,PRJ0172,CLI0044,2026-01-13,2026-05-08,115.5,72.2,94.7,20.8,PM,Completed,High,Allocated,79.7
ALC003456,EMP0451,PRJ0049,CLI0043,2026-05-19,2026-10-06,131.4,82.1,107.7,23.7,Tester,Active,Critical,Allocated,75.8
ALC003457,EMP0370,PRJ0170,CLI0032,2026-06-05,2026-07-24,110.9,69.3,90.9,20.0,Lead,On Hold,Critical,Allocated,64.5
ALC003458,EMP0215,PRJ0118,CLI0008,2026-03-21,2026-05-22,114.6,71.6,94.0,20.6,Designer,Active,High,Allocated,80.7
ALC003459,EMP0065,PRJ0140,CLI0018,2026-05-21,2026-08-21,117.4,73.4,96.3,21.1,Analyst,On Hold,Low,Allocated,77.9
ALC003460,EMP0594,PRJ0038,CLI0059,2026-04-09,2026-05-12,102.4,64.0,84.0,18.4,Lead,Completed,High,Allocated,66.3
ALC003461,EMP0841,PRJ0061,CLI0059,2026-05-15,2026-09-24,135.7,84.8,111.3,24.4,PM,On Hold,Medium,Allocated,79.7
ALC003462,EMP0778,PRJ0007,CLI0040,2026-01-19,2026-03-16,83.4,52.1,68.4,15.0,Designer,On Hold,Critical,Underallocated,63.5
ALC003463,EMP0616,PRJ0094,CLI0008,2026-04-09,2026-06-12,52.6,32.9,43.1,9.5,PM,On Hold,Low,Underallocated,68.6
ALC003464,EMP0524,PRJ0066,CLI0051,2026-06-21,2026-10-10,119.8,74.9,98.2,21.6,Analyst,Completed,High,Allocated,60.0
ALC003465,EMP0850,PRJ0060,CLI0022,2026-06-14,2026-08-23,156.8,98.0,128.6,28.2,Analyst,On Hold,Low,Allocated,93.1
ALC003466,EMP0058,PRJ0065,CLI0003,2026-02-17,2026-06-11,86.1,53.8,70.6,15.5,Tester,Completed,High,Underallocated,77.5
ALC003467,EMP0196,PRJ0105,CLI0056,2026-01-06,2026-04-03,143.4,89.6,117.6,25.8,Lead,Completed,Low,Allocated,82.0
ALC003468,EMP0428,PRJ0054,CLI0021,2026-02-03,2026-05-26,138.9,,113.9,25.0,Lead,On Hold,Critical,Allocated,64.3
ALC003469,EMP0753,PRJ0158,CLI0059,2026-01-19,2026-03-22,174.4,109.0,143.0,31.4,Tester,Completed,Low,Overallocated,91.7
ALC003470,EMP0615,PRJ0068,CLI0059,2026-06-02,2026-07-22,186.6,116.6,153.0,33.6,Analyst,Completed,Medium,Overallocated,61.1
ALC003471,EMP0309,PRJ0129,CLI0019,2026-04-10,2026-06-28,135.2,84.5,110.9,24.3,PM,Completed,Medium,Allocated,73.3
ALC003472,EMP0619,PRJ0055,CLI0015,2026-02-10,2026-04-29,107.2,67.0,87.9,19.3,Developer,Active,High,Allocated,71.0
ALC003473,EMP0740,PRJ0123,CLI0039,2026-02-20,2026-05-05,47.4,29.6,38.9,8.5,Tester,Active,Medium,Underallocated,84.4
ALC003474,EMP0532,PRJ0140,CLI0018,2026-01-14,2026-02-15,151.0,94.4,123.8,27.2,Analyst,Active,High,Allocated,71.7
ALC003475,EMP0233,PRJ0039,CLI0024,2026-04-14,2026-06-05,157.3,98.3,129.0,28.3,Tester,On Hold,High,Allocated,84.1
ALC003476,EMP0430,PRJ0060,CLI0022,2026-04-14,2026-06-25,101.8,63.6,83.5,18.3,Tester,Active,Low,Allocated,67.5
ALC003477,EMP0652,PRJ0175,CLI0054,2026-01-10,2026-04-30,126.1,78.8,103.4,22.7,PM,Active,Low,Allocated,72.1
ALC003478,EMP0120,PRJ0027,CLI0004,2026-06-07,2026-09-12,70.9,44.3,58.1,12.8,Support,On Hold,High,Underallocated,90.9
ALC003479,EMP0124,PRJ0138,CLI0018,2026-06-02,2026-10-01,88.0,55.0,72.2,15.8,Tester,Completed,Low,Underallocated,81.8
ALC003480,EMP0592,PRJ0128,CLI0044,2026-06-20,2026-10-30,59.2,37.0,48.5,10.7,Analyst,Completed,Medium,Underallocated,77.4
ALC003481,EMP0340,PRJ0154,CLI0005,2026-01-05,2026-05-17,122.7,76.7,100.6,22.1,PM,On Hold,Critical,Allocated,73.0
ALC003482,EMP0050,PRJ0159,CLI0025,2026-02-05,2026-04-09,96.0,60.0,78.7,17.3,Analyst,Completed,Critical,Allocated,76.6
ALC003483,EMP0801,PRJ0047,CLI0018,2026-02-10,2026-03-07,161.9,101.2,132.8,29.1,Designer,Active,Low,Overallocated,73.2
ALC003484,EMP0625,PRJ0043,CLI0043,2026-04-01,2026-05-21,121.4,75.9,99.5,21.9,Designer,Completed,Medium,Allocated,78.8
ALC003485,EMP0738,PRJ0060,CLI0022,2026-05-14,2026-06-28,126.1,78.8,103.4,22.7,Support,Active,Critical,Allocated,65.1
ALC003486,EMP0426,PRJ0019,CLI0054,2026-05-08,2026-06-03,112.5,70.3,92.2,20.2,Lead,Completed,Critical,Allocated,60.8
ALC003487,EMP0504,PRJ0041,CLI0044,2026-06-19,2026-08-10,175.2,109.5,143.7,31.5,Support,Completed,Low,Overallocated,82.8
ALC003488,EMP0492,PRJ0008,CLI0052,2026-02-04,2026-03-23,170.1,106.3,139.5,30.6,Developer,On Hold,Critical,Overallocated,72.5
ALC003489,EMP0098,PRJ0141,CLI0028,2026-05-15,2026-06-17,105.1,65.7,86.2,18.9,Developer,Active,Medium,Allocated,88.9
ALC003490,EMP0663,PRJ0014,CLI0026,2026-06-04,2026-07-18,124.0,77.5,101.7,22.3,Lead,Active,High,Allocated,68.4
ALC003491,EMP0792,PRJ0143,CLI0032,2026-03-07,2026-05-08,168.6,105.4,138.3,30.3,Analyst,Active,Critical,Overallocated,72.6
ALC003492,EMP0643,PRJ0032,CLI0053,2026-05-02,2026-05-30,65.0,,53.3,11.7,Lead,Completed,High,Underallocated,67.2
ALC003493,EMP0460,PRJ0019,CLI0054,2026-06-13,2026-08-07,124.0,77.5,101.7,22.3,Developer,Completed,High,Allocated,63.8
ALC003494,EMP0250,PRJ0149,CLI0039,2026-03-17,2026-07-25,97.9,61.2,80.3,17.6,Support,Active,Medium,Allocated,68.2
ALC003495,EMP0304,PRJ0132,CLI0013,2026-04-08,2026-07-10,170.9,106.8,140.1,30.8,Tester,Active,High,Overallocated,63.8
ALC003496,EMP0613,,CLI0015,2026-04-07,2026-05-19,133.3,83.3,109.3,24.0,Developer,Active,Critical,Allocated,89.9
ALC003497,EMP0520,PRJ0172,CLI0044,2026-03-20,2026-07-13,42.6,26.6,34.9,7.7,Lead,On Hold,Medium,Underallocated,89.1
ALC003498,EMP0672,PRJ0078,CLI0031,2026-02-01,2026-05-03,95.4,59.6,78.2,17.2,Designer,Active,Critical,Underallocated,93.7
ALC003499,EMP0791,PRJ0134,CLI0007,2026-03-11,2026-06-08,168.2,105.1,137.9,30.3,PM,On Hold,High,Overallocated,81.3
ALC003500,EMP0201,PRJ0155,CLI0042,2026-05-05,2026-07-14,147.7,92.3,121.1,26.6,Tester,On Hold,Critical,Allocated,91.5
ALC003501,EMP0002,PRJ0110,CLI0054,2026-04-21,2026-05-26,70.2,43.9,57.6,12.6,Support,Completed,Critical,Underallocated,67.1
ALC003502,EMP0353,PRJ0174,CLI0032,2026-01-15,2026-05-02,72.8,45.5,59.7,13.1,Lead,Active,High,Underallocated,93.7
ALC003503,EMP0318,PRJ0128,CLI0044,2026-06-02,2026-08-16,115.2,72.0,94.5,20.7,Support,On Hold,Low,Allocated,90.1
ALC003504,EMP0148,PRJ0070,CLI0013,2026-02-13,2026-06-02,109.8,68.6,90.0,19.8,Tester,Completed,High,Allocated,76.9
ALC003505,EMP0312,PRJ0139,CLI0008,2026-02-07,2026-04-14,101.8,63.6,83.5,18.3,Developer,Completed,Low,Allocated,62.1
ALC003506,EMP0735,PRJ0077,CLI0025,2026-05-20,2026-07-29,95.8,59.9,78.6,17.2,Designer,On Hold,Critical,Underallocated,67.4
ALC003507,EMP0346,PRJ0095,CLI0017,2026-01-02,2026-02-07,88.5,55.3,72.6,15.9,Support,Completed,Medium,Underallocated,94.8
ALC003508,EMP0116,PRJ0155,CLI0042,2026-03-05,2026-06-22,202.2,126.4,165.8,36.4,Lead,Completed,High,Overallocated,94.9
ALC003509,EMP0334,PRJ0085,CLI0045,2026-05-21,2026-09-01,97.4,60.9,79.9,17.5,PM,On Hold,Critical,Allocated,80.8
ALC003510,EMP0344,PRJ0119,CLI0048,2026-03-12,2026-05-21,85.6,53.5,70.2,15.4,Analyst,Active,Medium,Underallocated,86.9
ALC003511,EMP0629,PRJ0082,CLI0013,2026-05-17,2026-08-18,132.2,82.6,108.4,23.8,PM,Active,Medium,Allocated,77.7
ALC003512,EMP0484,PRJ0017,CLI0050,2026-06-21,2026-09-27,108.0,67.5,88.6,19.4,Analyst,On Hold,Low,Allocated,71.9
ALC003513,EMP0732,PRJ0058,CLI0020,2026-03-15,2026-07-12,75.2,47.0,61.7,13.5,Developer,Completed,Medium,Underallocated,73.8
ALC003514,EMP0385,PRJ0001,CLI0057,2026-01-19,2026-05-30,101.9,63.7,83.6,18.3,Tester,Completed,Low,Allocated,68.7
ALC003515,EMP0099,PRJ0089,CLI0043,2026-02-21,2026-07-11,109.6,68.5,89.9,19.7,Analyst,Completed,High,Allocated,74.7
ALC003516,EMP0636,,CLI0060,2026-03-19,2026-05-06,129.3,,106.0,23.3,PM,Completed,Critical,Allocated,87.9
ALC003517,EMP0013,PRJ0135,CLI0022,2026-03-09,2026-05-19,124.5,77.8,102.1,22.4,Support,On Hold,Medium,Allocated,83.3
ALC003518,EMP0642,PRJ0136,CLI0003,2026-03-10,2026-07-20,71.4,44.6,58.5,12.9,Lead,On Hold,Critical,Underallocated,74.9
ALC003519,EMP0718,PRJ0136,CLI0003,2026-05-16,2026-06-30,136.3,85.2,111.8,24.5,Tester,Completed,Critical,Allocated,66.5
ALC003520,EMP0848,PRJ0110,CLI0054,2026-06-11,2026-09-21,147.7,92.3,121.1,26.6,Developer,Completed,High,Allocated,79.8
ALC003521,EMP0085,PRJ0125,CLI0019,2026-01-18,2026-03-24,69.0,43.1,56.6,12.4,Analyst,Active,Low,Underallocated,67.2
ALC003522,EMP0831,PRJ0050,CLI0039,2026-06-11,2026-07-07,,50.6,66.4,14.6,Designer,Completed,Critical,Underallocated,91.9
ALC003523,EMP0772,PRJ0011,CLI0024,2026-04-18,2026-05-16,105.0,65.6,86.1,18.9,Developer,On Hold,High,Allocated,83.1
ALC003524,EMP0629,PRJ0140,CLI0018,2026-03-02,2026-05-29,120.8,75.5,99.1,21.7,Designer,On Hold,Low,Allocated,61.9
ALC003525,EMP0664,PRJ0052,CLI0022,2026-02-13,2026-06-22,122.2,76.4,100.2,22.0,PM,On Hold,Low,Allocated,68.0
ALC003526,EMP0545,PRJ0177,CLI0053,2026-06-18,2026-09-01,110.2,68.9,90.4,19.8,Developer,Active,Low,Allocated,76.1
ALC003527,EMP0269,PRJ0007,CLI0040,2026-03-03,2026-03-29,54.7,34.2,44.9,9.8,Analyst,On Hold,Low,Underallocated,73.5
ALC003528,EMP0443,PRJ0120,CLI0028,2026-02-15,2026-03-22,152.5,95.3,125.0,27.4,Developer,On Hold,High,Allocated,64.5
ALC003529,EMP0124,PRJ0158,CLI0059,2026-04-05,2026-07-10,72.3,45.2,59.3,13.0,Analyst,Completed,Low,Underallocated,64.8
ALC003530,EMP0511,PRJ0123,CLI0039,2026-05-17,2026-07-24,166.1,103.8,136.2,29.9,PM,Active,Low,Overallocated,68.4
ALC003531,EMP0761,PRJ0108,CLI0055,2026-03-05,2026-04-11,158.7,99.2,130.1,28.6,Lead,Completed,Medium,Allocated,80.4
ALC003532,EMP0262,PRJ0072,CLI0030,2026-04-15,2026-06-02,67.5,42.2,55.3,12.2,PM,Active,High,Underallocated,84.1
ALC003533,EMP0378,PRJ0078,CLI0031,2026-02-05,2026-02-27,126.1,78.8,103.4,22.7,Designer,Completed,Critical,Allocated,60.1
ALC003534,EMP0420,PRJ0028,CLI0011,2026-04-01,2026-08-04,166.4,104.0,136.4,30.0,PM,Active,Critical,Overallocated,73.5
ALC003535,EMP0086,PRJ0122,CLI0010,2026-02-02,2026-04-08,135.5,84.7,111.1,24.4,Lead,Completed,Medium,Allocated,75.5
ALC003536,EMP0840,PRJ0133,CLI0044,2026-01-11,2026-03-03,44.2,27.6,36.2,8.0,PM,Active,Medium,Underallocated,65.4
ALC003537,EMP0827,PRJ0178,CLI0030,2026-05-19,2026-06-14,110.6,69.1,90.7,19.9,Support,Active,Low,Allocated,64.4
ALC003538,EMP0366,PRJ0067,CLI0015,2026-03-20,2026-05-26,145.3,90.8,119.1,26.2,Designer,Active,Critical,Allocated,77.3
ALC003539,EMP0266,PRJ0148,CLI0035,2026-04-17,2026-07-12,179.2,112.0,146.9,32.3,Lead,Active,High,Overallocated,91.2
ALC003540,EMP0526,PRJ0087,CLI0046,2026-05-03,2026-09-17,106.6,66.6,87.4,19.2,Support,Completed,Critical,Allocated,83.4
ALC003541,EMP0279,PRJ0088,CLI0011,2026-06-08,2026-09-16,45.3,28.3,37.1,8.2,Lead,Active,High,Underallocated,80.0
ALC003542,EMP0135,PRJ0125,CLI0019,2026-02-12,2026-03-13,199.5,124.7,163.6,35.9,Lead,Completed,Low,Overallocated,83.8
ALC003543,EMP0429,PRJ0117,CLI0006,2026-05-05,2026-06-28,107.0,66.9,87.7,19.3,Developer,Completed,Low,Allocated,70.3
ALC003544,EMP0236,PRJ0062,CLI0038,2026-01-17,2026-03-01,169.8,106.1,139.2,30.6,Lead,On Hold,Critical,Overallocated,91.2
ALC003545,EMP0147,PRJ0018,CLI0024,2026-06-09,2026-08-15,101.6,63.5,83.3,18.3,PM,On Hold,Critical,Allocated,69.6
ALC003546,EMP0635,PRJ0048,CLI0035,2026-01-01,2026-01-22,133.9,83.7,109.8,24.1,PM,Active,Low,Allocated,72.0
ALC003547,EMP0748,PRJ0057,CLI0043,2026-05-11,2026-09-06,84.6,52.9,69.4,15.2,Tester,Active,Medium,Underallocated,66.7
ALC003548,EMP0193,PRJ0011,CLI0024,2026-02-06,2026-07-06,85.3,53.3,69.9,15.4,Support,Active,High,Underallocated,93.7
ALC003549,EMP0182,PRJ0101,CLI0028,2026-05-10,2026-08-12,184.3,115.2,151.1,33.2,Lead,Active,High,Overallocated,73.7
ALC003550,EMP0292,PRJ0148,CLI0035,2026-03-01,2026-06-21,149.6,93.5,122.7,26.9,Analyst,On Hold,Low,Allocated,86.0
ALC003551,EMP0783,PRJ0003,CLI0041,2026-02-01,2026-06-27,110.9,69.3,90.9,20.0,Lead,Completed,Critical,Allocated,62.0
ALC003552,EMP0351,PRJ0030,CLI0043,2026-01-04,2026-06-03,149.4,93.4,122.5,26.9,PM,Active,Medium,Allocated,77.2
ALC003553,EMP0334,PRJ0161,CLI0056,2026-05-11,2026-10-08,85.0,53.1,69.7,15.3,PM,Completed,Critical,Underallocated,94.6
ALC003554,EMP0722,PRJ0096,CLI0056,2026-04-13,2026-05-14,112.0,70.0,91.8,20.2,Developer,On Hold,Critical,Allocated,61.3
ALC003555,EMP0012,PRJ0151,CLI0036,2026-06-07,2026-08-09,116.2,72.6,95.3,20.9,Developer,Completed,Critical,Allocated,66.6
ALC003556,EMP0409,PRJ0040,CLI0014,2026-05-02,2026-07-09,81.6,51.0,66.9,14.7,Developer,Completed,Medium,Underallocated,81.6
ALC003557,EMP0480,PRJ0024,CLI0041,2026-02-07,2026-06-16,76.5,47.8,62.7,13.8,Support,On Hold,Medium,Underallocated,92.0
ALC003558,EMP0491,PRJ0019,CLI0054,2026-05-13,2026-07-23,36.5,22.8,29.9,6.6,Developer,Completed,Medium,Underallocated,61.4
ALC003559,EMP0816,PRJ0037,CLI0057,2026-04-20,2026-06-14,73.3,45.8,60.1,13.2,Analyst,Completed,Low,Underallocated,89.0
ALC003560,EMP0127,PRJ0024,CLI0041,2026-02-19,2026-03-20,185.1,115.7,151.8,33.3,Designer,Active,High,Overallocated,73.7
ALC003561,EMP0246,PRJ0024,CLI0041,2026-02-01,2026-02-25,41.0,25.6,33.6,7.4,Support,Completed,Low,Underallocated,76.6
ALC003562,EMP0783,PRJ0003,CLI0041,2026-06-08,2026-07-20,110.6,69.1,90.7,19.9,Support,On Hold,Critical,Allocated,91.3
ALC003563,EMP0545,PRJ0098,CLI0044,2026-01-16,2026-03-03,118.1,73.8,96.8,21.3,Support,Active,Medium,Allocated,90.8
ALC003564,EMP0194,PRJ0136,CLI0003,2026-04-09,2026-05-22,102.1,63.8,83.7,18.4,Tester,Active,High,Allocated,62.9
ALC003565,EMP0590,PRJ0039,CLI0024,2026-03-07,2026-04-17,147.0,91.9,120.5,26.5,Designer,Active,Medium,Allocated,79.3
ALC003566,EMP0517,PRJ0133,CLI0044,2026-06-01,2026-07-10,101.0,63.1,82.8,18.2,Tester,On Hold,Low,Allocated,72.4
ALC003567,EMP0181,PRJ0102,CLI0043,2026-03-04,2026-05-28,150.1,93.8,123.1,27.0,Developer,Active,Critical,Allocated,80.4
ALC003568,EMP0812,PRJ0050,CLI0039,2026-03-15,2026-04-12,133.9,83.7,109.8,24.1,Tester,Active,Medium,Allocated,82.7
ALC003569,EMP0267,PRJ0142,CLI0026,2026-01-12,2026-02-03,57.9,36.2,47.5,10.4,Support,Completed,High,Underallocated,91.1
ALC003570,EMP0581,PRJ0071,CLI0036,2026-01-02,2026-01-23,158.4,99.0,129.9,28.5,Support,Completed,High,Allocated,85.6
ALC003571,EMP0014,PRJ0039,CLI0024,2026-05-08,2026-09-17,99.5,62.2,81.6,17.9,Designer,On Hold,Medium,Allocated,69.9
ALC003572,EMP0052,PRJ0014,CLI0026,2026-06-16,2026-09-30,40.3,25.2,33.0,7.3,Designer,Active,Critical,Underallocated,89.2
ALC003573,EMP0685,PRJ0172,CLI0044,2026-06-06,2026-10-23,130.9,81.8,107.3,23.6,Designer,Active,High,Allocated,78.0
ALC003574,EMP0338,PRJ0141,CLI0028,2026-06-07,2026-09-24,100.5,62.8,82.4,18.1,Tester,On Hold,High,Allocated,84.0
ALC003575,EMP0071,PRJ0078,CLI0031,2026-01-13,2026-05-22,177.1,110.7,145.2,31.9,Analyst,On Hold,High,Overallocated,62.6
ALC003576,EMP0229,PRJ0055,CLI0015,2026-05-02,2026-07-04,155.8,97.4,127.8,28.0,Tester,Completed,Low,Allocated,64.5
ALC003577,EMP0133,PRJ0093,CLI0012,2026-02-04,2026-04-21,75.8,47.4,62.2,13.6,Developer,Completed,Critical,Underallocated,66.4
ALC003578,EMP0842,PRJ0028,CLI0011,2026-05-15,2026-09-18,149.9,93.7,122.9,27.0,Lead,Active,Medium,Allocated,78.7
ALC003579,EMP0747,PRJ0140,CLI0018,2026-04-11,2026-07-24,84.2,52.6,69.0,15.2,Developer,Active,High,Underallocated,83.6
ALC003580,EMP0024,PRJ0095,CLI0017,2026-01-09,2026-02-06,45.8,28.6,37.6,8.2,Lead,Active,Low,Underallocated,66.6
ALC003581,EMP0600,PRJ0059,CLI0017,2026-05-16,2026-09-23,87.4,54.6,71.7,15.7,Lead,Completed,Medium,Underallocated,79.5
ALC003582,EMP0142,PRJ0104,CLI0018,2026-02-11,2026-03-12,58.9,36.8,48.3,10.6,Designer,Completed,Medium,Underallocated,74.7
ALC003583,EMP0279,PRJ0061,CLI0059,2026-06-03,2026-07-01,111.5,69.7,91.4,20.1,Designer,Completed,High,Allocated,83.6
ALC003584,EMP0793,PRJ0021,CLI0060,2026-05-10,2026-07-01,189.3,118.3,155.2,34.1,PM,Active,Medium,Overallocated,74.7
ALC003585,EMP0551,PRJ0043,CLI0043,2026-05-13,2026-08-19,115.2,72.0,94.5,20.7,Lead,On Hold,High,Allocated,67.3
ALC003586,EMP0280,PRJ0118,CLI0008,2026-04-10,2026-08-28,130.4,81.5,106.9,23.5,Analyst,Active,Low,Allocated,63.1
ALC003587,EMP0056,PRJ0058,CLI0020,2026-06-16,2026-09-26,71.8,44.9,58.9,12.9,PM,Completed,Low,Underallocated,76.1
ALC003588,EMP0132,PRJ0113,CLI0050,2026-02-15,2026-05-18,90.4,56.5,74.1,16.3,Lead,Completed,Low,Underallocated,89.8
ALC003589,EMP0489,PRJ0180,CLI0006,2026-06-01,2026-09-09,133.8,83.6,109.7,24.1,Developer,Completed,Low,Allocated,75.2
ALC003590,EMP0507,PRJ0112,CLI0006,2026-05-12,2026-10-03,109.3,68.3,89.6,19.7,Lead,Active,Medium,Allocated,80.8
ALC003591,EMP0290,PRJ0025,CLI0003,2026-02-13,2026-04-15,83.2,52.0,68.2,15.0,Designer,Active,Medium,Underallocated,62.1
ALC003592,EMP0003,PRJ0117,CLI0006,2026-06-01,2026-09-27,152.2,95.1,124.8,27.4,Lead,Active,Low,Allocated,64.7
ALC003593,EMP0270,PRJ0144,CLI0056,2026-02-16,2026-04-25,117.6,73.5,96.4,21.2,Designer,Active,High,Allocated,91.9
ALC003594,EMP0850,PRJ0160,CLI0057,2026-01-13,2026-04-25,194.2,121.4,159.2,35.0,Support,On Hold,Critical,Overallocated,62.6
ALC003595,EMP0030,PRJ0029,CLI0058,2026-06-20,2026-10-24,138.4,86.5,113.5,24.9,Tester,Active,Critical,Allocated,72.5
ALC003596,EMP0155,PRJ0099,CLI0038,2026-05-16,2026-10-01,66.6,41.6,54.6,12.0,Tester,Active,Medium,Underallocated,80.7
ALC003597,EMP0187,PRJ0032,CLI0053,2026-01-08,2026-03-04,116.6,72.9,95.6,21.0,PM,On Hold,High,Allocated,78.0
ALC003598,EMP0063,PRJ0121,CLI0015,2026-02-16,2026-03-14,63.8,39.9,52.3,11.5,Developer,On Hold,Critical,Underallocated,89.3
ALC003599,EMP0181,PRJ0039,CLI0024,2026-01-17,2026-05-20,192.2,120.1,157.6,34.6,Tester,Active,Critical,Overallocated,64.9
ALC003600,EMP0210,PRJ0104,CLI0018,2026-05-02,2026-07-25,72.5,45.3,59.4,13.0,Tester,On Hold,High,Underallocated,78.3
ALC003601,EMP0748,PRJ0057,CLI0043,2026-01-05,2026-04-09,156.6,97.9,128.4,28.2,Lead,Completed,High,Allocated,82.7
ALC003602,EMP0450,PRJ0125,CLI0019,2026-01-02,2026-04-26,150.2,93.9,123.2,27.0,Lead,On Hold,High,Allocated,93.7
ALC003603,EMP0388,PRJ0017,CLI0050,2026-01-05,2026-05-20,84.6,52.9,69.4,15.2,Lead,Active,Medium,Underallocated,94.0
ALC003604,EMP0041,PRJ0067,CLI0015,2026-01-07,2026-04-12,125.1,78.2,102.6,22.5,Designer,On Hold,Medium,Allocated,60.8
ALC003605,EMP0286,PRJ0054,CLI0021,2026-06-20,2026-07-15,122.2,76.4,100.2,22.0,Lead,Active,Medium,Allocated,93.2
ALC003606,EMP0366,PRJ0065,CLI0003,2026-03-14,2026-06-14,145.3,90.8,119.1,26.2,Designer,On Hold,Critical,Allocated,73.3
ALC003607,EMP0045,PRJ0133,CLI0044,2026-01-04,2026-04-22,119.0,74.4,97.6,21.4,Designer,Completed,High,Allocated,82.9
ALC003608,EMP0125,PRJ0173,CLI0012,2026-03-12,2026-07-29,85.3,53.3,69.9,15.4,Designer,On Hold,High,Underallocated,85.7
ALC003609,EMP0574,PRJ0034,CLI0045,2026-05-13,2026-08-11,134.4,84.0,110.2,24.2,Developer,On Hold,Medium,Allocated,87.3
ALC003610,EMP0609,PRJ0077,CLI0025,2026-02-14,2026-06-23,134.6,84.1,110.4,24.2,PM,On Hold,Critical,Allocated,60.7
ALC003611,EMP0739,PRJ0081,CLI0038,2026-05-14,2026-09-16,74.7,46.7,61.3,13.4,Support,Active,High,Underallocated,80.5
ALC003612,EMP0794,PRJ0112,CLI0006,2026-03-03,2026-07-19,19.8,12.4,16.2,3.6,Lead,On Hold,Low,Underallocated,91.2
ALC003613,EMP0019,PRJ0097,CLI0018,2026-02-19,2026-07-01,135.7,84.8,111.3,24.4,Developer,Active,Medium,Allocated,77.7
ALC003614,EMP0758,PRJ0092,CLI0007,2026-02-16,2026-06-27,126.9,79.3,104.1,22.8,PM,Active,Low,Allocated,80.1
ALC003615,EMP0282,PRJ0115,CLI0050,2026-03-07,2026-04-27,129.3,80.8,106.0,23.3,Lead,Completed,High,Allocated,83.6
ALC003616,EMP0010,PRJ0145,CLI0003,2026-05-04,2026-06-08,164.8,103.0,135.1,29.7,Analyst,Completed,Medium,Overallocated,73.8
ALC003617,EMP0175,PRJ0080,CLI0026,2026-05-04,2026-07-04,147.0,91.9,120.5,26.5,Lead,Completed,Low,Allocated,65.4
ALC003618,EMP0340,PRJ0054,CLI0021,2026-02-04,2026-07-03,163.7,102.3,134.2,29.5,Lead,On Hold,High,Overallocated,80.1
ALC003619,EMP0301,PRJ0019,CLI0054,2026-03-07,2026-07-09,143.4,89.6,117.6,25.8,Developer,Completed,Low,Allocated,80.9
ALC003620,EMP0264,PRJ0174,CLI0032,2026-05-15,2026-06-29,117.8,73.6,96.6,21.2,Developer,Active,High,Allocated,68.5
ALC003621,EMP0587,PRJ0101,CLI0028,2026-04-10,2026-09-04,62.9,39.3,51.6,11.3,Designer,On Hold,High,Underallocated,82.2
ALC003622,EMP0258,PRJ0081,CLI0038,2026-03-10,2026-08-05,173.6,108.5,142.4,31.2,Support,Completed,Low,Overallocated,87.2
ALC003623,EMP0681,PRJ0180,CLI0006,2026-06-20,2026-11-04,103.7,64.8,85.0,18.7,Designer,On Hold,Critical,Allocated,76.7
ALC003624,EMP0267,PRJ0115,CLI0050,2026-06-02,2026-09-17,87.8,54.9,72.0,15.8,Designer,Active,Low,Underallocated,62.2
ALC003625,EMP0305,PRJ0109,CLI0010,2026-05-10,2026-06-10,137.4,85.9,112.7,24.7,PM,On Hold,Critical,Allocated,92.0
ALC003626,EMP0794,PRJ0055,CLI0015,2026-01-09,2026-02-20,38.6,24.1,31.7,6.9,Developer,Completed,High,Underallocated,70.7
ALC003627,EMP0832,PRJ0042,CLI0026,2026-01-15,2026-03-22,82.4,51.5,67.6,14.8,Analyst,On Hold,Low,Underallocated,67.0
ALC003628,EMP0237,PRJ0075,CLI0033,2026-05-19,2026-07-03,86.9,54.3,71.3,15.6,Lead,On Hold,Critical,Underallocated,73.9
ALC003629,EMP0397,PRJ0061,CLI0059,2026-01-16,2026-03-05,85.8,53.6,70.4,15.4,PM,Active,High,Underallocated,79.7
ALC003630,EMP0123,PRJ0007,CLI0040,2026-04-12,2026-07-30,189.4,118.4,155.3,34.1,Designer,On Hold,High,Overallocated,60.3
ALC003631,EMP0023,PRJ0137,CLI0012,2026-04-21,2026-08-16,108.6,67.9,89.1,19.5,Designer,Active,Critical,Allocated,78.3
ALC003632,EMP0747,PRJ0016,CLI0049,2026-02-13,2026-06-14,86.4,54.0,70.8,15.6,Tester,Active,Low,Underallocated,62.2
ALC003633,EMP0358,PRJ0076,CLI0055,2026-02-13,2026-06-15,110.1,68.8,90.3,19.8,Lead,Completed,Critical,Allocated,93.9
ALC003634,EMP0150,PRJ0060,CLI0022,2026-03-09,2026-07-22,146.1,91.3,119.8,26.3,Analyst,Active,Critical,Allocated,82.5
ALC003635,EMP0167,PRJ0142,CLI0026,2026-06-19,2026-09-18,35.7,22.3,29.3,6.4,Tester,Active,Low,Underallocated,85.4
ALC003636,EMP0410,PRJ0075,CLI0033,2026-02-16,2026-04-09,116.6,72.9,95.6,21.0,Developer,Completed,High,Allocated,60.6
ALC003637,EMP0228,PRJ0019,CLI0054,2026-04-20,2026-05-16,93.9,58.7,77.0,16.9,Support,On Hold,Medium,Underallocated,61.0
ALC003638,EMP0689,PRJ0066,CLI0051,2026-02-18,2026-03-13,122.7,76.7,100.6,22.1,Designer,Active,Critical,Allocated,77.5
ALC003639,EMP0403,PRJ0117,CLI0006,2026-01-04,2026-05-29,66.2,41.4,54.3,11.9,Developer,Active,Medium,Underallocated,65.9
ALC003640,EMP0831,PRJ0167,CLI0027,2026-02-20,2026-07-14,104.8,65.5,85.9,18.9,Analyst,Active,Medium,Allocated,70.9
ALC003641,EMP0814,PRJ0023,CLI0035,2026-03-01,2026-07-24,106.6,66.6,87.4,19.2,PM,Completed,Medium,Allocated,91.5
ALC003642,EMP0124,PRJ0025,CLI0003,2026-02-07,2026-06-26,61.1,38.2,50.1,11.0,Lead,Active,High,Underallocated,74.6
ALC003643,EMP0104,PRJ0156,CLI0002,2026-05-15,2026-09-18,186.6,116.6,153.0,33.6,Developer,Active,High,Overallocated,90.5
ALC003644,EMP0284,PRJ0014,CLI0026,2026-03-09,2026-05-12,128.6,80.4,105.5,23.1,PM,Completed,Medium,Allocated,76.2
ALC003645,EMP0038,PRJ0132,CLI0013,2026-05-20,2026-07-09,148.8,93.0,122.0,26.8,Developer,On Hold,Medium,Allocated,64.8
ALC003646,EMP0296,PRJ0126,CLI0060,2026-03-18,2026-06-10,97.9,61.2,80.3,17.6,Developer,On Hold,High,Allocated,67.3
ALC003647,EMP0574,PRJ0158,CLI0059,2026-04-02,2026-07-18,120.6,75.4,98.9,21.7,Developer,Completed,High,Allocated,73.1
ALC003648,EMP0547,PRJ0053,CLI0011,2026-06-13,2026-10-03,64.0,40.0,52.5,11.5,Developer,On Hold,Medium,Underallocated,71.5
ALC003649,EMP0199,PRJ0055,CLI0015,2026-02-21,2026-07-07,86.4,54.0,70.8,15.6,Developer,Active,High,Underallocated,78.8
ALC003650,EMP0352,PRJ0157,CLI0044,2026-02-14,2026-06-09,76.0,47.5,62.3,13.7,Analyst,On Hold,Critical,Underallocated,77.4
ALC003651,EMP0752,PRJ0027,CLI0004,2026-04-06,2026-08-04,123.8,77.4,101.5,22.3,Support,Completed,High,Allocated,90.2
ALC003652,EMP0369,PRJ0141,CLI0028,2026-01-17,2026-05-05,180.3,,147.8,32.5,Analyst,Active,Low,Overallocated,79.0
ALC003653,EMP0706,PRJ0128,CLI0044,2026-06-19,2026-09-09,148.2,92.6,121.5,26.7,Lead,On Hold,High,Allocated,86.1
ALC003654,EMP0245,PRJ0110,CLI0054,2026-06-16,2026-11-09,184.5,115.3,151.3,33.2,Lead,Completed,Critical,Overallocated,61.1
ALC003655,EMP0744,PRJ0106,CLI0041,2026-06-16,2026-08-25,143.7,89.8,117.8,25.9,Designer,Active,High,Allocated,78.8
ALC003656,EMP0420,PRJ0076,CLI0055,2026-06-13,2026-10-31,128.8,,105.6,23.2,Tester,Completed,Low,Allocated,81.8
ALC003657,EMP0695,PRJ0114,CLI0043,2026-06-13,2026-07-17,75.0,46.9,61.5,13.5,Support,On Hold,Low,Underallocated,77.1
ALC003658,EMP0414,PRJ0172,CLI0044,2026-04-15,2026-06-19,125.0,78.1,102.5,22.5,Analyst,Active,Low,Allocated,67.1
ALC003659,EMP0552,PRJ0148,CLI0035,2026-03-21,2026-04-15,93.0,58.1,76.3,16.7,Designer,Completed,Medium,Underallocated,68.7
ALC003660,EMP0838,PRJ0055,CLI0015,2026-05-16,2026-08-29,145.3,90.8,119.1,26.2,Developer,On Hold,Medium,Allocated,75.2
ALC003661,EMP0136,PRJ0018,CLI0024,2026-01-15,2026-05-04,57.6,36.0,47.2,10.4,Tester,Completed,High,Underallocated,61.3
ALC003662,EMP0345,PRJ0139,CLI0008,2026-03-04,2026-05-13,107.7,67.3,88.3,19.4,Developer,Completed,High,Allocated,77.5
ALC003663,EMP0519,,CLI0017,2026-06-08,2026-10-08,112.6,70.4,92.3,20.3,Designer,Completed,Low,Allocated,66.1
ALC003664,EMP0837,PRJ0083,CLI0032,2026-05-16,2026-07-16,183.5,114.7,150.5,33.0,PM,Completed,Low,Overallocated,87.9
ALC003665,EMP0483,PRJ0172,CLI0044,2026-01-02,2026-05-04,71.0,44.4,58.2,12.8,Analyst,On Hold,High,Underallocated,68.0
ALC003666,EMP0535,PRJ0083,CLI0032,2026-05-04,2026-06-09,158.7,99.2,130.1,28.6,Designer,Active,High,Allocated,93.0
ALC003667,EMP0019,PRJ0067,CLI0015,2026-04-15,2026-08-19,145.0,90.6,118.9,26.1,Lead,Active,High,Allocated,93.2
ALC003668,EMP0702,PRJ0066,CLI0051,2026-06-16,2026-11-11,101.8,63.6,83.5,18.3,Analyst,Completed,Low,Allocated,84.2
ALC003669,EMP0646,PRJ0042,CLI0026,2026-06-14,2026-11-07,128.3,80.2,105.2,23.1,PM,Completed,Critical,Allocated,88.5
ALC003670,EMP0122,PRJ0010,CLI0035,2026-01-09,2026-03-13,102.1,63.8,83.7,18.4,Lead,Completed,Critical,Allocated,78.3
ALC003671,EMP0398,PRJ0163,CLI0044,2026-02-19,2026-05-31,112.6,70.4,92.3,20.3,Lead,On Hold,Low,Allocated,85.7
ALC003672,EMP0725,PRJ0169,CLI0060,2026-05-17,2026-09-10,142.1,88.8,116.5,25.6,Lead,On Hold,Medium,Allocated,61.4
ALC003673,EMP0554,,CLI0056,2026-03-13,2026-04-11,213.8,133.6,175.3,38.5,Lead,On Hold,Low,Overallocated,73.2
ALC003674,EMP0476,PRJ0175,CLI0054,2026-06-09,2026-07-13,150.6,94.1,123.5,27.1,Support,Completed,Medium,Allocated,73.9
ALC003675,EMP0772,PRJ0089,CLI0043,2026-03-18,2026-06-07,121.9,76.2,100.0,21.9,Developer,Completed,Critical,Allocated,70.3
ALC003676,EMP0073,PRJ0060,CLI0022,2026-03-15,2026-07-15,169.0,105.6,138.6,30.4,Designer,On Hold,Medium,Overallocated,83.4
ALC003677,EMP0679,PRJ0139,CLI0008,2026-06-17,2026-10-15,55.2,34.5,45.3,9.9,PM,Active,Low,Underallocated,88.3
ALC003678,EMP0052,PRJ0175,CLI0054,2026-05-03,2026-07-03,95.8,59.9,78.6,17.2,Support,On Hold,High,Underallocated,85.1
ALC003679,EMP0333,PRJ0094,CLI0008,2026-02-04,2026-06-07,114.7,71.7,94.1,20.6,Support,On Hold,Low,Allocated,69.6
ALC003680,EMP0268,PRJ0129,CLI0019,2026-02-18,2026-05-09,70.4,44.0,57.7,12.7,Lead,On Hold,Low,Underallocated,76.8
ALC003681,EMP0753,PRJ0068,CLI0059,2026-06-01,2026-06-27,90.4,56.5,74.1,16.3,Support,Active,Low,Underallocated,75.0
ALC003682,EMP0109,PRJ0145,CLI0003,2026-06-05,2026-08-08,45.8,28.6,37.6,8.2,Tester,On Hold,Medium,Underallocated,66.8
ALC003683,EMP0545,PRJ0072,CLI0030,2026-06-07,2026-08-14,60.8,38.0,49.9,10.9,Support,On Hold,High,Underallocated,66.2
ALC003684,EMP0629,PRJ0131,CLI0009,2026-01-16,2026-05-29,102.2,63.9,83.8,18.4,Designer,Active,Medium,Allocated,92.1
ALC003685,EMP0649,PRJ0043,CLI0043,2026-03-10,2026-06-29,74.4,46.5,61.0,13.4,Tester,Completed,Critical,Underallocated,80.4
ALC003686,EMP0833,PRJ0152,CLI0005,2026-06-15,2026-10-07,128.8,80.5,105.6,23.2,PM,Completed,Medium,Allocated,79.5
ALC003687,EMP0580,PRJ0115,CLI0050,2026-04-01,2026-08-03,122.7,76.7,100.6,22.1,Designer,On Hold,Critical,Allocated,61.7
ALC003688,EMP0116,PRJ0115,CLI0050,2026-03-13,2026-05-09,126.2,78.9,103.5,22.7,Support,On Hold,Low,Allocated,65.6
ALC003689,EMP0190,PRJ0172,CLI0044,2026-02-01,2026-03-01,91.8,57.4,75.3,16.5,Lead,Active,Medium,Underallocated,73.5
ALC003690,EMP0502,PRJ0179,CLI0012,2026-02-14,2026-03-16,155.4,,127.4,28.0,Lead,Completed,Critical,Allocated,82.3
ALC003691,EMP0678,PRJ0079,CLI0059,2026-02-19,2026-05-25,132.0,82.5,108.2,23.8,Lead,On Hold,Critical,Allocated,71.3
ALC003692,EMP0694,PRJ0142,CLI0026,2026-02-09,2026-05-17,121.0,75.6,99.2,21.8,Analyst,On Hold,Low,Allocated,78.6
ALC003693,EMP0068,PRJ0161,CLI0056,2026-06-16,2026-11-01,121.3,75.8,99.5,21.8,Analyst,Active,Medium,Allocated,74.0
ALC003694,EMP0199,PRJ0025,CLI0003,2026-06-18,2026-09-16,103.7,,85.0,18.7,Designer,Completed,High,Allocated,81.3
ALC003695,EMP0424,PRJ0071,CLI0036,2026-01-01,2026-04-27,164.8,103.0,135.1,29.7,Support,On Hold,Critical,Overallocated,83.2
ALC003696,EMP0480,PRJ0041,CLI0044,2026-04-12,2026-07-28,157.6,98.5,129.2,28.4,Designer,Completed,High,Allocated,73.8
ALC003697,EMP0163,PRJ0150,CLI0003,2026-04-17,2026-07-23,97.4,60.9,79.9,17.5,Designer,Completed,Low,Allocated,79.2
ALC003698,EMP0473,PRJ0033,CLI0030,2026-04-20,2026-06-20,118.6,74.1,97.3,21.3,Support,Completed,Medium,Allocated,69.8
ALC003699,EMP0491,PRJ0103,CLI0001,2026-03-20,2026-08-13,96.2,60.1,78.9,17.3,Support,Active,Critical,Allocated,64.9
ALC003700,EMP0048,PRJ0125,CLI0019,2026-05-18,2026-09-28,210.6,131.6,172.7,37.9,Analyst,Completed,Low,Overallocated,94.6
ALC003701,EMP0604,PRJ0175,CLI0054,2026-05-20,2026-08-27,101.8,63.6,83.5,18.3,Designer,Active,Critical,Allocated,68.8
ALC003702,EMP0828,PRJ9999,CLI0056,2026-04-11,2026-08-20,159.8,99.9,131.0,28.8,PM,Completed,Critical,Allocated,85.1
ALC003703,EMP0738,PRJ0155,CLI0042,2026-02-16,2026-06-18,219.2,137.0,179.7,39.5,Designer,On Hold,High,Overallocated,90.5
ALC003704,EMP0126,PRJ0120,CLI0028,2026-03-07,2026-06-07,124.6,77.9,102.2,22.4,PM,Completed,Critical,Allocated,77.7
ALC003705,EMP0514,PRJ0177,CLI0053,2026-06-15,2026-10-05,42.4,26.5,34.8,7.6,Lead,Active,High,Underallocated,67.7
ALC003706,EMP0672,PRJ0084,CLI0016,2026-03-15,2026-04-12,172.5,107.8,141.4,31.0,Developer,On Hold,High,Overallocated,80.8
ALC003707,EMP0844,PRJ0110,CLI0054,2026-03-18,2026-04-19,91.5,57.2,75.0,16.5,Designer,Completed,Low,Underallocated,63.5
ALC003708,EMP0025,PRJ0082,CLI0013,2026-04-14,2026-07-31,84.5,52.8,69.3,15.2,Lead,Active,Critical,Underallocated,74.0
ALC003709,EMP0104,PRJ0022,CLI0037,2026-02-16,2026-05-19,183.2,114.5,150.2,33.0,Analyst,Active,Critical,Overallocated,78.4
ALC003710,EMP0746,PRJ0137,CLI0012,2026-05-16,2026-08-31,60.0,37.5,49.2,10.8,Tester,Completed,Low,Underallocated,64.5
ALC003711,EMP0194,PRJ0106,CLI0041,2026-04-08,2026-08-21,169.4,105.9,138.9,30.5,Tester,Active,High,Overallocated,87.3
ALC003712,EMP0626,PRJ0037,CLI0057,2026-04-06,2026-06-23,103.0,64.4,84.5,18.5,Support,Active,Critical,Allocated,83.6
ALC003713,EMP0150,PRJ0008,CLI0052,2026-02-12,2026-04-17,37.9,23.7,31.1,6.8,PM,Active,High,Underallocated,66.9
ALC003714,EMP0423,PRJ0144,CLI0056,2026-06-21,2026-09-10,147.4,92.1,120.9,26.5,Developer,Completed,High,Allocated,84.2
ALC003715,EMP0339,PRJ0040,CLI0014,2026-03-05,2026-07-26,21.9,13.7,18.0,3.9,PM,Completed,Low,Underallocated,85.7
ALC003716,EMP0684,PRJ0151,CLI0036,2026-05-05,2026-06-03,110.2,68.9,90.4,19.8,Analyst,Active,Low,Allocated,85.2
ALC003717,EMP0841,PRJ0115,CLI0050,2026-04-20,2026-07-01,46.6,29.1,38.2,8.4,Lead,Active,Critical,Underallocated,61.0
ALC003718,EMP0355,PRJ0103,CLI0001,2026-05-05,2026-06-12,98.9,61.8,81.1,17.8,Analyst,On Hold,High,Allocated,63.8
ALC003719,EMP0707,PRJ0124,CLI0045,2026-04-10,2026-06-26,139.8,87.4,114.6,25.2,Developer,On Hold,Low,Allocated,74.3
ALC003720,EMP0629,PRJ0170,CLI0032,2026-06-15,2026-07-10,129.0,80.6,105.8,23.2,Analyst,Completed,Medium,Allocated,94.9
ALC003721,EMP0244,PRJ0167,CLI0027,2026-05-02,2026-07-15,120.3,75.2,98.6,21.7,Lead,Completed,Low,Allocated,85.4
ALC003722,EMP0788,PRJ0028,CLI0011,2026-06-10,2026-10-09,152.3,95.2,124.9,27.4,Analyst,Completed,Medium,Allocated,63.7
ALC003723,EMP0833,PRJ0119,CLI0048,2026-04-16,2026-08-05,112.0,70.0,91.8,20.2,Developer,Active,Medium,Allocated,83.9
ALC003724,EMP0165,PRJ0036,CLI0045,2026-06-20,2026-10-01,103.4,64.6,84.8,18.6,Tester,On Hold,Low,Allocated,60.6
ALC003725,EMP0619,PRJ0011,CLI0024,2026-03-18,2026-08-15,123.4,77.1,101.2,22.2,Designer,Active,Medium,Allocated,80.6
ALC003726,EMP0400,PRJ0098,CLI0044,2026-06-14,2026-07-31,85.6,53.5,70.2,15.4,Support,Active,Low,Underallocated,74.8
ALC003727,EMP0198,PRJ0059,CLI0017,2026-04-02,2026-07-28,146.6,91.6,120.2,26.4,Tester,On Hold,Medium,Allocated,72.9
ALC003728,EMP0743,PRJ0049,CLI0043,2026-03-02,2026-05-13,114.9,71.8,94.2,20.7,Tester,Completed,High,Allocated,78.5
ALC003729,EMP0010,PRJ0019,CLI0054,2026-03-13,2026-06-24,140.6,87.9,115.3,25.3,Developer,Completed,Low,Allocated,90.7
ALC003730,EMP0534,PRJ0153,CLI0030,2026-01-01,2026-04-04,105.0,65.6,86.1,18.9,Lead,Completed,Critical,Allocated,74.7
ALC003731,EMP0014,PRJ0135,CLI0022,2026-01-19,2026-03-17,132.0,82.5,108.2,23.8,Analyst,On Hold,Low,Allocated,62.3
ALC003732,EMP0376,PRJ0131,CLI0009,2026-03-15,2026-07-30,138.6,86.6,113.7,24.9,Designer,Completed,Medium,Allocated,91.4
ALC003733,EMP0247,PRJ0146,CLI0006,2026-03-16,2026-05-07,31.2,19.5,25.6,5.6,Lead,Completed,High,Underallocated,85.9
ALC003734,EMP0043,PRJ0155,CLI0042,2026-06-09,2026-11-05,53.6,33.5,44.0,9.6,Analyst,Active,High,Underallocated,73.1
ALC003735,EMP0072,PRJ0011,CLI0024,2026-05-02,2026-08-18,89.6,56.0,73.5,16.1,Designer,Active,Critical,Underallocated,74.4
ALC003736,EMP0714,PRJ0113,CLI0050,2026-06-15,2026-08-24,106.7,66.7,87.5,19.2,Tester,Completed,Medium,Allocated,85.6
ALC003737,EMP0571,PRJ0024,CLI0041,2026-02-03,2026-05-31,163.0,101.9,133.7,29.3,Analyst,On Hold,Low,Overallocated,72.7
ALC003738,EMP0629,PRJ0026,CLI0019,2026-01-18,2026-04-29,130.1,81.3,106.7,23.4,PM,Completed,High,Allocated,78.3
ALC003739,EMP0049,PRJ0152,CLI0005,2026-02-09,2026-04-16,133.0,83.1,109.1,23.9,Lead,Active,Low,Allocated,86.7
ALC003740,EMP0447,PRJ0010,CLI0035,2026-03-14,2026-06-25,173.6,108.5,142.4,31.2,Support,Active,Low,Overallocated,70.9
ALC003741,EMP0843,PRJ0082,CLI0013,2026-01-10,2026-04-14,,104.4,136.9,30.1,Support,Active,Critical,Overallocated,66.6
ALC003742,EMP0376,PRJ0004,CLI0056,2026-02-20,2026-04-11,71.7,44.8,58.8,12.9,Developer,On Hold,Medium,Underallocated,90.4
ALC003743,EMP0843,PRJ0048,CLI0035,2026-01-15,2026-02-23,161.3,100.8,132.3,29.0,Developer,Completed,Critical,Overallocated,90.2
ALC003744,EMP0042,PRJ0094,CLI0008,2026-05-13,2026-07-06,116.2,72.6,95.3,20.9,Tester,Completed,High,Allocated,60.8
ALC003745,EMP0115,PRJ0090,CLI0041,2026-02-08,2026-04-21,91.4,57.1,74.9,16.5,Developer,On Hold,Medium,Underallocated,65.7
ALC003746,EMP0255,PRJ0073,CLI0016,2026-01-16,2026-03-21,100.3,62.7,82.2,18.1,Lead,Active,High,Allocated,72.9
ALC003747,EMP0366,,CLI0008,2026-05-14,2026-09-21,87.0,54.4,71.3,15.7,PM,Active,Medium,Underallocated,60.5
ALC003748,EMP0510,PRJ0115,CLI0050,2026-01-19,2026-04-14,117.6,73.5,96.4,21.2,Designer,Completed,Low,Allocated,67.1
ALC003749,EMP0103,PRJ0080,CLI0026,2026-01-16,2026-05-12,108.6,67.9,89.1,19.5,Tester,On Hold,High,Allocated,62.7
ALC003750,EMP0528,PRJ0121,CLI0015,2026-03-05,2026-03-25,161.4,100.9,132.3,29.1,Developer,Active,Medium,Overallocated,77.9
ALC003751,EMP0746,PRJ0040,CLI0014,2026-03-06,2026-05-01,189.3,118.3,155.2,34.1,PM,On Hold,Low,Overallocated,73.8
ALC003752,EMP0696,PRJ0018,CLI0024,2026-01-15,2026-06-03,95.8,59.9,78.6,17.2,Support,On Hold,Medium,Underallocated,66.1
ALC003753,EMP0242,PRJ0108,CLI0055,2026-02-10,2026-06-08,60.2,37.6,49.4,10.8,Tester,Completed,Critical,Underallocated,78.7
ALC003754,EMP0122,PRJ0015,CLI0015,2026-06-08,2026-08-21,138.7,86.7,113.7,25.0,Developer,Active,Medium,Allocated,63.5
ALC003755,EMP0625,PRJ0060,CLI0022,2026-04-11,2026-06-30,149.6,93.5,122.7,26.9,Tester,Completed,Low,Allocated,89.9
ALC003756,EMP0593,PRJ0106,CLI0041,2026-06-09,2026-07-29,127.2,79.5,104.3,22.9,Lead,On Hold,Medium,Allocated,84.8
ALC003757,EMP0256,PRJ0152,CLI0005,2026-01-03,2026-02-23,50.4,31.5,41.3,9.1,Support,Completed,Medium,Underallocated,90.5
ALC003758,EMP0426,PRJ0123,CLI0039,2026-04-10,2026-07-14,80.3,50.2,65.8,14.5,Designer,Completed,Medium,Underallocated,62.3
ALC003759,EMP0276,PRJ0025,CLI0003,2026-05-05,2026-08-20,117.9,73.7,96.7,21.2,Analyst,On Hold,Critical,Allocated,92.6
ALC003760,EMP0621,PRJ0088,CLI0011,2026-04-09,2026-07-19,87.4,54.6,71.7,15.7,Analyst,Active,Critical,Underallocated,65.2
ALC003761,EMP0175,PRJ0091,CLI0026,2026-06-08,2026-11-01,72.2,45.1,59.2,13.0,Tester,Active,Low,Underallocated,83.6
ALC003762,EMP0674,PRJ0174,CLI0032,2026-04-07,2026-04-30,197.8,123.6,162.2,35.6,Support,On Hold,High,Overallocated,89.0
ALC003763,EMP0607,PRJ0003,CLI0041,2026-02-19,2026-06-06,72.0,45.0,59.0,13.0,Designer,On Hold,Critical,Underallocated,73.4
ALC003764,EMP0726,PRJ0022,CLI0037,2026-06-07,2026-10-02,160.3,100.2,131.4,28.9,Analyst,On Hold,High,Overallocated,86.7
ALC003765,EMP0742,PRJ0088,CLI0011,2026-05-14,2026-10-03,128.5,80.3,105.4,23.1,Tester,Active,Medium,Allocated,65.5
ALC003766,EMP0688,PRJ0013,CLI0048,2026-02-05,2026-03-14,136.3,85.2,111.8,24.5,Support,Completed,Critical,Allocated,90.8
ALC003767,EMP0746,PRJ0170,CLI0032,2026-01-21,2026-04-19,157.4,98.4,129.1,28.3,Designer,Active,Medium,Allocated,89.4
ALC003768,EMP0125,PRJ0019,CLI0054,2026-01-15,2026-04-15,84.5,52.8,69.3,15.2,Developer,On Hold,Critical,Underallocated,62.7
ALC003769,EMP0356,PRJ0152,CLI0005,2026-04-17,2026-07-04,100.0,62.5,82.0,18.0,Developer,Completed,Medium,Allocated,67.3
ALC003770,EMP0022,PRJ0144,CLI0056,2026-04-11,2026-06-28,130.9,81.8,107.3,23.6,Tester,Active,Critical,Allocated,94.1
ALC003771,EMP0547,PRJ0145,CLI0003,2026-01-09,2026-06-06,38.1,23.8,31.2,6.9,Analyst,Completed,Low,Underallocated,64.1
ALC003772,EMP0613,PRJ0036,CLI0045,2026-04-17,2026-08-20,177.9,111.2,145.9,32.0,PM,Active,Medium,Overallocated,83.8
ALC003773,EMP0111,PRJ0032,CLI0053,2026-01-16,2026-02-08,116.6,72.9,95.6,21.0,Analyst,Active,Low,Allocated,71.4
ALC003774,EMP0132,PRJ0060,CLI0022,2026-03-13,2026-05-11,74.4,46.5,61.0,13.4,Analyst,Completed,Low,Underallocated,79.8
ALC003775,EMP0513,PRJ0089,CLI0043,2026-01-19,2026-03-07,155.7,97.3,127.7,28.0,Tester,Active,High,Allocated,87.9
ALC003776,EMP0734,PRJ0002,CLI0046,2026-02-10,2026-04-22,115.7,72.3,94.9,20.8,Analyst,Active,Low,Allocated,93.9
ALC003777,EMP0301,PRJ0081,CLI0038,2026-04-20,2026-07-26,83.2,52.0,68.2,15.0,Support,Completed,Critical,Underallocated,89.8
ALC003778,EMP0354,PRJ0139,CLI0008,2026-06-14,2026-08-17,149.8,93.6,122.8,27.0,PM,Completed,Low,Allocated,66.1
ALC003779,EMP0803,PRJ0037,CLI0057,2026-01-20,2026-05-30,19.0,11.9,15.6,3.4,Designer,Completed,Low,Underallocated,94.6
ALC003780,EMP0269,PRJ0036,CLI0045,2026-06-03,2026-09-21,128.8,80.5,105.6,23.2,PM,On Hold,Critical,Allocated,74.6
ALC003781,EMP0795,PRJ0137,CLI0012,2026-01-05,2026-03-24,164.5,102.8,134.9,29.6,Analyst,Active,Low,Overallocated,83.1
ALC003782,EMP0800,PRJ0133,CLI0044,2026-03-09,2026-06-13,78.7,49.2,64.5,14.2,Tester,Completed,Low,Underallocated,84.4
ALC003783,EMP0837,PRJ0001,CLI0057,2026-02-07,2026-04-15,60.8,38.0,49.9,10.9,PM,Completed,Medium,Underallocated,88.7
ALC003784,EMP0277,PRJ0062,CLI0038,2026-06-09,2026-08-15,129.0,80.6,105.8,23.2,Designer,Active,High,Allocated,89.4
ALC003785,EMP0417,PRJ0178,CLI0030,2026-01-08,2026-05-13,85.0,53.1,69.7,15.3,Tester,On Hold,Low,Underallocated,82.7
ALC003786,EMP0132,PRJ0034,CLI0045,2026-05-19,2026-06-10,201.9,126.2,165.6,36.3,PM,On Hold,Critical,Overallocated,68.4
ALC003787,EMP0163,PRJ0151,CLI0036,2026-05-11,2026-06-03,90.7,56.7,74.4,16.3,Lead,Active,Low,Underallocated,77.8
ALC003788,EMP0306,PRJ0117,CLI0006,2026-02-08,2026-03-25,104.2,65.1,85.4,18.8,Tester,Active,High,Allocated,66.6
ALC003789,EMP0190,PRJ0091,CLI0026,2026-01-17,2026-03-30,132.8,83.0,108.9,23.9,PM,Completed,Medium,Allocated,85.2
ALC003790,EMP0227,PRJ0089,CLI0043,2026-01-09,2026-03-26,39.2,24.5,32.1,7.1,Designer,Completed,Low,Underallocated,94.3
ALC003791,EMP0817,PRJ0081,CLI0038,2026-01-17,2026-03-10,114.4,71.5,93.8,20.6,Lead,Completed,Medium,Allocated,64.4
ALC003792,EMP0351,PRJ0164,CLI0018,2026-06-15,2026-09-25,156.8,98.0,128.6,28.2,Designer,Active,High,Allocated,94.9
ALC003793,EMP0406,PRJ0163,CLI0044,2026-06-03,2026-09-26,108.8,68.0,89.2,19.6,Developer,Completed,Critical,Allocated,73.4
ALC003794,EMP0319,PRJ0133,CLI0044,2026-03-06,2026-06-08,66.1,41.3,54.2,11.9,Analyst,On Hold,Critical,Underallocated,82.3
ALC003795,EMP0100,PRJ0079,CLI0059,2026-04-04,2026-06-05,94.6,59.1,77.6,17.0,Developer,Active,Medium,Underallocated,87.5
ALC003796,EMP0275,PRJ0110,CLI0054,2026-06-14,2026-08-20,35.4,22.1,29.0,6.4,Designer,Active,Critical,Underallocated,75.8
ALC003797,EMP0199,PRJ0035,CLI0016,2026-04-03,2026-06-07,100.3,62.7,82.2,18.1,Lead,On Hold,Critical,Allocated,68.2
ALC003798,EMP0818,PRJ0026,CLI0019,2026-03-17,2026-07-26,156.5,97.8,128.3,28.2,Analyst,Completed,Low,Allocated,82.2
ALC003799,EMP0164,PRJ0173,CLI0012,2026-06-01,2026-10-10,87.0,54.4,71.3,15.7,Lead,On Hold,Low,Underallocated,86.8
ALC003800,EMP0631,PRJ0073,CLI0016,2026-06-14,2026-07-30,140.0,87.5,114.8,25.2,Tester,Active,Medium,Allocated,80.7
ALC003801,EMP0361,PRJ0103,CLI0001,2026-05-06,2026-09-29,52.6,32.9,43.1,9.5,Support,Active,Low,Underallocated,85.6
ALC003802,EMP0655,PRJ0068,CLI0059,2026-06-08,2026-09-22,187.2,117.0,153.5,33.7,PM,Completed,Medium,Overallocated,74.9
ALC003803,EMP0236,PRJ0153,CLI0030,2026-05-18,2026-08-14,157.3,98.3,129.0,28.3,Lead,Active,Low,Allocated,76.0
ALC003804,EMP0834,PRJ0030,CLI0043,2026-06-14,2026-09-20,92.3,57.7,75.7,16.6,PM,On Hold,High,Underallocated,63.3
ALC003805,EMP0827,PRJ0137,CLI0012,2026-03-02,2026-04-02,59.0,36.9,48.4,10.6,Lead,Completed,Medium,Underallocated,60.1
ALC003806,EMP0155,PRJ0113,CLI0050,2026-03-05,2026-06-07,91.7,57.3,75.2,16.5,Tester,Completed,Low,Underallocated,88.3
ALC003807,EMP0756,PRJ0164,CLI0018,2026-03-21,2026-06-13,123.2,77.0,101.0,22.2,PM,Active,Critical,Allocated,87.2
ALC003808,EMP0408,PRJ0009,CLI0015,2026-04-14,2026-08-21,155.5,97.2,127.5,28.0,Developer,Completed,Critical,Allocated,72.6
ALC003809,EMP0661,PRJ0095,CLI0017,2026-03-19,2026-05-13,27.5,17.2,22.5,5.0,Designer,On Hold,Critical,Underallocated,81.1
ALC003810,EMP0020,PRJ0153,CLI0030,2026-01-16,2026-05-17,160.2,100.1,131.4,28.8,Tester,On Hold,Low,Overallocated,77.5
ALC003811,EMP0229,PRJ0067,CLI0015,2026-05-02,2026-05-22,122.2,76.4,100.2,22.0,Support,Active,Medium,Allocated,75.5
ALC003812,EMP0720,PRJ0005,CLI0011,2026-01-13,2026-04-22,65.4,40.9,53.6,11.8,PM,On Hold,Medium,Underallocated,95.0
ALC003813,EMP0350,PRJ0017,CLI0050,2026-06-12,2026-08-23,10.1,6.3,8.3,1.8,Developer,On Hold,High,Underallocated,76.3
ALC003814,EMP0352,PRJ0142,CLI0026,2026-06-07,2026-09-10,117.4,73.4,96.3,21.1,Developer,On Hold,Critical,Allocated,76.8
ALC003815,EMP0497,PRJ0085,CLI0045,2026-05-09,2026-08-06,120.8,75.5,99.1,21.7,Lead,On Hold,Low,Allocated,82.2
ALC003816,EMP0038,PRJ0013,CLI0048,2026-02-15,2026-03-12,87.4,54.6,71.7,15.7,PM,Completed,Critical,Underallocated,69.3
ALC003817,EMP0356,PRJ0026,CLI0019,2026-05-18,2026-09-01,148.5,92.8,121.8,26.7,Designer,On Hold,Low,Allocated,88.2
ALC003818,EMP0802,PRJ0038,CLI0059,2026-05-21,2026-07-05,193.3,120.8,158.5,34.8,Developer,Active,High,Overallocated,79.9
ALC003819,EMP0280,PRJ0083,CLI0032,2026-05-10,2026-08-20,96.0,60.0,78.7,17.3,Developer,Completed,Medium,Allocated,73.6
ALC003820,EMP0783,PRJ0043,CLI0043,2026-02-08,2026-03-05,82.1,51.3,67.3,14.8,Developer,Active,High,Underallocated,93.2
ALC003821,EMP0060,PRJ0116,CLI0042,2026-04-12,2026-05-28,180.6,112.9,148.1,32.5,Developer,On Hold,Medium,Overallocated,83.1
ALC003822,EMP0286,PRJ0164,CLI0018,2026-06-02,2026-10-12,103.2,64.5,84.6,18.6,Designer,Active,Medium,Allocated,89.3
ALC003823,EMP0401,PRJ0028,CLI0011,2026-03-12,2026-05-26,138.4,86.5,113.5,24.9,Lead,On Hold,High,Allocated,60.8
ALC003824,EMP0781,PRJ0105,CLI0056,2026-05-09,2026-06-08,87.7,54.8,71.9,15.8,PM,On Hold,Medium,Underallocated,69.8
ALC003825,EMP0085,PRJ0151,CLI0036,2026-02-17,2026-05-17,157.6,98.5,129.2,28.4,Designer,Active,High,Allocated,83.9
ALC003826,EMP0191,PRJ0150,CLI0003,2026-04-19,2026-07-26,62.2,38.9,51.0,11.2,Developer,Completed,Medium,Underallocated,63.9
ALC003827,EMP0632,PRJ0146,CLI0006,2026-06-05,2026-07-31,117.8,73.6,96.6,21.2,Tester,Active,Medium,Allocated,93.7
ALC003828,EMP0082,PRJ0156,CLI0002,2026-06-18,2026-11-05,123.8,77.4,101.5,22.3,Analyst,Active,High,Allocated,84.1
ALC003829,EMP0672,PRJ0008,CLI0052,2026-04-21,2026-07-15,104.6,65.4,85.8,18.8,Tester,On Hold,Low,Allocated,64.3
ALC003830,EMP0818,PRJ0109,CLI0010,2026-02-06,2026-05-15,86.6,54.1,71.0,15.6,Developer,Completed,Medium,Underallocated,84.6
ALC003831,EMP0265,PRJ0154,CLI0005,2026-05-08,2026-06-26,183.7,114.8,150.6,33.1,Analyst,Completed,Low,Overallocated,61.6
ALC003832,EMP0111,PRJ0080,CLI0026,2026-01-08,2026-02-23,144.3,90.2,118.3,26.0,Lead,Completed,Low,Allocated,93.8
ALC003833,EMP0394,PRJ0148,CLI0035,2026-02-18,2026-04-06,77.4,48.4,63.5,13.9,Developer,Active,High,Underallocated,75.0
ALC003834,EMP0153,PRJ0134,CLI0007,2026-03-07,2026-07-19,36.6,22.9,30.0,6.6,Designer,Completed,High,Underallocated,79.1
ALC003835,EMP0161,PRJ0107,CLI0032,2026-01-02,2026-04-06,171.2,107.0,140.4,30.8,Tester,Active,High,Overallocated,94.0
ALC003836,EMP0671,PRJ0143,CLI0032,2026-05-03,2026-06-29,74.9,,61.4,13.5,Tester,Completed,High,Underallocated,89.0
ALC003837,EMP0051,PRJ0081,CLI0038,2026-01-10,2026-04-26,114.4,71.5,93.8,20.6,Developer,Active,Medium,Allocated,62.7
ALC003838,EMP0604,PRJ0003,CLI0041,2026-04-17,2026-07-31,115.7,72.3,94.9,20.8,PM,Completed,High,Allocated,68.3
ALC003839,EMP0187,PRJ0128,CLI0044,2026-02-03,2026-04-16,123.4,77.1,101.2,22.2,Analyst,On Hold,Low,Allocated,79.9
ALC003840,EMP0057,PRJ0159,CLI0025,2026-01-09,2026-04-29,44.5,27.8,36.5,8.0,PM,On Hold,Low,Underallocated,83.7
ALC003841,EMP0742,PRJ0102,CLI0043,2026-04-16,2026-08-25,98.1,61.3,80.4,17.7,Lead,Completed,Low,Allocated,86.2
ALC003842,EMP0741,PRJ0055,CLI0015,2026-01-10,2026-05-09,111.4,69.6,91.3,20.1,Tester,On Hold,High,Allocated,81.0
ALC003843,EMP0557,PRJ0006,CLI0019,2026-02-04,2026-03-22,109.8,68.6,90.0,19.8,Tester,Completed,Medium,Allocated,76.8
ALC003844,EMP0475,PRJ0032,CLI0053,2026-01-08,2026-05-19,140.6,87.9,115.3,25.3,Support,Active,Low,Allocated,61.3
ALC003845,EMP0730,PRJ0092,CLI0007,2026-01-03,2026-03-22,118.6,74.1,97.3,21.3,Lead,On Hold,High,Allocated,74.3
ALC003846,EMP0681,PRJ0076,CLI0055,2026-03-05,2026-06-18,129.8,81.1,106.4,23.4,Lead,On Hold,Critical,Allocated,89.5
ALC003847,EMP0423,PRJ0083,CLI0032,2026-03-09,2026-06-11,88.0,55.0,72.2,15.8,Analyst,Completed,High,Underallocated,76.9
ALC003848,EMP0266,PRJ0044,CLI0043,2026-01-19,2026-06-05,180.3,112.7,147.8,32.5,Tester,On Hold,Low,Overallocated,88.9
ALC003849,EMP0574,PRJ0052,CLI0022,2026-04-21,2026-06-25,100.5,62.8,82.4,18.1,Tester,Completed,High,Allocated,91.2
ALC003850,EMP0824,PRJ0041,CLI0044,2026-05-12,2026-09-23,125.1,78.2,102.6,22.5,Analyst,On Hold,Low,Allocated,81.8
ALC003851,EMP0111,PRJ0100,CLI0039,2026-02-11,2026-05-30,116.6,72.9,95.6,21.0,Tester,Completed,Medium,Allocated,70.7
ALC003852,EMP0741,PRJ0146,CLI0006,2026-01-17,2026-05-18,130.1,81.3,106.7,23.4,Lead,Completed,Medium,Allocated,64.5
ALC003853,EMP0216,PRJ0073,CLI0016,2026-05-12,2026-09-17,160.0,100.0,131.2,28.8,PM,On Hold,Critical,Allocated,84.9
ALC003854,EMP0733,PRJ0180,CLI0006,2026-06-19,2026-11-09,78.4,49.0,64.3,14.1,Designer,Completed,Low,Underallocated,86.3
ALC003855,EMP0793,PRJ0116,CLI0042,2026-06-16,2026-10-23,145.0,90.6,118.9,26.1,PM,Active,High,Allocated,67.9
ALC003856,EMP0470,PRJ0177,CLI0053,2026-01-03,2026-04-20,141.4,88.4,115.9,25.5,Developer,On Hold,Medium,Allocated,68.6
ALC003857,EMP0837,PRJ0089,CLI0043,2026-01-04,2026-05-25,118.9,74.3,97.5,21.4,Tester,On Hold,Critical,Allocated,64.8
ALC003858,EMP0067,,CLI0035,2026-03-07,2026-05-02,121.1,75.7,99.3,21.8,Tester,Active,High,Allocated,93.9
ALC003859,EMP0528,PRJ0044,CLI0043,2026-06-06,2026-09-01,65.8,41.1,54.0,11.8,Tester,Completed,High,Underallocated,72.0
ALC003860,EMP0433,PRJ0159,CLI0025,2026-04-04,2026-07-22,98.4,61.5,80.7,17.7,PM,On Hold,Low,Allocated,69.6
ALC003861,EMP0751,PRJ0106,CLI0041,2026-04-16,2026-07-22,35.7,22.3,29.3,6.4,Lead,On Hold,High,Underallocated,73.7
ALC003862,EMP0592,PRJ0131,CLI0009,2026-04-06,2026-08-23,99.7,62.3,81.8,17.9,Developer,Active,Medium,Allocated,70.3
ALC003863,EMP0436,PRJ0138,CLI0018,2026-02-05,2026-03-04,109.4,145.0,89.7,19.7,Designer,On Hold,Low,Allocated,93.2
ALC003864,EMP0688,PRJ0069,CLI0021,2026-02-14,2026-04-04,56.0,35.0,45.9,10.1,Support,Active,Critical,Underallocated,75.1
ALC003865,EMP0007,PRJ0119,CLI0048,2026-03-04,2026-05-01,124.0,77.5,101.7,22.3,Support,Completed,Low,Allocated,77.6
ALC003866,EMP0537,PRJ0166,CLI0028,2026-06-18,2026-07-31,160.3,100.2,131.4,28.9,Tester,Active,Low,Overallocated,85.2
ALC003867,EMP0031,PRJ0163,CLI0044,2026-05-12,2026-07-07,,75.4,98.9,21.7,Developer,On Hold,High,Allocated,67.1
ALC003868,EMP0130,PRJ0156,CLI0002,2026-05-04,2026-06-18,111.8,69.9,91.7,20.1,Support,Active,Medium,Allocated,63.7
ALC003869,EMP0729,PRJ0167,CLI0027,2026-05-16,2026-07-01,91.0,56.9,74.6,16.4,Tester,On Hold,Medium,Underallocated,74.1
ALC003870,EMP0517,PRJ0140,CLI0018,2026-03-13,2026-04-30,126.9,79.3,104.1,22.8,PM,Completed,High,Allocated,60.3
ALC003871,EMP0733,PRJ0095,CLI0017,2026-06-01,2026-08-01,71.4,44.6,58.5,12.9,Developer,Active,Critical,Underallocated,66.4
ALC003872,EMP0437,PRJ0028,CLI0011,2026-06-04,2026-08-04,15.5,9.7,12.7,2.8,Analyst,On Hold,High,Underallocated,78.5
ALC003873,EMP0015,PRJ0134,CLI0007,2026-05-08,2026-05-28,175.2,109.5,143.7,31.5,Developer,On Hold,High,Overallocated,82.1
ALC003874,EMP0167,PRJ0061,CLI0059,2026-05-08,2026-06-08,150.4,94.0,123.3,27.1,Developer,Active,Low,Allocated,75.8
ALC003875,EMP0034,PRJ0159,CLI0025,2026-05-05,2026-07-03,68.0,42.5,55.8,12.2,Developer,On Hold,High,Underallocated,92.3
ALC003876,EMP0840,PRJ0123,CLI0039,2026-02-12,2026-07-10,54.1,33.8,44.4,9.7,PM,Active,Low,Underallocated,90.3
ALC003877,EMP0061,PRJ0055,CLI0015,2026-04-15,2026-07-28,116.3,72.7,95.4,20.9,Support,Active,Critical,Allocated,92.7
ALC003878,EMP0301,PRJ0158,CLI0059,2026-05-05,2026-07-31,114.6,71.6,94.0,20.6,Support,Active,Medium,Allocated,66.8
ALC003879,EMP0173,PRJ0049,CLI0043,2026-02-01,2026-06-29,144.6,90.4,118.6,26.0,Designer,Active,Medium,Allocated,63.8
ALC003880,EMP0502,PRJ0012,CLI0020,2026-06-15,2026-07-05,98.6,61.6,80.9,17.7,Lead,Completed,Critical,Allocated,93.3
ALC003881,EMP0290,PRJ0068,CLI0059,2026-01-09,2026-02-04,158.2,98.9,129.7,28.5,PM,On Hold,High,Allocated,82.3
ALC003882,EMP0421,PRJ0030,CLI0043,2026-05-03,2026-09-21,103.4,64.6,84.8,18.6,Designer,Active,Critical,Allocated,72.7
ALC003883,EMP0806,PRJ0049,CLI0043,2026-06-02,2026-08-04,160.5,100.3,131.6,28.9,PM,Active,Medium,Overallocated,63.8
ALC003884,EMP0105,PRJ0105,CLI0056,2026-05-11,2026-06-04,104.8,65.5,85.9,18.9,Designer,Completed,Critical,Allocated,90.6
ALC003885,EMP0259,PRJ0125,CLI0019,2026-06-08,2026-10-13,77.4,48.4,63.5,13.9,Lead,On Hold,Low,Underallocated,63.6
ALC003886,EMP0840,PRJ0024,CLI0041,2026-04-05,2026-08-10,97.0,60.6,79.5,17.5,Tester,On Hold,Critical,Allocated,66.9
ALC003887,EMP0414,PRJ0120,CLI0028,2026-03-11,2026-04-11,138.2,86.4,113.3,24.9,Tester,Active,Critical,Allocated,75.3
ALC003888,EMP0377,PRJ0176,CLI0014,2026-04-16,2026-05-18,126.1,78.8,103.4,22.7,Designer,On Hold,Medium,Allocated,93.0
ALC003889,EMP0350,PRJ0047,CLI0018,2026-02-20,2026-06-11,114.1,71.3,93.6,20.5,Tester,Completed,Medium,Allocated,92.0
ALC003890,EMP0656,PRJ0032,CLI0053,2026-04-05,2026-07-12,70.2,43.9,57.6,12.6,Support,On Hold,Low,Underallocated,70.1
ALC003891,EMP0197,PRJ0045,CLI0011,2026-01-06,2026-03-20,109.6,68.5,89.9,19.7,Designer,Completed,Low,Allocated,68.3
ALC003892,EMP0785,PRJ0140,CLI0018,2026-04-16,2026-08-24,85.9,53.7,70.4,15.5,Lead,On Hold,High,Underallocated,69.8
ALC003893,EMP0177,PRJ0114,CLI0043,2026-03-18,2026-07-23,84.8,53.0,69.5,15.3,Designer,Active,Medium,Underallocated,91.8
ALC003894,EMP0129,PRJ0082,CLI0013,2026-02-20,2026-07-07,151.8,94.9,124.5,27.3,Tester,On Hold,Low,Allocated,68.6
ALC003895,EMP0435,PRJ0017,CLI0050,2026-05-03,2026-08-09,81.3,50.8,66.7,14.6,Lead,Active,High,Underallocated,87.5
ALC003896,EMP0529,PRJ0080,CLI0026,2026-06-16,2026-10-01,79.0,49.4,64.8,14.2,PM,Completed,Low,Underallocated,86.4
ALC003897,EMP0082,PRJ0159,CLI0025,2026-05-06,2026-07-30,124.6,77.9,102.2,22.4,Support,Completed,High,Allocated,75.8
ALC003898,EMP0063,PRJ0137,CLI0012,2026-06-21,2026-10-27,75.4,47.1,61.8,13.6,Lead,Active,Medium,Underallocated,70.4
ALC003899,EMP0017,PRJ0114,CLI0043,2026-05-12,2026-07-30,89.8,56.1,73.6,16.2,Analyst,On Hold,Low,Underallocated,67.3
ALC003900,EMP0145,,CLI0016,2026-04-15,2026-07-29,189.0,118.1,155.0,34.0,Lead,Completed,High,Overallocated,91.7
ALC003901,EMP0783,PRJ0059,CLI0017,2026-05-04,2026-06-14,105.3,65.8,86.3,19.0,Analyst,Active,High,Allocated,86.5
ALC003902,EMP0338,PRJ0164,CLI0018,2026-06-11,2026-10-06,139.0,86.9,114.0,25.0,Tester,Active,Critical,Allocated,93.0
ALC003903,EMP0552,PRJ0092,CLI0007,2026-02-18,2026-04-08,212.6,132.9,174.3,38.3,Analyst,Completed,Low,Overallocated,60.5
ALC003904,EMP0054,PRJ0013,CLI0048,2026-03-21,2026-06-14,120.0,75.0,98.4,21.6,PM,Completed,Critical,Allocated,76.5
ALC003905,EMP0155,PRJ0128,CLI0044,2026-05-17,2026-06-12,133.0,83.1,109.1,23.9,Lead,Active,Critical,Allocated,69.6
ALC003906,EMP0383,PRJ0063,CLI0016,2026-04-17,2026-06-05,124.5,77.8,102.1,22.4,Lead,On Hold,Low,Allocated,64.6
ALC003907,EMP0637,PRJ0159,CLI0025,2026-02-13,2026-04-17,99.0,61.9,81.2,17.8,Lead,Active,Medium,Allocated,93.2
ALC003908,EMP0106,PRJ0176,CLI0014,2026-06-19,2026-11-07,117.0,73.1,95.9,21.1,Tester,On Hold,High,Allocated,86.5
ALC003909,EMP0768,PRJ0121,CLI0015,2026-05-17,2026-10-01,104.8,65.5,85.9,18.9,Analyst,On Hold,High,Allocated,90.9
ALC003910,EMP0009,PRJ0088,CLI0011,2026-01-21,2026-03-06,75.5,47.2,61.9,13.6,Developer,Active,High,Underallocated,79.2
ALC003911,EMP0722,PRJ0148,CLI0035,2026-05-14,2026-10-03,145.3,90.8,119.1,26.2,Developer,Active,Medium,Allocated,61.5
ALC003912,EMP0054,PRJ0179,CLI0012,2026-03-19,2026-04-11,39.7,,32.6,7.1,Designer,Active,High,Underallocated,63.7
ALC003913,EMP0514,PRJ0059,CLI0017,2026-02-03,2026-05-08,112.3,70.2,92.1,20.2,Analyst,Completed,High,Allocated,91.1
ALC003914,EMP0254,PRJ0165,CLI0030,2026-03-06,2026-07-21,100.8,63.0,82.7,18.1,Analyst,Active,Medium,Allocated,94.9
ALC003915,EMP0035,PRJ0117,CLI0006,2026-04-15,2026-07-03,70.6,44.1,57.9,12.7,Lead,On Hold,Low,Underallocated,72.7
ALC003916,EMP0442,PRJ0115,CLI0050,2026-03-05,2026-05-10,137.0,85.6,112.3,24.7,Tester,Active,Low,Allocated,75.4
ALC003917,EMP0300,PRJ0148,CLI0035,2026-01-20,2026-02-18,71.2,44.5,58.4,12.8,Developer,Completed,Medium,Underallocated,64.3
ALC003918,EMP0022,PRJ0018,CLI0024,2026-01-19,2026-06-01,95.7,59.8,78.5,17.2,Analyst,On Hold,Low,Underallocated,93.6
ALC003919,EMP0811,PRJ0051,CLI0059,2026-03-04,2026-04-21,141.1,88.2,115.7,25.4,Lead,Active,Medium,Allocated,86.9
ALC003920,EMP0512,PRJ0051,CLI0059,2026-05-13,2026-09-21,35.0,21.9,28.7,6.3,Tester,Completed,Medium,Underallocated,67.1
ALC003921,EMP0525,PRJ0126,CLI0060,2026-04-10,2026-09-06,155.0,96.9,127.1,27.9,Designer,Completed,High,Allocated,76.1
ALC003922,EMP0194,PRJ0114,CLI0043,2026-05-04,2026-06-04,110.6,69.1,90.7,19.9,Developer,On Hold,Critical,Allocated,68.8
ALC003923,EMP0817,PRJ0023,CLI0035,2026-06-02,2026-09-27,99.7,62.3,81.8,17.9,Designer,On Hold,High,Allocated,86.0
ALC003924,EMP0306,PRJ0020,CLI0049,2026-05-18,2026-07-06,56.8,35.5,46.6,10.2,Analyst,Active,Critical,Underallocated,91.3
ALC003925,EMP0113,PRJ0061,CLI0059,2026-02-03,2026-03-14,115.7,72.3,94.9,20.8,Support,Active,Critical,Allocated,64.2
ALC003926,EMP0464,PRJ0150,CLI0003,2026-04-20,2026-08-20,113.0,70.6,92.7,20.3,Tester,Completed,High,Allocated,92.2
ALC003927,EMP0825,PRJ0007,CLI0040,2026-03-02,2026-07-08,133.9,83.7,109.8,24.1,Developer,On Hold,High,Allocated,88.9
ALC003928,EMP0791,PRJ0178,CLI0030,2026-03-21,2026-06-03,93.3,58.3,76.5,16.8,Tester,On Hold,High,Underallocated,84.8
ALC003929,EMP0321,PRJ0036,CLI0045,2026-05-19,2026-09-25,73.0,45.6,59.9,13.1,PM,On Hold,Medium,Underallocated,63.3
ALC003930,EMP0650,PRJ0052,CLI0022,2026-01-01,2026-04-06,124.5,77.8,102.1,22.4,Designer,On Hold,Low,Allocated,81.4
ALC003931,EMP0248,PRJ0023,CLI0035,2026-06-18,2026-07-21,89.0,55.6,73.0,16.0,Support,On Hold,Medium,Underallocated,69.5
ALC003932,EMP0187,PRJ0069,CLI0021,2026-04-20,2026-07-15,132.2,82.6,108.4,23.8,PM,Completed,Medium,Allocated,75.1
ALC003933,EMP0390,PRJ0051,CLI0059,2026-01-01,2026-03-15,70.7,44.2,58.0,12.7,Analyst,Completed,Critical,Underallocated,82.1
ALC003934,EMP0054,PRJ0067,CLI0015,2026-03-06,2026-03-31,143.8,89.9,117.9,25.9,PM,Active,Critical,Allocated,70.0
ALC003935,EMP0573,PRJ0023,CLI0035,2026-03-20,2026-07-28,171.7,107.3,140.8,30.9,Lead,Completed,Low,Overallocated,74.1
ALC003936,EMP0196,PRJ0098,CLI0044,2026-01-02,2026-04-09,105.3,65.8,86.3,19.0,Developer,Completed,Medium,Allocated,65.8
ALC003937,EMP0400,PRJ0027,CLI0004,2026-03-16,2026-07-28,,103.7,136.0,29.9,Support,On Hold,Critical,Overallocated,88.0
ALC003938,EMP0654,PRJ0037,CLI0057,2026-01-19,2026-05-12,142.1,88.8,116.5,25.6,Lead,On Hold,Medium,Allocated,64.5
ALC003939,EMP0539,PRJ0151,CLI0036,2026-03-15,2026-08-08,125.4,78.4,102.8,22.6,Developer,Completed,Critical,Allocated,69.0
ALC003940,EMP0582,PRJ0010,CLI0035,2026-04-19,2026-05-20,111.5,69.7,91.4,20.1,Designer,Active,High,Allocated,65.2
ALC003941,EMP0306,PRJ0159,CLI0025,2026-01-17,2026-05-08,90.2,56.4,74.0,16.2,PM,Active,High,Underallocated,62.3
ALC003942,EMP0807,PRJ0179,CLI0012,2026-03-18,2026-06-30,159.8,99.9,131.0,28.8,Support,Completed,Medium,Allocated,83.4
ALC003943,EMP0618,PRJ0167,CLI0027,2026-02-06,2026-05-24,151.8,94.9,124.5,27.3,Lead,On Hold,Critical,Allocated,85.1
ALC003944,EMP0360,PRJ0146,CLI0006,2026-03-01,2026-06-10,70.2,43.9,57.6,12.6,Developer,On Hold,High,Underallocated,86.0
ALC003945,EMP0129,PRJ0115,CLI0050,2026-05-11,2026-09-03,116.6,72.9,95.6,21.0,PM,Active,Critical,Allocated,79.0
ALC003946,EMP0798,PRJ0049,CLI0043,2026-01-05,2026-02-01,79.5,49.7,65.2,14.3,Support,On Hold,High,Underallocated,61.5
ALC003947,EMP0580,PRJ0138,CLI0018,2026-04-01,2026-06-19,131.0,81.9,107.4,23.6,Lead,Active,Medium,Allocated,76.1
ALC003948,EMP0016,PRJ0105,CLI0056,2026-04-18,2026-09-10,141.9,88.7,116.4,25.5,Analyst,On Hold,Medium,Allocated,65.8
ALC003949,EMP0317,PRJ0084,CLI0016,2026-02-17,2026-05-14,49.4,30.9,40.5,8.9,PM,Completed,Critical,Underallocated,77.6
ALC003950,EMP0040,PRJ0002,CLI0046,2026-02-20,2026-04-29,108.6,67.9,89.1,19.5,Designer,Active,Medium,Allocated,73.9
ALC003951,EMP0579,PRJ0141,CLI0028,2026-02-15,2026-05-10,129.0,80.6,105.8,23.2,Lead,On Hold,Medium,Allocated,76.7
ALC003952,EMP0471,PRJ0062,CLI0038,2026-01-19,2026-03-28,115.7,72.3,94.9,20.8,PM,Active,Medium,Allocated,64.6
ALC003953,EMP0276,PRJ0120,CLI0028,2026-05-04,2026-09-26,183.4,114.6,150.4,33.0,Designer,On Hold,Medium,Overallocated,89.0
ALC003954,EMP0360,PRJ0088,CLI0011,2026-06-21,2026-10-07,49.1,30.7,40.3,8.8,Support,Active,Medium,Underallocated,67.3
ALC003955,EMP0479,PRJ0123,CLI0039,2026-04-15,2026-09-09,166.2,103.9,136.3,29.9,Support,Completed,Critical,Overallocated,87.8
ALC003956,EMP0011,PRJ0026,CLI0019,2026-04-13,2026-09-10,76.6,47.9,62.8,13.8,PM,Active,Critical,Underallocated,85.5
ALC003957,EMP0161,PRJ0165,CLI0030,2026-04-05,2026-06-25,26.2,16.4,21.5,4.7,Developer,On Hold,Medium,Underallocated,63.0
ALC003958,EMP0135,PRJ0149,CLI0039,2026-01-03,2026-05-15,124.8,78.0,102.3,22.5,PM,On Hold,Low,Allocated,89.4
ALC003959,EMP0215,PRJ0018,CLI0024,2026-05-11,2026-07-26,107.0,66.9,87.7,19.3,Support,Active,Medium,Allocated,66.2
ALC003960,EMP0626,PRJ0131,CLI0009,2026-01-15,2026-03-30,115.7,72.3,94.9,20.8,Support,On Hold,Medium,Allocated,73.9
ALC003961,EMP0736,PRJ0009,CLI0015,2026-03-04,2026-07-14,132.8,83.0,108.9,23.9,Tester,Active,Low,Allocated,94.4
ALC003962,EMP0692,PRJ0015,CLI0015,2026-05-17,2026-08-01,133.9,83.7,109.8,24.1,Designer,On Hold,Critical,Allocated,65.3
ALC003963,EMP0617,PRJ0084,CLI0016,2026-05-18,2026-08-23,90.7,56.7,74.4,16.3,Tester,On Hold,Medium,Underallocated,70.7
ALC003964,EMP0241,PRJ0130,CLI0056,2026-06-15,2026-10-16,144.5,90.3,118.5,26.0,Developer,Active,Critical,Allocated,62.6
ALC003965,EMP0443,PRJ0044,CLI0043,2026-04-20,2026-07-12,31.4,19.6,25.7,5.7,PM,Completed,Critical,Underallocated,93.2
ALC003966,EMP0083,PRJ0056,CLI0042,2026-04-05,2026-08-16,108.2,67.6,88.7,19.5,Lead,On Hold,High,Allocated,74.4
ALC003967,EMP0577,PRJ0090,CLI0041,2026-02-16,2026-05-19,157.1,98.2,128.8,28.3,Developer,Completed,Medium,Allocated,77.5
ALC003968,EMP0066,PRJ0101,CLI0028,2026-05-21,2026-09-04,123.4,77.1,101.2,22.2,Tester,Active,Critical,Allocated,89.8
ALC003969,EMP0625,PRJ0035,CLI0016,2026-03-20,2026-06-15,113.9,71.2,93.4,20.5,PM,Completed,Medium,Allocated,79.9
ALC003970,EMP0279,PRJ0118,CLI0008,2026-04-11,2026-05-08,98.2,61.4,80.5,17.7,Support,Completed,High,Allocated,74.2
ALC003971,EMP0590,PRJ0091,CLI0026,2026-06-08,2026-07-11,125.9,78.7,103.2,22.7,Analyst,Active,Low,Allocated,71.1
ALC003972,EMP0765,PRJ0089,CLI0043,2026-01-18,2026-03-14,100.8,63.0,82.7,18.1,Support,On Hold,Low,Allocated,65.7
ALC003973,EMP0351,,CLI0039,2026-06-20,2026-08-20,137.1,85.7,112.4,24.7,Designer,Active,High,Allocated,79.1
ALC003974,EMP0099,PRJ0005,CLI0011,2026-01-10,2026-05-28,91.2,57.0,74.8,16.4,Lead,On Hold,High,Underallocated,82.4
ALC003975,EMP0672,PRJ0030,CLI0043,2026-02-17,2026-07-05,173.0,108.1,141.9,31.1,Analyst,On Hold,Critical,Overallocated,61.8
ALC003976,EMP0014,PRJ0047,CLI0018,2026-04-04,2026-07-04,133.9,83.7,109.8,24.1,Lead,Completed,Low,Allocated,73.2
ALC003977,EMP0079,PRJ0067,CLI0015,2026-06-03,2026-08-09,184.5,115.3,151.3,33.2,Lead,Completed,Medium,Overallocated,86.0
ALC003978,EMP0607,PRJ0078,CLI0031,2026-04-05,2026-06-03,96.5,60.3,79.1,17.4,PM,Completed,Critical,Allocated,86.9
ALC003979,EMP0415,PRJ0166,CLI0028,2026-03-15,2026-06-09,161.0,100.6,132.0,29.0,Lead,Completed,Critical,Overallocated,88.4
ALC003980,EMP0372,PRJ0013,CLI0048,2026-01-21,2026-04-06,61.4,38.4,50.3,11.1,Developer,On Hold,Medium,Underallocated,76.5
ALC003981,EMP0319,PRJ0133,CLI0044,2026-04-05,2026-08-21,141.0,88.1,115.6,25.4,PM,On Hold,Critical,Allocated,76.8
ALC003982,EMP0769,PRJ0127,CLI0026,2026-03-16,2026-04-20,107.4,67.1,88.1,19.3,Developer,Completed,Low,Allocated,85.6
ALC003983,EMP0705,PRJ0105,CLI0056,2026-02-14,2026-04-02,116.8,73.0,95.8,21.0,Support,Completed,Low,Allocated,69.5
ALC003984,EMP0337,PRJ0087,CLI0046,2026-06-04,2026-07-21,141.1,88.2,115.7,25.4,Lead,Active,Low,Allocated,68.7
ALC003985,EMP0240,PRJ0014,CLI0026,2026-04-04,2026-08-07,141.8,88.6,116.3,25.5,PM,Completed,High,Allocated,61.6
ALC003986,EMP0017,PRJ0157,CLI0044,2026-04-04,2026-08-02,145.6,91.0,119.4,26.2,Designer,Active,Medium,Allocated,93.7
ALC003987,EMP0275,PRJ0071,CLI0036,2026-02-21,2026-04-17,126.1,78.8,103.4,22.7,Tester,On Hold,Critical,Allocated,84.2
ALC003988,EMP0847,PRJ0049,CLI0043,2026-04-15,2026-06-15,133.6,83.5,109.6,24.0,Designer,Completed,Low,Allocated,75.0
ALC003989,EMP0025,PRJ0059,CLI0017,2026-06-05,2026-10-03,103.2,64.5,84.6,18.6,Tester,Active,Critical,Allocated,91.9
ALC003990,EMP0224,PRJ0078,CLI0031,2026-01-12,2026-02-25,86.2,53.9,70.7,15.5,Tester,Active,Critical,Underallocated,79.8
ALC003991,EMP0542,PRJ0178,CLI0030,2026-01-02,2026-02-22,118.7,74.2,97.3,21.4,Lead,Completed,Critical,Allocated,79.7
ALC003992,EMP0368,,CLI0051,2026-03-10,2026-05-19,26.2,16.4,21.5,4.7,Lead,Active,Critical,Underallocated,89.7
ALC003993,EMP0044,PRJ0010,CLI0035,2026-04-17,2026-06-14,128.8,80.5,105.6,23.2,Tester,On Hold,Critical,Allocated,68.0
ALC003994,EMP0636,PRJ0063,CLI0016,2026-03-20,2026-07-25,146.7,91.7,120.3,26.4,PM,Completed,Low,Allocated,61.6
ALC003995,EMP0114,PRJ0006,CLI0019,2026-05-16,2026-08-21,136.8,85.5,112.2,24.6,Tester,On Hold,High,Allocated,92.2
ALC003996,EMP0791,PRJ0095,CLI0017,2026-05-03,2026-06-12,87.5,54.7,71.8,15.8,Lead,Completed,Low,Underallocated,79.5
ALC003997,EMP0710,PRJ0064,CLI0024,2026-05-15,2026-06-18,30.2,18.9,24.8,5.4,Tester,Active,Critical,Underallocated,88.8
ALC003998,EMP0750,PRJ0143,CLI0032,2026-01-12,2026-02-09,138.2,86.4,113.3,24.9,Support,Active,Medium,Allocated,62.9
ALC003999,EMP0279,PRJ0031,CLI0044,2026-05-06,2026-05-28,80.5,50.3,66.0,14.5,Support,Active,Critical,Underallocated,81.8
ALC004000,EMP0473,PRJ0180,CLI0006,2026-06-17,2026-07-16,60.5,37.8,49.6,10.9,Developer,On Hold,Low,Underallocated,71.2
ALC004001,EMP0006,PRJ0025,CLI0003,2026-05-09,2026-07-02,149.9,93.7,122.9,27.0,Tester,Completed,High,Allocated,92.4
ALC004002,EMP0255,PRJ0051,CLI0059,2026-02-13,2026-04-24,57.8,36.1,47.4,10.4,Designer,Completed,Critical,Underallocated,60.1
ALC004003,EMP0764,PRJ0016,CLI0049,2026-04-15,2026-09-10,105.1,65.7,86.2,18.9,Analyst,Active,Medium,Allocated,76.6
ALC004004,EMP0283,PRJ0112,CLI0006,2026-02-13,2026-04-17,183.0,114.4,150.1,32.9,Lead,On Hold,High,Overallocated,60.5
ALC004005,EMP0500,PRJ0171,CLI0001,2026-01-03,2026-05-13,85.3,53.3,69.9,15.4,Designer,Active,Medium,Underallocated,80.2
ALC004006,EMP0011,PRJ0159,CLI0025,2026-04-03,2026-06-17,69.4,43.4,56.9,12.5,Tester,Completed,High,Underallocated,87.0
ALC004007,EMP0332,PRJ0151,CLI0036,2026-02-07,2026-05-27,132.3,82.7,108.5,23.8,Support,Completed,High,Allocated,79.0
ALC004008,EMP0685,PRJ0002,CLI0046,2026-03-18,2026-04-08,125.1,78.2,102.6,22.5,Analyst,On Hold,Medium,Allocated,75.8
ALC004009,EMP0340,PRJ0149,CLI0039,2026-04-07,2026-07-29,45.8,28.6,37.6,8.2,PM,Active,High,Underallocated,86.0
ALC004010,EMP0593,PRJ0050,CLI0039,2026-06-02,2026-09-09,114.1,71.3,93.6,20.5,Support,On Hold,Low,Allocated,85.2
ALC004011,EMP0303,PRJ0050,CLI0039,2026-02-21,2026-06-05,159.2,99.5,130.5,28.7,Lead,Completed,Critical,Allocated,61.2
ALC004012,EMP0343,PRJ0005,CLI0011,2026-03-20,2026-07-15,168.0,105.0,137.8,30.2,Designer,Completed,Critical,Overallocated,93.4
ALC004013,EMP0153,PRJ0068,CLI0059,2026-01-12,2026-04-01,101.6,63.5,83.3,18.3,Developer,Active,Critical,Allocated,78.1
ALC004014,EMP0358,PRJ0050,CLI0039,2026-06-06,2026-07-15,131.8,82.4,108.1,23.7,Analyst,Completed,Low,Allocated,63.6
ALC004015,EMP0695,PRJ0147,CLI0001,2026-02-06,2026-06-05,,83.6,109.7,24.1,Designer,Active,Critical,Allocated,69.8
ALC004016,EMP0731,PRJ0046,CLI0048,2026-04-16,2026-09-03,152.3,95.2,124.9,27.4,Developer,Active,Medium,Allocated,71.9
ALC004017,EMP0284,PRJ0160,CLI0057,2026-04-01,2026-05-15,108.3,67.7,88.8,19.5,Developer,Active,Low,Allocated,93.1
ALC004018,EMP0840,PRJ0163,CLI0044,2026-06-02,2026-06-24,163.8,102.4,134.3,29.5,Support,On Hold,Medium,Overallocated,74.8
ALC004019,EMP0239,PRJ0131,CLI0009,2026-04-03,2026-04-27,82.9,51.8,68.0,14.9,Designer,On Hold,Medium,Underallocated,79.3
ALC004020,EMP0509,,CLI0041,2026-04-06,2026-09-01,143.2,89.5,117.4,25.8,Tester,Active,Low,Allocated,61.2
ALC004021,EMP0805,PRJ0024,CLI0041,2026-05-13,2026-09-09,71.8,44.9,58.9,12.9,Analyst,Active,Low,Underallocated,71.1
ALC004022,EMP0507,PRJ0169,CLI0060,2026-02-10,2026-05-29,40.3,25.2,33.0,7.3,PM,Completed,High,Underallocated,69.2
ALC004023,EMP0776,PRJ0098,CLI0044,2026-03-09,2026-04-03,136.5,85.3,111.9,24.6,Designer,Completed,Medium,Allocated,89.5
ALC004024,EMP0005,PRJ0082,CLI0013,2026-01-01,2026-04-02,224.0,140.0,183.7,40.3,Analyst,On Hold,High,Overallocated,80.9
ALC004025,EMP0086,PRJ0120,CLI0028,2026-06-20,2026-10-27,124.8,78.0,102.3,22.5,PM,Active,High,Allocated,68.0
ALC004026,EMP0328,PRJ0168,CLI0016,2026-03-04,2026-07-14,103.7,64.8,85.0,18.7,Designer,Active,High,Allocated,80.8
ALC004027,EMP0085,PRJ0064,CLI0024,2026-05-04,2026-07-03,161.8,101.1,132.7,29.1,PM,On Hold,Low,Overallocated,90.8
ALC004028,EMP0621,PRJ0124,CLI0045,2026-06-08,2026-09-10,94.2,58.9,77.2,17.0,Designer,Completed,High,Underallocated,85.2
ALC004029,EMP0752,PRJ0050,CLI0039,2026-05-11,2026-08-02,41.4,25.9,33.9,7.5,Designer,On Hold,High,Underallocated,78.0
ALC004030,EMP0351,PRJ0147,CLI0001,2026-02-21,2026-05-16,149.8,93.6,122.8,27.0,Designer,Completed,Medium,Allocated,72.1
ALC004031,EMP0188,PRJ0032,CLI0053,2026-04-05,2026-05-21,174.2,108.9,142.8,31.4,Support,On Hold,Critical,Overallocated,86.7
ALC004032,EMP0351,PRJ0149,CLI0039,2026-03-02,2026-05-06,117.1,73.2,96.0,21.1,Designer,Active,Critical,Allocated,81.0
ALC004033,EMP0798,PRJ0081,CLI0038,2026-03-06,2026-04-05,124.5,77.8,102.1,22.4,Developer,Completed,High,Allocated,90.9
ALC004034,EMP0103,PRJ0137,CLI0012,2026-01-11,2026-04-13,87.7,54.8,71.9,15.8,Lead,Completed,High,Underallocated,89.6
ALC004035,EMP0337,PRJ0040,CLI0014,2026-02-15,2026-03-12,105.4,65.9,86.4,19.0,Analyst,Active,Critical,Allocated,60.6
ALC004036,EMP0192,PRJ0171,CLI0001,2026-01-21,2026-02-25,121.0,75.6,99.2,21.8,Designer,Completed,Low,Allocated,61.4
ALC004037,EMP0535,PRJ0163,CLI0044,2026-01-20,2026-04-07,113.8,71.1,93.3,20.5,Developer,Completed,Critical,Allocated,67.2
ALC004038,EMP0122,PRJ0168,CLI0016,2026-03-16,2026-07-16,113.4,70.9,93.0,20.4,Designer,On Hold,High,Allocated,62.1
ALC004039,EMP0680,PRJ0055,CLI0015,2026-03-12,2026-04-10,8.0,5.0,6.6,1.4,Analyst,Completed,Low,Underallocated,70.4
ALC004040,EMP0468,PRJ0172,CLI0044,2026-01-16,2026-06-12,118.6,74.1,97.3,21.3,Developer,Active,High,Allocated,92.4
ALC004041,EMP0834,PRJ0003,CLI0041,2026-01-04,2026-04-09,58.9,36.8,48.3,10.6,Designer,Active,Medium,Underallocated,90.8
ALC004042,EMP0823,PRJ0157,CLI0044,2026-01-01,2026-04-09,131.0,81.9,107.4,23.6,Analyst,Active,Medium,Allocated,93.4
ALC004043,EMP0343,PRJ0005,CLI0011,2026-02-06,2026-06-25,154.2,96.4,126.4,27.8,Lead,On Hold,Low,Allocated,82.0
ALC004044,EMP0517,PRJ0065,CLI0003,2026-01-21,2026-03-23,134.4,84.0,110.2,24.2,Designer,Active,High,Allocated,80.8
ALC004045,EMP0363,PRJ0024,CLI0041,2026-01-06,2026-03-04,66.1,41.3,54.2,11.9,Lead,On Hold,Critical,Underallocated,77.0
ALC004046,EMP0753,PRJ0096,CLI0056,2026-01-13,2026-02-26,78.6,49.1,64.5,14.1,PM,Completed,Medium,Underallocated,90.7
ALC004047,EMP0236,PRJ0116,CLI0042,2026-02-12,2026-06-17,109.3,68.3,89.6,19.7,Analyst,On Hold,Low,Allocated,70.3
ALC004048,EMP0464,PRJ0136,CLI0003,2026-01-15,2026-03-27,146.1,91.3,119.8,26.3,Designer,Active,Medium,Allocated,61.8
ALC004049,EMP0532,PRJ0154,CLI0005,2026-05-07,2026-08-16,151.8,94.9,124.5,27.3,Support,Completed,High,Allocated,69.7
ALC004050,EMP0495,PRJ0094,CLI0008,2026-04-13,2026-06-05,126.4,79.0,103.6,22.8,Support,Completed,High,Allocated,66.6
ALC004051,EMP0615,PRJ0046,CLI0048,2026-06-02,2026-07-14,73.4,45.9,60.2,13.2,Lead,Active,Low,Underallocated,89.0
ALC004052,EMP0822,PRJ0011,CLI0024,2026-05-19,2026-06-29,158.9,99.3,130.3,28.6,Tester,On Hold,Low,Allocated,88.2
ALC004053,EMP0621,PRJ0141,CLI0028,2026-01-12,2026-04-23,111.0,69.4,91.0,20.0,Developer,On Hold,High,Allocated,66.7
ALC004054,EMP0116,PRJ0146,CLI0006,2026-05-05,2026-06-08,96.2,60.1,78.9,17.3,PM,Active,Medium,Allocated,60.4
ALC004055,EMP0458,PRJ0158,CLI0059,2026-03-15,2026-06-02,92.5,57.8,75.8,16.6,Designer,Active,Critical,Underallocated,78.1
ALC004056,EMP0408,PRJ0162,CLI0012,2026-04-16,2026-09-08,51.2,32.0,42.0,9.2,Developer,On Hold,Critical,Underallocated,83.3
ALC004057,EMP0185,PRJ0115,CLI0050,2026-01-11,2026-05-10,156.0,97.5,127.9,28.1,Analyst,On Hold,Critical,Allocated,67.9
ALC004058,EMP0771,PRJ0117,CLI0006,2026-02-19,2026-03-12,107.0,66.9,87.7,19.3,Tester,Active,High,Allocated,90.1
ALC004059,EMP0043,PRJ0083,CLI0032,2026-02-10,2026-03-12,84.3,52.7,69.1,15.2,Support,On Hold,High,Underallocated,93.0
ALC004060,EMP0792,PRJ0080,CLI0026,2026-04-11,2026-07-28,136.3,85.2,111.8,24.5,Analyst,Active,Medium,Allocated,91.9
ALC004061,EMP0021,PRJ0124,CLI0045,2026-04-09,2026-04-29,143.5,89.7,117.7,25.8,Analyst,Completed,Low,Allocated,93.6
ALC004062,EMP0358,PRJ0124,CLI0045,2026-02-19,2026-07-10,42.7,26.7,35.0,7.7,Tester,On Hold,Critical,Underallocated,90.5
ALC004063,EMP0614,PRJ0042,CLI0026,2026-03-20,2026-05-17,174.1,108.8,142.8,31.3,Support,Active,Medium,Overallocated,78.0
ALC004064,EMP0757,PRJ0033,CLI0030,2026-04-08,2026-07-31,,125.5,164.7,36.1,Analyst,Completed,Critical,Overallocated,87.1
ALC004065,EMP0826,PRJ0057,CLI0043,2026-03-20,2026-08-10,116.0,72.5,95.1,20.9,Support,Completed,High,Allocated,63.8
ALC004066,EMP0409,PRJ0143,CLI0032,2026-06-11,2026-08-14,121.6,76.0,99.7,21.9,Analyst,On Hold,High,Allocated,94.0
ALC004067,EMP0681,PRJ0099,CLI0038,2026-03-11,2026-06-27,207.7,129.8,170.3,37.4,Analyst,On Hold,Critical,Overallocated,68.9
ALC004068,EMP0213,PRJ0161,CLI0056,2026-01-20,2026-04-24,68.3,42.7,56.0,12.3,Designer,On Hold,Low,Underallocated,81.5
ALC004069,EMP0490,PRJ0021,CLI0060,2026-02-09,2026-06-25,91.2,57.0,74.8,16.4,Designer,Active,Medium,Underallocated,90.0
ALC004070,EMP0447,PRJ0176,CLI0014,2026-05-02,2026-09-24,135.2,84.5,110.9,24.3,Designer,Completed,Critical,Allocated,76.4
ALC004071,EMP0155,PRJ0128,CLI0044,2026-06-07,2026-10-09,157.9,98.7,129.5,28.4,Developer,On Hold,Low,Allocated,71.7
ALC004072,EMP0103,PRJ0056,CLI0042,2026-01-21,2026-05-03,113.6,71.0,93.2,20.4,Lead,Active,Medium,Allocated,60.6
ALC004073,EMP0716,PRJ0037,CLI0057,2026-02-18,2026-04-11,79.5,49.7,65.2,14.3,PM,Active,Medium,Underallocated,92.4
ALC004074,EMP0148,PRJ0144,CLI0056,2026-01-08,2026-03-16,163.5,102.2,134.1,29.4,Tester,Completed,Low,Overallocated,94.4
ALC004075,EMP0563,PRJ0020,CLI0049,2026-05-03,2026-09-25,111.7,69.8,91.6,20.1,PM,Completed,Low,Allocated,69.3
ALC004076,EMP0523,PRJ0029,CLI0058,2026-01-05,2026-02-09,112.0,70.0,91.8,20.2,Designer,On Hold,Critical,Allocated,91.8
ALC004077,EMP0369,PRJ0024,CLI0041,2026-01-06,2026-05-12,149.1,93.2,122.3,26.8,PM,Active,High,Allocated,86.3
ALC004078,EMP0702,PRJ0082,CLI0013,2026-04-08,2026-05-03,172.2,107.6,141.2,31.0,Developer,Completed,High,Overallocated,67.1
ALC004079,EMP0422,PRJ0108,CLI0055,2026-01-19,2026-04-10,121.6,76.0,99.7,21.9,Tester,Completed,Critical,Allocated,79.3
ALC004080,EMP0824,PRJ0101,CLI0028,2026-03-06,2026-04-15,131.2,82.0,107.6,23.6,Developer,Completed,Critical,Allocated,65.3
ALC004081,EMP0531,PRJ0100,CLI0039,2026-01-09,2026-04-09,153.9,96.2,126.2,27.7,Developer,Active,Low,Allocated,79.8
ALC004082,EMP0504,PRJ0104,CLI0018,2026-01-13,2026-05-23,102.9,64.3,84.4,18.5,Designer,On Hold,Low,Allocated,91.0
ALC004083,EMP0774,PRJ0027,CLI0004,2026-02-11,2026-06-13,90.1,56.3,73.9,16.2,Designer,Active,High,Underallocated,62.1
ALC004084,EMP0305,PRJ0136,CLI0003,2026-01-19,2026-05-16,97.3,60.8,79.8,17.5,Analyst,Completed,Medium,Allocated,61.9
ALC004085,EMP0560,PRJ0059,CLI0017,2026-05-14,2026-08-01,75.2,47.0,61.7,13.5,Designer,Completed,Critical,Underallocated,67.8
ALC004086,EMP0779,PRJ0105,CLI0056,2026-03-14,2026-05-14,68.5,42.8,56.2,12.3,Support,Active,High,Underallocated,75.4
ALC004087,EMP0699,PRJ0120,CLI0028,2026-05-10,2026-06-20,200.8,125.5,164.7,36.1,Tester,On Hold,High,Overallocated,83.8
ALC004088,EMP0130,PRJ0113,CLI0050,2026-01-12,2026-02-09,76.2,47.6,62.5,13.7,Support,Active,Low,Underallocated,64.8
ALC004089,EMP0844,PRJ0125,CLI0019,2026-03-17,2026-05-22,122.9,76.8,100.8,22.1,Lead,Active,Medium,Allocated,62.6
ALC004090,EMP0572,PRJ0099,CLI0038,2026-02-13,2026-04-22,108.6,67.9,89.1,19.5,Analyst,Completed,Low,Allocated,69.1
ALC004091,EMP0338,PRJ0018,CLI0024,2026-02-10,2026-05-25,153.9,96.2,126.2,27.7,Designer,Active,Low,Allocated,62.8
ALC004092,EMP0518,PRJ0061,CLI0059,2026-02-18,2026-04-25,116.6,72.9,95.6,21.0,Designer,On Hold,Critical,Allocated,60.8
ALC004093,EMP0782,PRJ0091,CLI0026,2026-03-06,2026-06-23,167.5,104.7,137.3,30.1,PM,Active,High,Overallocated,92.7
ALC004094,EMP0100,PRJ0033,CLI0030,2026-02-20,2026-04-16,106.9,66.8,87.7,19.2,PM,Active,Low,Allocated,81.0
ALC004095,EMP0683,PRJ0001,CLI0057,2026-01-09,2026-02-11,121.8,76.1,99.9,21.9,Support,Active,Medium,Allocated,67.1
ALC004096,EMP0546,PRJ0034,CLI0045,2026-06-03,2026-09-08,142.1,88.8,116.5,25.6,Analyst,Active,Medium,Allocated,85.8
ALC004097,EMP0172,PRJ0094,CLI0008,2026-03-01,2026-06-25,120.0,75.0,98.4,21.6,Tester,Completed,Medium,Allocated,73.7
ALC004098,EMP0140,PRJ0011,CLI0024,2026-01-12,2026-03-23,133.1,83.2,109.1,24.0,Tester,Completed,Medium,Allocated,69.6
ALC004099,EMP0656,PRJ0112,CLI0006,2026-02-09,2026-05-09,123.4,77.1,101.2,22.2,Support,On Hold,Medium,Allocated,86.8
ALC004100,EMP0676,PRJ0169,CLI0060,2026-06-15,2026-07-11,55.5,34.7,45.5,10.0,Tester,On Hold,Critical,Underallocated,78.8
ALC004101,EMP0176,PRJ0093,CLI0012,2026-02-12,2026-03-31,142.6,89.1,116.9,25.7,Support,Active,High,Allocated,87.9
ALC004102,EMP0837,PRJ0102,CLI0043,2026-04-11,2026-05-28,159.0,99.4,130.4,28.6,Designer,Completed,Medium,Allocated,84.1
ALC004103,EMP0216,PRJ0083,CLI0032,2026-02-12,2026-04-27,106.9,66.8,87.7,19.2,Support,Active,Critical,Allocated,87.4
ALC004104,EMP0109,PRJ0106,CLI0041,2026-01-16,2026-03-07,103.8,64.9,85.1,18.7,PM,Active,Medium,Allocated,83.2
ALC004105,EMP0052,PRJ0107,CLI0032,2026-04-19,2026-07-12,123.7,77.3,101.4,22.3,Developer,Completed,Medium,Allocated,85.3
ALC004106,EMP0163,PRJ0110,CLI0054,2026-04-12,2026-05-24,189.8,118.6,155.6,34.2,PM,Active,Critical,Overallocated,88.0
ALC004107,EMP0449,PRJ0097,CLI0018,2026-03-07,2026-05-05,100.6,62.9,82.5,18.1,Analyst,On Hold,Critical,Allocated,65.8
ALC004108,EMP0550,PRJ0148,CLI0035,2026-06-20,2026-08-22,137.0,85.6,112.3,24.7,Support,On Hold,Critical,Allocated,66.4
ALC004109,EMP0391,PRJ0029,CLI0058,2026-02-10,2026-05-26,105.0,65.6,86.1,18.9,Support,On Hold,Critical,Allocated,71.0
ALC004110,EMP0644,PRJ0170,CLI0032,2026-03-20,2026-04-12,135.8,84.9,111.4,24.4,Developer,On Hold,High,Allocated,85.1
ALC004111,EMP0054,PRJ0076,CLI0055,2026-06-11,2026-11-06,61.0,38.1,50.0,11.0,Tester,Active,High,Underallocated,81.3
ALC004112,EMP0740,PRJ0100,CLI0039,2026-06-21,2026-08-05,183.8,114.9,150.7,33.1,Developer,On Hold,High,Overallocated,88.4
ALC004113,EMP0587,PRJ0061,CLI0059,2026-05-08,2026-07-07,126.7,79.2,103.9,22.8,Lead,On Hold,Critical,Allocated,64.7
ALC004114,EMP0408,PRJ0135,CLI0022,2026-02-13,2026-04-21,100.8,63.0,82.7,18.1,Developer,Active,Low,Allocated,68.0
ALC004115,EMP0707,PRJ0165,CLI0030,2026-02-06,2026-07-05,101.9,63.7,83.6,18.3,Designer,On Hold,Low,Allocated,63.4
ALC004116,EMP0179,PRJ0046,CLI0048,2026-04-10,2026-07-23,123.2,77.0,101.0,22.2,Support,Completed,Critical,Allocated,60.3
ALC004117,EMP0172,PRJ0168,CLI0016,2026-02-14,2026-03-20,192.2,120.1,157.6,34.6,PM,On Hold,Medium,Overallocated,74.9
ALC004118,EMP0565,PRJ0083,CLI0032,2026-05-15,2026-08-10,173.9,108.7,142.6,31.3,Lead,On Hold,Low,Overallocated,78.4
ALC004119,EMP0351,PRJ0120,CLI0028,2026-02-03,2026-05-09,101.3,63.3,83.1,18.2,Tester,Active,High,Allocated,72.0
ALC004120,EMP0499,PRJ0036,CLI0045,2026-03-20,2026-05-07,115.8,72.4,95.0,20.8,Analyst,On Hold,Medium,Allocated,80.9
ALC004121,EMP0019,PRJ0054,CLI0021,2026-06-15,2026-09-18,117.8,73.6,96.6,21.2,Designer,Completed,Medium,Allocated,74.1
ALC004122,EMP0517,PRJ0126,CLI0060,2026-03-18,2026-06-03,33.9,21.2,27.8,6.1,PM,On Hold,Critical,Underallocated,79.4
ALC004123,EMP0029,PRJ0106,CLI0041,2026-01-12,2026-06-08,102.7,64.2,84.2,18.5,Support,Completed,High,Allocated,83.7
ALC004124,EMP0558,PRJ0142,CLI0026,2026-02-10,2026-03-20,120.5,75.3,98.8,21.7,Tester,Completed,Critical,Allocated,86.8
ALC004125,EMP0729,PRJ0135,CLI0022,2026-05-04,2026-06-27,75.7,47.3,62.1,13.6,Tester,Active,Medium,Underallocated,72.7
ALC004126,EMP0313,PRJ0079,CLI0059,2026-05-09,2026-07-09,181.1,113.2,148.5,32.6,Lead,Completed,Medium,Overallocated,90.1
ALC004127,EMP0077,PRJ0144,CLI0056,2026-04-15,2026-07-09,67.0,41.9,54.9,12.1,Developer,Completed,Critical,Underallocated,68.8
ALC004128,EMP0582,PRJ0119,CLI0048,2026-06-06,2026-09-08,71.4,44.6,58.5,12.9,Support,On Hold,Critical,Underallocated,63.0
ALC004129,EMP0717,PRJ0045,CLI0011,2026-02-14,2026-06-11,139.7,87.3,114.6,25.1,Designer,On Hold,High,Allocated,70.6
ALC004130,EMP0806,PRJ0009,CLI0015,2026-05-07,2026-06-03,123.2,77.0,101.0,22.2,Analyst,On Hold,Medium,Allocated,64.0
ALC004131,EMP0314,PRJ0042,CLI0026,2026-03-03,2026-07-29,93.9,58.7,77.0,16.9,Designer,Active,High,Underallocated,92.3
ALC004132,EMP0496,PRJ0161,CLI0056,2026-05-06,2026-06-01,152.3,95.2,124.9,27.4,PM,On Hold,Low,Allocated,80.2
ALC004133,EMP0571,PRJ0148,CLI0035,2026-05-20,2026-06-29,121.8,76.1,99.9,21.9,Designer,Completed,Low,Allocated,91.0
ALC004134,EMP0640,PRJ0074,CLI0006,2026-04-18,2026-08-14,185.9,116.2,152.4,33.5,Developer,Completed,High,Overallocated,84.7
ALC004135,EMP0506,PRJ0043,CLI0043,2026-02-10,2026-05-21,40.8,25.5,33.5,7.3,Analyst,Active,Critical,Underallocated,81.5
ALC004136,EMP0246,PRJ0060,CLI0022,2026-03-06,2026-05-26,91.2,57.0,74.8,16.4,Lead,Active,Critical,Underallocated,80.5
ALC004137,EMP0523,PRJ0054,CLI0021,2026-02-09,2026-03-15,178.2,111.4,146.1,32.1,Lead,Active,Low,Overallocated,67.9
ALC004138,EMP0457,PRJ0106,CLI0041,2026-06-09,2026-09-11,131.2,82.0,107.6,23.6,Developer,Completed,Medium,Allocated,78.8
ALC004139,EMP0824,PRJ0082,CLI0013,2026-06-08,2026-10-22,107.8,67.4,88.4,19.4,Tester,On Hold,Critical,Allocated,63.9
ALC004140,EMP0268,PRJ0099,CLI0038,2026-06-19,2026-10-31,95.8,59.9,78.6,17.2,Developer,On Hold,Low,Underallocated,71.3
ALC004141,EMP0219,PRJ0037,CLI0057,2026-01-15,2026-05-07,125.9,78.7,103.2,22.7,Designer,Completed,Medium,Allocated,82.7
ALC004142,EMP0544,PRJ0016,CLI0049,2026-04-02,2026-05-18,66.2,41.4,54.3,11.9,Tester,Active,Low,Underallocated,85.6
ALC004143,EMP0019,PRJ0166,CLI0028,2026-04-11,2026-08-09,54.6,34.1,44.8,9.8,Designer,Active,Low,Underallocated,89.9
ALC004144,EMP0083,PRJ0071,CLI0036,2026-06-21,2026-10-02,134.6,84.1,110.4,24.2,Developer,Completed,Medium,Allocated,94.3
ALC004145,EMP0381,PRJ0005,CLI0011,2026-03-10,2026-06-29,146.2,91.4,119.9,26.3,Support,On Hold,High,Allocated,68.1
ALC004146,EMP0065,PRJ0032,CLI0053,2026-04-07,2026-07-29,149.6,93.5,122.7,26.9,PM,On Hold,Critical,Allocated,80.4
ALC004147,EMP0505,PRJ0071,CLI0036,2026-06-16,2026-08-28,94.9,59.3,77.8,17.1,Support,Completed,High,Underallocated,70.3
ALC004148,EMP0296,PRJ0169,CLI0060,2026-04-09,2026-06-26,93.3,58.3,76.5,16.8,Lead,Active,Low,Underallocated,94.4
ALC004149,EMP0325,PRJ0174,CLI0032,2026-01-13,2026-05-04,111.8,69.9,91.7,20.1,Support,On Hold,High,Allocated,69.4
ALC004150,EMP0331,PRJ0056,CLI0042,2026-06-02,2026-06-22,72.3,45.2,59.3,13.0,Designer,On Hold,Medium,Underallocated,83.2
ALC004151,EMP0740,PRJ0002,CLI0046,2026-02-18,2026-03-30,138.6,86.6,113.7,24.9,Designer,On Hold,High,Allocated,88.5
ALC004152,EMP0020,PRJ0174,CLI0032,2026-01-17,2026-03-28,100.2,62.6,82.2,18.0,Lead,Completed,Critical,Allocated,94.4
ALC004153,EMP0226,PRJ0138,CLI0018,2026-01-15,2026-05-27,109.3,68.3,89.6,19.7,Designer,On Hold,Medium,Allocated,64.2
ALC004154,EMP0031,PRJ0030,CLI0043,2026-03-09,2026-08-03,105.0,65.6,86.1,18.9,Lead,Completed,Low,Allocated,79.5
ALC004155,EMP0185,PRJ0160,CLI0057,2026-04-10,2026-06-29,132.6,82.9,108.7,23.9,PM,Completed,Medium,Allocated,93.3
ALC004156,EMP0707,PRJ0043,CLI0043,2026-05-20,2026-10-10,123.5,77.2,101.3,22.2,Analyst,On Hold,Low,Allocated,94.8
ALC004157,EMP0409,PRJ0097,CLI0018,2026-02-03,2026-03-07,188.3,117.7,154.4,33.9,Analyst,On Hold,Critical,Overallocated,77.6
ALC004158,EMP0243,PRJ0068,CLI0059,2026-03-17,2026-08-08,96.6,60.4,79.2,17.4,Developer,Active,High,Allocated,66.4
ALC004159,EMP0495,PRJ0074,CLI0006,2026-06-17,2026-10-03,183.7,114.8,150.6,33.1,Support,Completed,High,Overallocated,82.9
ALC004160,EMP0583,PRJ0051,CLI0059,2026-01-03,2026-03-23,39.5,24.7,32.4,7.1,PM,On Hold,Medium,Underallocated,82.1
ALC004161,EMP0768,PRJ0155,CLI0042,2026-04-01,2026-06-14,131.5,82.2,107.8,23.7,Developer,On Hold,Medium,Allocated,69.9
ALC004162,EMP0702,PRJ0106,CLI0041,2026-04-19,2026-05-13,48.6,30.4,39.9,8.7,Lead,Completed,Medium,Underallocated,81.2
ALC004163,EMP0321,PRJ0176,CLI0014,2026-04-02,2026-06-20,71.0,44.4,58.2,12.8,Support,Active,Critical,Underallocated,88.4
ALC004164,EMP0195,PRJ0140,CLI0018,2026-03-04,2026-05-30,73.0,45.6,59.9,13.1,Analyst,Active,High,Underallocated,76.2
ALC004165,EMP0820,PRJ0158,CLI0059,2026-03-17,2026-06-16,69.9,43.7,57.3,12.6,Designer,On Hold,Low,Underallocated,60.2
ALC004166,EMP0271,PRJ0010,CLI0035,2026-02-07,2026-06-26,87.7,54.8,71.9,15.8,Designer,Active,Critical,Underallocated,76.1
ALC004167,EMP0549,PRJ0052,CLI0022,2026-06-20,2026-10-30,200.0,125.0,164.0,36.0,Designer,Completed,Medium,Overallocated,88.0
ALC004168,EMP0323,PRJ0006,CLI0019,2026-06-16,2026-09-19,76.8,48.0,63.0,13.8,Analyst,On Hold,Medium,Underallocated,68.3
ALC004169,EMP0820,PRJ0006,CLI0019,2026-05-15,2026-08-18,47.5,29.7,38.9,8.5,Support,Active,Critical,Underallocated,89.9
ALC004170,EMP0593,PRJ0030,CLI0043,2026-02-03,2026-03-05,131.7,82.3,108.0,23.7,Lead,On Hold,High,Allocated,89.4
ALC004171,EMP0292,PRJ0057,CLI0043,2026-02-17,2026-05-14,121.8,76.1,99.9,21.9,Designer,Completed,Low,Allocated,75.6
ALC004172,EMP0695,PRJ0091,CLI0026,2026-02-17,2026-05-17,200.6,125.4,164.5,36.1,Tester,Completed,High,Overallocated,66.1
ALC004173,EMP0451,PRJ0146,CLI0006,2026-02-19,2026-07-18,110.4,69.0,90.5,19.9,Developer,On Hold,Critical,Allocated,84.9
ALC004174,EMP0537,PRJ0054,CLI0021,2026-04-08,2026-05-18,20.5,12.8,16.8,3.7,Analyst,Active,Low,Underallocated,65.2
ALC004175,EMP0746,PRJ0037,CLI0057,2026-04-17,2026-07-27,94.9,59.3,77.8,17.1,Developer,Active,High,Underallocated,86.5
ALC004176,EMP0755,PRJ0100,CLI0039,2026-06-15,2026-09-22,94.1,58.8,77.2,16.9,Developer,On Hold,High,Underallocated,62.8
ALC004177,EMP0160,PRJ0056,CLI0042,2026-01-03,2026-02-24,62.7,39.2,51.4,11.3,Analyst,Completed,High,Underallocated,84.8
ALC004178,EMP0591,PRJ0177,CLI0053,2026-05-21,2026-08-25,89.4,55.9,73.3,16.1,PM,Completed,High,Underallocated,89.2
ALC004179,EMP0510,PRJ0152,CLI0005,2026-05-03,2026-08-31,106.1,66.3,87.0,19.1,Lead,Completed,Medium,Allocated,87.6
ALC004180,EMP0104,PRJ0021,CLI0060,2026-04-05,2026-06-18,109.6,68.5,89.9,19.7,Designer,Completed,Medium,Allocated,86.3
ALC004181,EMP0715,PRJ0064,CLI0024,2026-01-21,2026-05-31,56.8,35.5,46.6,10.2,Support,On Hold,High,Underallocated,78.4
ALC004182,EMP0075,PRJ0165,CLI0030,2026-03-20,2026-08-16,136.3,85.2,111.8,24.5,Developer,On Hold,Critical,Allocated,93.5
ALC004183,EMP0280,PRJ0108,CLI0055,2026-02-15,2026-03-21,177.4,110.9,145.5,31.9,Tester,On Hold,High,Overallocated,71.7
ALC004184,EMP0693,PRJ0168,CLI0016,2026-01-17,2026-03-22,123.2,77.0,101.0,22.2,Support,Completed,Critical,Allocated,88.2
ALC004185,EMP0818,PRJ0060,CLI0022,2026-05-17,2026-08-24,156.3,97.7,128.2,28.1,Tester,Completed,High,Allocated,62.4
ALC004186,EMP0495,PRJ0102,CLI0043,2026-01-17,2026-02-11,119.2,74.5,97.7,21.5,Analyst,Completed,Medium,Allocated,62.7
ALC004187,EMP0017,PRJ0139,CLI0008,2026-05-08,2026-06-25,70.1,43.8,57.5,12.6,Lead,Active,Critical,Underallocated,75.5
ALC004188,EMP0476,PRJ0173,CLI0012,2026-01-10,2026-04-08,122.9,76.8,100.8,22.1,PM,Completed,Medium,Allocated,85.5
ALC004189,EMP0191,PRJ0011,CLI0024,2026-05-10,2026-06-23,91.8,57.4,75.3,16.5,Support,Active,Low,Underallocated,91.9
ALC004190,EMP0518,PRJ0102,CLI0043,2026-04-15,2026-07-02,67.7,42.3,55.5,12.2,Support,Active,High,Underallocated,62.6
ALC004191,EMP0707,PRJ0066,CLI0051,2026-01-07,2026-03-06,108.8,68.0,89.2,19.6,PM,Active,High,Allocated,77.5
ALC004192,EMP0483,PRJ0116,CLI0042,2026-04-12,2026-09-01,144.8,90.5,118.7,26.1,Support,On Hold,Medium,Allocated,65.4
ALC004193,EMP0730,PRJ0085,CLI0045,2026-04-19,2026-09-15,98.4,61.5,80.7,17.7,Lead,Completed,Critical,Allocated,92.2
ALC004194,EMP0677,PRJ0162,CLI0012,2026-04-18,2026-08-02,189.6,118.5,155.5,34.1,Lead,Completed,Critical,Overallocated,75.3
ALC004195,EMP0305,PRJ0147,CLI0001,2026-03-01,2026-06-15,150.1,,123.1,27.0,PM,Active,Low,Allocated,83.6
ALC004196,EMP0316,PRJ0126,CLI0060,2026-02-12,2026-06-04,90.1,56.3,73.9,16.2,Designer,Active,Medium,Underallocated,64.8
ALC004197,EMP0647,PRJ0007,CLI0040,2026-05-16,2026-06-16,88.8,55.5,72.8,16.0,Lead,Completed,Low,Underallocated,91.1
ALC004198,EMP0004,PRJ0055,CLI0015,2026-05-19,2026-10-03,197.8,123.6,162.2,35.6,Designer,On Hold,Low,Overallocated,73.1
ALC004199,EMP0785,PRJ0050,CLI0039,2026-02-19,2026-05-18,98.6,61.6,80.9,17.7,Support,Completed,Medium,Allocated,88.7
ALC004200,EMP0274,PRJ0090,CLI0041,2026-03-13,2026-04-11,126.6,79.1,103.8,22.8,Support,Active,High,Allocated,92.5
ALC004201,EMP0010,PRJ0110,CLI0054,2026-02-19,2026-07-16,128.8,80.5,105.6,23.2,Support,Active,High,Allocated,75.4
ALC004202,EMP0591,PRJ0057,CLI0043,2026-03-14,2026-04-24,43.0,26.9,35.3,7.7,Tester,Completed,Low,Underallocated,73.1
ALC004203,EMP0355,PRJ0158,CLI0059,2026-01-02,2026-03-30,43.5,27.2,35.7,7.8,Designer,On Hold,High,Underallocated,91.9
ALC004204,EMP0728,PRJ0129,CLI0019,2026-04-03,2026-06-09,146.2,91.4,119.9,26.3,Analyst,On Hold,Low,Allocated,66.8
ALC004205,EMP0134,PRJ0153,CLI0030,2026-06-19,2026-10-30,70.1,43.8,57.5,12.6,Designer,On Hold,Medium,Underallocated,85.7
ALC004206,EMP0291,PRJ0099,CLI0038,2026-06-11,2026-11-05,112.5,70.3,92.2,20.2,Analyst,Completed,Critical,Allocated,77.8
ALC004207,EMP0473,PRJ0016,CLI0049,2026-04-01,2026-05-25,51.5,32.2,42.2,9.3,Developer,On Hold,Low,Underallocated,65.0
ALC004208,EMP0378,PRJ0065,CLI0003,2026-04-11,2026-07-26,98.9,61.8,81.1,17.8,Analyst,Active,Medium,Allocated,92.8
ALC004209,EMP0335,PRJ0052,CLI0022,2026-05-12,2026-07-25,120.5,75.3,98.8,21.7,Tester,On Hold,Critical,Allocated,82.7
ALC004210,EMP0264,PRJ0031,CLI0044,2026-04-10,2026-05-09,29.6,18.5,24.3,5.3,Developer,Completed,High,Underallocated,65.2
ALC004211,EMP0119,PRJ0156,CLI0002,2026-06-17,2026-09-02,114.2,71.4,93.6,20.6,Designer,On Hold,Low,Allocated,74.1
ALC004212,EMP0480,PRJ0102,CLI0043,2026-03-14,2026-06-13,116.3,72.7,95.4,20.9,Developer,Active,High,Allocated,72.6
ALC004213,EMP0607,PRJ0166,CLI0028,2026-04-20,2026-07-09,93.3,58.3,76.5,16.8,Analyst,Completed,Low,Underallocated,78.0
ALC004214,EMP0494,PRJ0167,CLI0027,2026-05-04,2026-09-02,68.0,42.5,55.8,12.2,PM,Completed,Medium,Underallocated,65.0
ALC004215,EMP0452,PRJ0039,CLI0024,2026-05-14,2026-09-13,97.0,60.6,79.5,17.5,Developer,Completed,High,Allocated,88.5
ALC004216,EMP0837,PRJ0133,CLI0044,2026-05-15,2026-09-07,97.0,60.6,79.5,17.5,Tester,Active,Medium,Allocated,85.2
ALC004217,EMP0818,PRJ0163,CLI0044,2026-01-15,2026-03-19,189.0,118.1,155.0,34.0,Designer,On Hold,Critical,Overallocated,66.5
ALC004218,EMP0447,PRJ0003,CLI0041,2026-04-06,2026-05-28,107.2,67.0,87.9,19.3,Developer,Active,High,Allocated,62.1
ALC004219,EMP0684,PRJ0027,CLI0004,2026-05-17,2026-09-06,93.4,58.4,76.6,16.8,Developer,Active,Medium,Underallocated,64.5
ALC004220,EMP0283,PRJ0075,CLI0033,2026-06-11,2026-07-12,107.0,66.9,87.7,19.3,Developer,Active,Medium,Allocated,64.4
ALC004221,EMP0272,PRJ0026,CLI0019,2026-04-03,2026-04-25,129.0,80.6,105.8,23.2,Tester,On Hold,High,Allocated,77.4
ALC004222,EMP0570,PRJ0109,CLI0010,2026-04-12,2026-05-23,127.5,79.7,104.5,22.9,Designer,On Hold,Low,Allocated,89.9
ALC004223,EMP0590,PRJ0158,CLI0059,2026-05-11,2026-08-25,129.9,81.2,106.5,23.4,Lead,Active,High,Allocated,83.9
ALC004224,EMP0559,PRJ0152,CLI0005,2026-04-14,2026-05-10,136.2,85.1,111.7,24.5,PM,Active,Critical,Allocated,62.0
ALC004225,EMP0395,PRJ0002,CLI0046,2026-01-07,2026-04-23,53.6,33.5,44.0,9.6,Lead,Active,High,Underallocated,67.2
ALC004226,EMP0509,PRJ0104,CLI0018,2026-04-07,2026-06-27,132.6,82.9,108.7,23.9,Support,Active,Medium,Allocated,66.3
ALC004227,EMP0383,PRJ0163,CLI0044,2026-01-17,2026-05-05,,74.6,97.9,21.5,Designer,Active,Medium,Allocated,72.3
ALC004228,EMP0511,PRJ0103,CLI0001,2026-06-03,2026-08-13,87.0,54.4,71.3,15.7,Lead,Active,High,Underallocated,80.9
ALC004229,EMP0758,PRJ0061,CLI0059,2026-06-14,2026-07-28,116.3,72.7,95.4,20.9,Support,On Hold,Critical,Allocated,76.9
ALC004230,EMP0133,PRJ0059,CLI0017,2026-02-21,2026-06-01,107.7,67.3,88.3,19.4,Support,Completed,Low,Allocated,78.1
ALC004231,EMP0310,PRJ0140,CLI0018,2026-01-01,2026-04-15,111.2,69.5,91.2,20.0,Analyst,Active,Low,Allocated,75.3
ALC004232,EMP0331,PRJ0112,CLI0006,2026-03-03,2026-06-03,119.0,74.4,97.6,21.4,Support,On Hold,High,Allocated,71.4
ALC004233,EMP0778,PRJ0067,CLI0015,2026-04-02,2026-07-23,44.8,28.0,36.7,8.1,Lead,Active,Critical,Underallocated,67.4
ALC004234,EMP0453,PRJ0100,CLI0039,2026-04-12,2026-09-03,122.6,76.6,100.5,22.1,Support,Active,High,Allocated,72.4
ALC004235,EMP0032,PRJ0069,CLI0021,2026-04-07,2026-06-19,138.1,86.3,113.2,24.9,Tester,Completed,Low,Allocated,92.5
ALC004236,EMP0490,PRJ0128,CLI0044,2026-05-16,2026-08-11,121.8,76.1,99.9,21.9,Designer,Completed,High,Allocated,67.7
ALC004237,EMP0765,PRJ0085,CLI0045,2026-04-11,2026-06-13,83.0,51.9,68.1,14.9,Tester,Completed,Critical,Underallocated,87.3
ALC004238,EMP0069,PRJ0159,CLI0025,2026-04-05,2026-05-19,77.4,48.4,63.5,13.9,PM,On Hold,High,Underallocated,68.3
ALC004239,EMP0492,PRJ0138,CLI0018,2026-01-10,2026-05-31,119.4,74.6,97.9,21.5,Tester,On Hold,High,Allocated,84.2
ALC004240,EMP0398,PRJ0151,CLI0036,2026-03-01,2026-07-18,144.2,90.1,118.2,26.0,Analyst,On Hold,High,Allocated,72.5
ALC004241,EMP0288,PRJ0028,CLI0011,2026-01-21,2026-02-10,164.3,102.7,134.7,29.6,Developer,Active,Low,Overallocated,76.6
ALC004242,EMP0280,PRJ0006,CLI0019,2026-01-07,2026-02-06,142.6,89.1,116.9,25.7,Developer,Completed,High,Allocated,87.3
ALC004243,EMP0034,PRJ0014,CLI0026,2026-06-04,2026-07-09,132.5,82.8,108.6,23.8,Analyst,Completed,High,Allocated,64.4
ALC004244,EMP0605,PRJ0157,CLI0044,2026-06-12,2026-07-23,10.2,6.4,8.4,1.8,PM,On Hold,High,Underallocated,82.5
ALC004245,EMP0784,PRJ0069,CLI0021,2026-02-01,2026-03-31,87.5,54.7,71.8,15.8,Developer,On Hold,Low,Underallocated,90.2
ALC004246,EMP0159,PRJ0089,CLI0043,2026-03-21,2026-04-15,124.5,77.8,102.1,22.4,Designer,On Hold,Low,Allocated,84.8
ALC004247,EMP0500,PRJ0146,CLI0006,2026-05-19,2026-06-12,84.8,53.0,69.5,15.3,Designer,Active,High,Underallocated,90.4
ALC004248,EMP0587,PRJ0065,CLI0003,2026-02-13,2026-05-14,74.7,46.7,61.3,13.4,Developer,Active,Medium,Underallocated,71.0
ALC004249,EMP0254,PRJ0062,CLI0038,2026-02-19,2026-04-11,69.4,43.4,56.9,12.5,Designer,On Hold,High,Underallocated,64.0
ALC004250,EMP0470,PRJ0113,CLI0050,2026-05-12,2026-08-11,182.6,114.1,149.7,32.9,Designer,On Hold,Medium,Overallocated,63.5
ALC004251,EMP0378,PRJ0021,CLI0060,2026-03-21,2026-07-10,,37.5,49.2,10.8,Developer,On Hold,Medium,Underallocated,60.1
ALC004252,EMP0592,PRJ0176,CLI0014,2026-03-04,2026-06-30,103.5,64.7,84.9,18.6,Analyst,Active,High,Allocated,84.0
ALC004253,EMP0171,PRJ0045,CLI0011,2026-06-13,2026-08-22,82.9,51.8,68.0,14.9,Tester,On Hold,High,Underallocated,64.6
ALC004254,EMP0167,PRJ0169,CLI0060,2026-03-10,2026-06-08,77.4,48.4,63.5,13.9,Support,Active,Medium,Underallocated,84.4
ALC004255,EMP0306,PRJ0035,CLI0016,2026-05-12,2026-06-09,128.5,80.3,105.4,23.1,Tester,On Hold,Medium,Allocated,64.2
ALC004256,EMP0030,PRJ0109,CLI0010,2026-01-06,2026-02-23,145.0,90.6,118.9,26.1,Analyst,On Hold,Critical,Allocated,73.4
ALC004257,EMP0657,PRJ0079,CLI0059,2026-06-13,2026-10-20,65.0,40.6,53.3,11.7,Designer,Active,High,Underallocated,69.8
ALC004258,EMP0405,PRJ0004,CLI0056,2026-03-01,2026-04-15,114.1,71.3,93.6,20.5,Developer,On Hold,Medium,Allocated,88.6
ALC004259,EMP0627,PRJ0068,CLI0059,2026-01-18,2026-02-24,107.5,67.2,88.1,19.3,Analyst,On Hold,Critical,Allocated,85.8
ALC004260,EMP0367,PRJ0093,CLI0012,2026-05-15,2026-08-17,93.9,58.7,77.0,16.9,Analyst,Completed,High,Underallocated,64.2
ALC004261,EMP0275,PRJ0039,CLI0024,2026-01-21,2026-03-21,74.7,46.7,61.3,13.4,Analyst,Active,High,Underallocated,61.9
ALC004262,EMP0069,PRJ0059,CLI0017,2026-01-20,2026-04-17,156.3,97.7,128.2,28.1,Analyst,On Hold,High,Allocated,89.6
ALC004263,EMP0577,PRJ0090,CLI0041,2026-01-20,2026-06-17,70.6,44.1,57.9,12.7,Designer,On Hold,Low,Underallocated,75.7
ALC004264,EMP0696,PRJ0044,CLI0043,2026-05-06,2026-09-15,59.8,37.4,49.0,10.8,Analyst,Completed,Low,Underallocated,69.6
ALC004265,EMP0302,PRJ0055,CLI0015,2026-06-09,2026-10-28,156.0,97.5,127.9,28.1,Tester,Completed,Critical,Allocated,69.0
ALC004266,EMP0361,PRJ0119,CLI0048,2026-03-06,2026-05-22,120.0,75.0,98.4,21.6,PM,Completed,High,Allocated,75.3
ALC004267,EMP0330,PRJ0165,CLI0030,2026-06-07,2026-07-14,64.8,40.5,53.1,11.7,Analyst,Active,High,Underallocated,92.9
ALC004268,EMP0012,PRJ0061,CLI0059,2026-01-08,2026-03-17,109.0,68.1,89.4,19.6,Tester,Active,Critical,Allocated,73.1
ALC004269,EMP0680,PRJ0119,CLI0048,2026-01-11,2026-04-15,87.0,54.4,71.3,15.7,PM,On Hold,Low,Underallocated,82.1
ALC004270,EMP0111,PRJ0020,CLI0049,2026-04-03,2026-07-12,171.5,107.2,140.6,30.9,PM,Completed,Low,Overallocated,63.0
ALC004271,EMP0463,PRJ0031,CLI0044,2026-03-21,2026-06-24,102.4,64.0,84.0,18.4,Analyst,Active,Critical,Allocated,60.6
ALC004272,EMP0498,PRJ0017,CLI0050,2026-06-03,2026-07-11,133.3,83.3,109.3,24.0,Tester,Completed,Low,Allocated,79.5
ALC004273,EMP0682,PRJ0156,CLI0002,2026-05-19,2026-06-20,111.0,69.4,91.0,20.0,Lead,Active,High,Allocated,74.3
ALC004274,EMP0662,PRJ0171,CLI0001,2026-04-14,2026-06-19,169.4,105.9,138.9,30.5,PM,Active,High,Overallocated,72.9
ALC004275,EMP0121,PRJ0008,CLI0052,2026-01-11,2026-05-13,120.2,75.1,98.6,21.6,Developer,On Hold,Low,Allocated,73.6
ALC004276,EMP0369,PRJ0120,CLI0028,2026-05-04,2026-08-02,158.2,98.9,129.7,28.5,Tester,On Hold,Low,Allocated,93.1
ALC004277,EMP0384,PRJ0035,CLI0016,2026-01-07,2026-02-20,133.6,83.5,109.6,24.0,Lead,Active,Critical,Allocated,77.3
ALC004278,EMP0750,PRJ0099,CLI0038,2026-05-03,2026-08-12,89.9,56.2,73.7,16.2,Support,On Hold,High,Underallocated,71.3
ALC004279,EMP0583,PRJ0177,CLI0053,2026-03-16,2026-04-09,112.0,70.0,91.8,20.2,Developer,Completed,Critical,Allocated,72.9
ALC004280,EMP0588,PRJ0038,CLI0059,2026-01-14,2026-04-25,103.5,64.7,84.9,18.6,Analyst,On Hold,High,Allocated,61.3
ALC004281,EMP0637,PRJ0034,CLI0045,2026-05-15,2026-07-15,89.1,55.7,73.1,16.0,Analyst,On Hold,Low,Underallocated,65.9
ALC004282,EMP0375,PRJ0033,CLI0030,2026-06-17,2026-11-13,69.0,43.1,56.6,12.4,Analyst,On Hold,High,Underallocated,72.7
ALC004283,EMP0318,PRJ0119,CLI0048,2026-03-02,2026-04-23,166.4,104.0,136.4,30.0,PM,Active,Medium,Overallocated,91.4
ALC004284,EMP0026,PRJ0104,CLI0018,2026-06-20,2026-07-19,29.6,18.5,24.3,5.3,PM,Active,Critical,Underallocated,82.4
ALC004285,EMP0032,PRJ0031,CLI0044,2026-05-20,2026-07-04,165.3,103.3,135.5,29.8,Tester,Completed,Medium,Overallocated,61.1
ALC004286,EMP0689,PRJ0010,CLI0035,2026-05-07,2026-09-21,58.6,36.6,48.1,10.5,Support,Completed,Critical,Underallocated,93.9
ALC004287,EMP0272,PRJ0007,CLI0040,2026-05-14,2026-08-07,133.8,83.6,109.7,24.1,Designer,On Hold,High,Allocated,94.8
ALC004288,EMP0519,PRJ0105,CLI0056,2026-06-07,2026-10-05,88.6,55.4,72.7,15.9,Developer,Active,High,Underallocated,79.3
ALC004289,EMP0684,PRJ0005,CLI0011,2026-01-17,2026-04-10,45.3,28.3,37.1,8.2,Analyst,Active,Low,Underallocated,61.6
ALC004290,EMP0164,PRJ0070,CLI0013,2026-03-08,2026-04-02,157.8,98.6,129.4,28.4,Developer,Completed,Critical,Allocated,88.7
ALC004291,EMP0518,PRJ0136,CLI0003,2026-05-05,2026-07-28,16.0,10.0,13.1,2.9,PM,On Hold,Critical,Underallocated,70.3
ALC004292,EMP0373,PRJ0047,CLI0018,2026-06-18,2026-09-21,143.8,89.9,117.9,25.9,Designer,Active,High,Allocated,83.1
ALC004293,EMP0717,PRJ0113,CLI0050,2026-03-05,2026-04-05,117.1,73.2,96.0,21.1,Developer,On Hold,Low,Allocated,85.8
ALC004294,EMP0544,PRJ0169,CLI0060,2026-02-01,2026-03-18,154.1,96.3,126.4,27.7,Designer,Active,High,Allocated,62.4
ALC004295,EMP0243,PRJ0171,CLI0001,2026-01-14,2026-05-28,137.1,85.7,112.4,24.7,Tester,Completed,Critical,Allocated,84.6
ALC004296,EMP0322,PRJ0080,CLI0026,2026-06-06,2026-09-29,136.5,85.3,111.9,24.6,Lead,Active,Low,Allocated,79.4
ALC004297,EMP0519,PRJ0060,CLI0022,2026-06-07,2026-10-07,147.8,92.4,121.2,26.6,Tester,Completed,Medium,Allocated,79.6
ALC004298,EMP0624,PRJ0162,CLI0012,2026-03-11,2026-07-21,145.4,90.9,119.2,26.2,PM,Active,Critical,Allocated,93.2
ALC004299,EMP0647,PRJ0001,CLI0057,2026-03-04,2026-07-13,130.1,81.3,106.7,23.4,PM,Active,High,Allocated,79.7
ALC004300,EMP0496,PRJ0045,CLI0011,2026-06-20,2026-07-21,98.6,61.6,80.9,17.7,Lead,Active,Medium,Allocated,80.5
ALC004301,EMP0146,PRJ0177,CLI0053,2026-02-19,2026-04-13,102.9,64.3,84.4,18.5,Analyst,Active,Critical,Allocated,84.0
ALC004302,EMP0265,PRJ0086,CLI0017,2026-06-16,2026-08-28,116.3,72.7,95.4,20.9,Developer,Completed,Critical,Allocated,89.6
ALC004303,EMP0387,PRJ0005,CLI0011,2026-02-03,2026-03-10,101.3,63.3,83.1,18.2,Developer,Completed,Critical,Allocated,71.4
ALC004304,EMP0175,PRJ0080,CLI0026,2026-02-06,2026-04-01,199.5,124.7,163.6,35.9,Analyst,Completed,High,Overallocated,72.7
ALC004305,EMP0420,PRJ0148,CLI0035,2026-03-21,2026-06-17,108.5,67.8,89.0,19.5,Lead,On Hold,High,Allocated,85.6
ALC004306,EMP0139,PRJ0079,CLI0059,2026-01-15,2026-06-04,66.1,41.3,54.2,11.9,Support,Active,High,Underallocated,61.6
ALC004307,EMP0402,PRJ0123,CLI0039,2026-01-15,2026-03-08,107.2,67.0,87.9,19.3,Tester,Active,Critical,Allocated,87.3
ALC004308,EMP0760,PRJ0021,CLI0060,2026-02-03,2026-03-13,78.4,49.0,64.3,14.1,Tester,Completed,High,Underallocated,63.1
ALC004309,EMP0654,PRJ0071,CLI0036,2026-03-09,2026-06-14,190.2,118.9,156.0,34.2,Lead,On Hold,Medium,Overallocated,68.7
ALC004310,EMP0262,PRJ0065,CLI0003,2026-04-14,2026-07-09,115.8,72.4,95.0,20.8,PM,On Hold,High,Allocated,79.5
ALC004311,EMP0772,PRJ0172,CLI0044,2026-02-12,2026-03-22,137.4,85.9,112.7,24.7,Lead,On Hold,High,Allocated,83.4
ALC004312,EMP0723,PRJ0024,CLI0041,2026-05-05,2026-09-18,132.6,82.9,108.7,23.9,Lead,Completed,High,Allocated,93.1
ALC004313,EMP0158,PRJ0162,CLI0012,2026-06-11,2026-11-05,149.8,93.6,122.8,27.0,Designer,On Hold,Medium,Allocated,76.4
ALC004314,EMP0583,PRJ0065,CLI0003,2026-06-05,2026-09-08,121.6,76.0,99.7,21.9,Designer,On Hold,Low,Allocated,66.5
ALC004315,EMP0751,PRJ0011,CLI0024,2026-01-04,2026-05-21,96.0,60.0,78.7,17.3,Designer,On Hold,Critical,Allocated,77.5
ALC004316,EMP0799,PRJ0076,CLI0055,2026-05-01,2026-07-19,113.9,71.2,93.4,20.5,Lead,Completed,Critical,Allocated,89.6
ALC004317,EMP0142,PRJ0077,CLI0025,2026-05-21,2026-09-14,62.9,39.3,51.6,11.3,Support,On Hold,Medium,Underallocated,85.3
ALC004318,EMP0229,PRJ0091,CLI0026,2026-03-21,2026-07-31,106.1,66.3,87.0,19.1,Tester,Active,High,Allocated,78.5
ALC004319,EMP0065,PRJ0091,CLI0026,2026-05-10,2026-06-06,183.7,114.8,150.6,33.1,Analyst,Active,Low,Overallocated,90.8
ALC004320,EMP0477,PRJ0161,CLI0056,2026-03-20,2026-05-22,141.4,88.4,115.9,25.5,Analyst,Completed,High,Allocated,92.7
ALC004321,EMP0042,PRJ0010,CLI0035,2026-06-09,2026-08-22,107.7,67.3,88.3,19.4,Lead,Active,High,Allocated,75.2
ALC004322,EMP0355,PRJ0049,CLI0043,2026-02-16,2026-05-25,192.5,120.3,157.8,34.6,Lead,Active,Low,Overallocated,65.2
ALC004323,EMP0521,PRJ0022,CLI0037,2026-01-20,2026-05-31,87.7,54.8,71.9,15.8,Tester,Active,Low,Underallocated,88.1
ALC004324,EMP0236,PRJ0114,CLI0043,2026-02-05,2026-06-13,125.8,78.6,103.2,22.6,Analyst,Completed,High,Allocated,74.5
ALC004325,EMP0211,PRJ0011,CLI0024,2026-04-12,2026-08-12,99.8,62.4,81.8,18.0,Analyst,On Hold,High,Allocated,91.0
ALC004326,EMP0537,PRJ0175,CLI0054,2026-04-11,2026-05-16,103.8,64.9,85.1,18.7,Lead,On Hold,Medium,Allocated,62.8
ALC004327,EMP0339,PRJ0013,CLI0048,2026-05-17,2026-10-10,127.7,79.8,104.7,23.0,Analyst,Active,Critical,Allocated,94.9
ALC004328,EMP0024,,CLI0008,2026-03-01,2026-07-23,135.0,,110.7,24.3,PM,On Hold,Medium,Allocated,77.0
ALC004329,EMP0191,PRJ0061,CLI0059,2026-05-01,2026-07-27,103.8,64.9,85.1,18.7,PM,Active,Critical,Allocated,82.6
ALC004330,EMP0360,PRJ0170,CLI0032,2026-04-10,2026-06-04,,49.1,64.5,14.1,Developer,On Hold,Low,Underallocated,76.2
ALC004331,EMP0212,PRJ0112,CLI0006,2026-02-19,2026-06-20,185.3,115.8,151.9,33.4,PM,Active,Low,Overallocated,79.9
ALC004332,EMP0549,PRJ0007,CLI0040,2026-03-10,2026-07-12,116.0,72.5,95.1,20.9,PM,Completed,High,Allocated,89.4
ALC004333,EMP0742,PRJ0180,CLI0006,2026-01-14,2026-03-13,70.6,44.1,57.9,12.7,PM,On Hold,High,Underallocated,73.6
ALC004334,EMP0073,PRJ0001,CLI0057,2026-02-19,2026-05-21,71.0,44.4,58.2,12.8,Analyst,Active,Medium,Underallocated,81.2
ALC004335,EMP0722,PRJ0157,CLI0044,2026-03-17,2026-06-15,191.7,119.8,157.2,34.5,Analyst,Completed,Medium,Overallocated,79.3
ALC004336,EMP0567,PRJ0104,CLI0018,2026-04-17,2026-07-15,210.6,131.6,172.7,37.9,Designer,Active,Low,Overallocated,62.6
ALC004337,EMP0834,PRJ0142,CLI0026,2026-01-11,2026-04-10,125.4,78.4,102.8,22.6,Lead,Active,High,Allocated,81.8
ALC004338,EMP0492,PRJ0016,CLI0049,2026-02-16,2026-03-08,87.5,54.7,71.8,15.8,Designer,Active,High,Underallocated,93.0
ALC004339,EMP0834,PRJ0015,CLI0015,2026-05-07,2026-06-22,125.3,78.3,102.7,22.6,Designer,Completed,Low,Allocated,81.1
ALC004340,EMP0098,PRJ0019,CLI0054,2026-04-15,2026-08-21,99.8,62.4,81.8,18.0,PM,On Hold,Medium,Allocated,82.2
ALC004341,EMP0542,PRJ0040,CLI0014,2026-06-20,2026-10-31,134.9,84.3,110.6,24.3,Support,Completed,Low,Allocated,89.3
ALC004342,EMP0098,PRJ0081,CLI0038,2026-03-10,2026-07-14,126.1,78.8,103.4,22.7,Tester,Completed,Medium,Allocated,64.0
ALC004343,EMP0134,PRJ0156,CLI0002,2026-02-02,2026-04-11,110.7,69.2,90.8,19.9,Lead,Active,Medium,Allocated,65.6
ALC004344,EMP0742,PRJ0054,CLI0021,2026-04-18,2026-06-12,108.6,67.9,89.1,19.5,Analyst,Active,Low,Allocated,61.7
ALC004345,EMP0402,,CLI0056,2026-06-02,2026-07-18,103.2,64.5,84.6,18.6,Developer,Active,Low,Allocated,70.1
ALC004346,EMP0270,PRJ0060,CLI0022,2026-03-07,2026-07-16,149.9,93.7,122.9,27.0,Tester,Completed,Critical,Allocated,79.9
ALC004347,EMP0624,PRJ0113,CLI0050,2026-03-17,2026-06-22,104.3,65.2,85.5,18.8,Lead,Completed,Medium,Allocated,75.5
ALC004348,EMP0577,PRJ0139,CLI0008,2026-03-18,2026-04-11,194.2,121.4,159.2,35.0,Tester,On Hold,High,Overallocated,61.8
ALC004349,EMP0444,PRJ0072,CLI0030,2026-05-02,2026-07-26,197.9,123.7,162.3,35.6,Tester,Completed,High,Overallocated,66.1
ALC004350,EMP0763,PRJ0084,CLI0016,2026-01-01,2026-04-07,96.8,60.5,79.4,17.4,Tester,Completed,Medium,Allocated,72.4
ALC004351,EMP0135,PRJ0115,CLI0050,2026-03-11,2026-08-08,97.6,61.0,80.0,17.6,Tester,Completed,Medium,Allocated,85.0
ALC004352,EMP0553,PRJ0102,CLI0043,2026-05-17,2026-07-02,110.1,68.8,90.3,19.8,PM,Active,Low,Allocated,73.7
ALC004353,EMP0490,PRJ0094,CLI0008,2026-01-06,2026-02-25,86.4,54.0,70.8,15.6,Support,Active,Low,Underallocated,77.1
ALC004354,EMP0440,PRJ0098,CLI0044,2026-06-09,2026-09-13,146.1,91.3,119.8,26.3,Lead,On Hold,Low,Allocated,84.8
ALC004355,EMP0168,PRJ0034,CLI0045,2026-02-18,2026-03-28,159.4,99.6,130.7,28.7,Tester,On Hold,Low,Allocated,88.0
ALC004356,EMP0248,PRJ0045,CLI0011,2026-05-17,2026-06-30,163.4,102.1,134.0,29.4,Designer,Active,Low,Overallocated,64.9
ALC004357,EMP0554,PRJ0061,CLI0059,2026-04-05,2026-05-19,103.7,64.8,85.0,18.7,Analyst,Active,Critical,Allocated,90.3
ALC004358,EMP0524,PRJ0171,CLI0001,2026-06-07,2026-10-19,103.2,64.5,84.6,18.6,Analyst,On Hold,Medium,Allocated,75.2
ALC004359,EMP0027,PRJ0086,CLI0017,2026-04-06,2026-06-01,32.3,20.2,26.5,5.8,Developer,On Hold,High,Underallocated,61.0
ALC004360,EMP0793,PRJ0014,CLI0026,2026-02-21,2026-06-05,85.8,53.6,70.4,15.4,Designer,Active,Low,Underallocated,89.8
ALC004361,EMP0258,PRJ0035,CLI0016,2026-02-17,2026-06-07,74.7,46.7,61.3,13.4,Developer,On Hold,High,Underallocated,66.2
ALC004362,EMP0730,PRJ0046,CLI0048,2026-04-02,2026-05-26,67.7,42.3,55.5,12.2,Lead,On Hold,Low,Underallocated,65.9
ALC004363,EMP0437,PRJ0142,CLI0026,2026-06-21,2026-08-14,92.5,57.8,75.8,16.6,Analyst,On Hold,Critical,Underallocated,92.2
ALC004364,EMP0413,PRJ0171,CLI0001,2026-02-06,2026-03-11,99.7,62.3,81.8,17.9,Designer,On Hold,Low,Allocated,90.3
ALC004365,EMP0451,PRJ0141,CLI0028,2026-01-03,2026-03-21,111.0,69.4,91.0,20.0,Tester,On Hold,Medium,Allocated,90.4
ALC004366,EMP0454,PRJ0090,CLI0041,2026-02-02,2026-05-23,166.4,104.0,136.4,30.0,Developer,On Hold,Low,Overallocated,68.3
ALC004367,EMP0198,PRJ0045,CLI0011,2026-02-07,2026-04-01,158.6,99.1,130.1,28.5,Designer,Active,Critical,Allocated,69.5
ALC004368,EMP0640,PRJ0129,CLI0019,2026-05-01,2026-06-19,67.0,41.9,54.9,12.1,Analyst,Active,Medium,Underallocated,81.5
ALC004369,EMP0554,PRJ0019,CLI0054,2026-02-20,2026-04-06,129.1,80.7,105.9,23.2,Developer,Active,Medium,Allocated,92.3
ALC004370,EMP0825,PRJ0172,CLI0044,2026-01-08,2026-05-24,80.0,50.0,65.6,14.4,Tester,Active,Low,Underallocated,85.5
ALC004371,EMP0427,PRJ0046,CLI0048,2026-04-02,2026-04-30,117.9,,96.7,21.2,Support,On Hold,Low,Allocated,62.2
ALC004372,EMP0305,PRJ0021,CLI0060,2026-06-11,2026-09-02,164.5,102.8,134.9,29.6,Lead,Completed,Medium,Overallocated,92.1
ALC004373,EMP0632,PRJ0150,CLI0003,2026-03-10,2026-08-07,92.5,57.8,75.8,16.6,Tester,Completed,Critical,Underallocated,61.4
ALC004374,EMP0571,PRJ0041,CLI0044,2026-01-06,2026-03-13,72.5,45.3,59.4,13.0,Support,Completed,High,Underallocated,60.9
ALC004375,EMP0768,PRJ0008,CLI0052,2026-02-04,2026-06-29,114.1,71.3,93.6,20.5,Designer,Active,High,Allocated,61.6
ALC004376,EMP0570,PRJ0134,CLI0007,2026-05-03,2026-06-09,164.8,103.0,135.1,29.7,Tester,Active,Medium,Overallocated,70.2
ALC004377,EMP0011,PRJ0004,CLI0056,2026-01-15,2026-05-05,192.2,120.1,157.6,34.6,Lead,On Hold,Medium,Overallocated,92.1
ALC004378,EMP0202,PRJ0043,CLI0043,2026-04-16,2026-05-31,87.4,54.6,71.7,15.7,Developer,Active,High,Underallocated,73.5
ALC004379,EMP0230,PRJ0147,CLI0001,2026-05-18,2026-09-21,117.3,73.3,96.2,21.1,Lead,Completed,Critical,Allocated,70.8
ALC004380,EMP0119,PRJ0077,CLI0025,2026-05-11,2026-07-11,123.0,76.9,100.9,22.1,Designer,On Hold,Critical,Allocated,82.3
ALC004381,EMP0505,PRJ0070,CLI0013,2026-04-17,2026-07-02,55.2,34.5,45.3,9.9,Tester,Active,Critical,Underallocated,85.9
ALC004382,EMP0145,PRJ0110,CLI0054,2026-05-06,2026-08-25,53.0,,43.5,9.5,Developer,Completed,Critical,Underallocated,91.6
ALC004383,EMP0409,PRJ0081,CLI0038,2026-03-14,2026-04-19,125.0,78.1,102.5,22.5,Lead,On Hold,Medium,Allocated,85.7
ALC004384,EMP0028,PRJ0006,CLI0019,2026-04-04,2026-08-02,97.0,60.6,79.5,17.5,Tester,Completed,Low,Allocated,91.0
ALC004385,EMP0748,PRJ0024,CLI0041,2026-06-15,2026-08-28,56.0,35.0,45.9,10.1,Support,Active,High,Underallocated,85.3
ALC004386,EMP0031,PRJ0179,CLI0012,2026-04-01,2026-05-19,139.5,87.2,114.4,25.1,Developer,Active,Low,Allocated,87.4
ALC004387,EMP0281,PRJ0116,CLI0042,2026-01-01,2026-02-08,114.4,71.5,93.8,20.6,Developer,On Hold,Critical,Allocated,61.9
ALC004388,EMP0214,PRJ0104,CLI0018,2026-06-08,2026-09-06,112.5,70.3,92.2,20.2,Support,Active,Low,Allocated,75.6
ALC004389,EMP0825,PRJ0114,CLI0043,2026-01-12,2026-02-24,68.2,42.6,55.9,12.3,Lead,Completed,Low,Underallocated,92.8
ALC004390,EMP0583,PRJ0118,CLI0008,2026-02-04,2026-04-03,43.7,27.3,35.8,7.9,Tester,On Hold,Low,Underallocated,84.5
ALC004391,EMP0830,PRJ0028,CLI0011,2026-03-17,2026-06-03,88.2,55.1,72.3,15.9,Support,Completed,Critical,Underallocated,72.8
ALC004392,EMP0517,PRJ0006,CLI0019,2026-04-15,2026-05-29,113.9,71.2,93.4,20.5,Analyst,Active,Critical,Allocated,91.2
ALC004393,EMP0566,PRJ0026,CLI0019,2026-06-04,2026-06-29,83.7,52.3,68.6,15.1,PM,On Hold,Critical,Underallocated,89.2
ALC004394,EMP0046,PRJ0084,CLI0016,2026-02-11,2026-03-06,68.2,42.6,55.9,12.3,Developer,Active,High,Underallocated,84.7
ALC004395,EMP0835,PRJ0169,CLI0060,2026-01-14,2026-03-15,97.1,60.7,79.6,17.5,PM,Completed,Low,Allocated,92.5
ALC004396,EMP0704,PRJ0168,CLI0016,2026-04-03,2026-08-07,113.4,70.9,93.0,20.4,Lead,On Hold,High,Allocated,89.2
ALC004397,EMP0263,PRJ0025,CLI0003,2026-03-08,2026-05-08,168.6,105.4,138.3,30.3,Lead,Active,Critical,Overallocated,80.1
ALC004398,EMP0015,PRJ0017,CLI0050,2026-04-10,2026-05-04,118.1,73.8,96.8,21.3,Support,On Hold,Critical,Allocated,77.3
ALC004399,EMP0019,PRJ0035,CLI0016,2026-04-04,2026-06-29,53.3,33.3,43.7,9.6,Support,Active,Low,Underallocated,82.8
ALC004400,EMP0224,PRJ0171,CLI0001,2026-01-14,2026-04-20,31.0,19.4,25.4,5.6,Analyst,On Hold,Low,Underallocated,93.6
ALC004401,EMP0573,PRJ0110,CLI0054,2026-06-21,2026-10-11,13.9,8.7,11.4,2.5,Lead,Completed,High,Underallocated,80.9
ALC004402,EMP0412,PRJ0080,CLI0026,2026-04-08,2026-08-30,125.6,78.5,103.0,22.6,Designer,Completed,Critical,Allocated,65.0
ALC004403,EMP0318,PRJ0178,CLI0030,2026-04-04,2026-06-10,69.9,43.7,57.3,12.6,Tester,Active,High,Underallocated,80.2
ALC004404,EMP0670,PRJ0075,CLI0033,2026-01-18,2026-04-24,131.8,82.4,108.1,23.7,Tester,Active,Critical,Allocated,84.5
ALC004405,EMP0690,PRJ0084,CLI0016,2026-02-15,2026-06-16,159.2,99.5,130.5,28.7,PM,On Hold,Low,Allocated,71.3
ALC004406,EMP0573,PRJ0122,CLI0010,2026-01-08,2026-03-31,135.7,84.8,111.3,24.4,Lead,Active,Critical,Allocated,72.3
ALC004407,EMP0249,PRJ0049,CLI0043,2026-03-04,2026-07-08,102.9,64.3,84.4,18.5,Support,Active,High,Allocated,66.6
ALC004408,EMP0644,PRJ0148,CLI0035,2026-06-15,2026-09-24,185.9,116.2,152.4,33.5,Developer,Completed,Critical,Overallocated,68.0
ALC004409,EMP0156,PRJ0102,CLI0043,2026-05-13,2026-06-04,93.6,58.5,76.8,16.8,Lead,On Hold,Low,Underallocated,61.3
ALC004410,EMP0423,PRJ0039,CLI0024,2026-05-09,2026-06-02,75.8,,62.2,13.6,Tester,On Hold,Critical,Underallocated,61.7
ALC004411,EMP0126,,CLI0041,2026-02-19,2026-06-30,125.3,78.3,102.7,22.6,Lead,On Hold,Critical,Allocated,87.0
ALC004412,EMP0034,PRJ0159,CLI0025,2026-01-21,2026-06-09,142.9,89.3,117.2,25.7,Lead,On Hold,Critical,Allocated,82.9
ALC004413,EMP0272,PRJ0170,CLI0032,2026-03-05,2026-05-28,8.6,5.4,7.1,1.5,Tester,On Hold,High,Underallocated,62.3
ALC004414,EMP0252,PRJ0142,CLI0026,2026-01-15,2026-06-06,156.5,97.8,128.3,28.2,Tester,On Hold,Critical,Allocated,75.2
ALC004415,EMP0180,PRJ0054,CLI0021,2026-02-01,2026-05-22,47.0,29.4,38.5,8.5,Tester,Active,High,Underallocated,89.2
ALC004416,EMP0562,PRJ0017,CLI0050,2026-04-14,2026-06-23,29.9,18.7,24.5,5.4,Analyst,Active,High,Underallocated,77.0
ALC004417,EMP0588,PRJ0094,CLI0008,2026-05-01,2026-05-29,98.2,61.4,80.5,17.7,Support,Completed,Critical,Allocated,80.0
ALC004418,EMP0785,PRJ0068,CLI0059,2026-05-15,2026-09-08,69.4,43.4,56.9,12.5,Designer,On Hold,Low,Underallocated,78.5
ALC004419,EMP0721,PRJ0082,CLI0013,2026-03-10,2026-08-02,128.6,80.4,105.5,23.1,PM,On Hold,Low,Allocated,84.7
ALC004420,EMP0172,PRJ0120,CLI0028,2026-06-10,2026-07-10,126.2,78.9,103.5,22.7,Developer,On Hold,High,Allocated,82.6
ALC004421,EMP0381,PRJ0063,CLI0016,2026-06-16,2026-10-09,124.3,77.7,101.9,22.4,Support,Active,Low,Allocated,74.7
ALC004422,EMP0381,PRJ0095,CLI0017,2026-01-11,2026-05-22,161.0,100.6,132.0,29.0,Developer,Completed,High,Overallocated,60.6
ALC004423,EMP0321,PRJ0178,CLI0030,2026-06-14,2026-10-13,99.4,62.1,81.5,17.9,Designer,On Hold,High,Allocated,66.3
ALC004424,EMP0753,PRJ0087,CLI0046,2026-03-10,2026-04-23,126.7,79.2,103.9,22.8,Tester,Active,Critical,Allocated,80.3
ALC004425,EMP0170,PRJ0167,CLI0027,2026-02-06,2026-05-24,45.3,28.3,37.1,8.2,Lead,Completed,High,Underallocated,71.5
ALC004426,EMP0604,,CLI0044,2026-06-19,2026-07-24,150.4,94.0,123.3,27.1,Developer,Completed,Medium,Allocated,78.5
ALC004427,EMP0365,PRJ0160,CLI0057,2026-01-18,2026-03-19,92.0,57.5,75.4,16.6,Designer,On Hold,High,Underallocated,87.7
ALC004428,EMP0646,PRJ0129,CLI0019,2026-04-10,2026-08-03,100.6,62.9,82.5,18.1,Support,Completed,High,Allocated,79.1
ALC004429,EMP0614,PRJ0152,CLI0005,2026-02-04,2026-06-22,98.2,61.4,80.5,17.7,Lead,On Hold,Critical,Allocated,90.7
ALC004430,EMP0588,PRJ0096,CLI0056,2026-02-02,2026-03-10,108.0,67.5,88.6,19.4,PM,On Hold,High,Allocated,75.5
ALC004431,EMP0729,PRJ0070,CLI0013,2026-05-03,2026-05-28,97.3,60.8,79.8,17.5,PM,Active,High,Allocated,70.5
ALC004432,EMP0406,PRJ0180,CLI0006,2026-05-10,2026-06-12,25.4,15.9,20.8,4.6,Support,Active,Medium,Underallocated,84.8
ALC004433,EMP0716,PRJ0148,CLI0035,2026-02-08,2026-05-02,161.6,101.0,132.5,29.1,Support,On Hold,Critical,Overallocated,78.6
ALC004434,EMP0276,PRJ0075,CLI0033,2026-02-14,2026-04-09,85.9,53.7,70.4,15.5,PM,On Hold,Low,Underallocated,91.2
ALC004435,EMP0312,PRJ0131,CLI0009,2026-01-16,2026-06-09,97.0,60.6,79.5,17.5,PM,On Hold,Medium,Allocated,89.8
ALC004436,EMP0110,PRJ0161,CLI0056,2026-02-14,2026-04-11,104.3,65.2,85.5,18.8,Analyst,Active,High,Allocated,63.9
ALC004437,EMP0811,PRJ0137,CLI0012,2026-03-11,2026-05-24,133.0,83.1,109.1,23.9,Tester,On Hold,Medium,Allocated,79.8
ALC004438,EMP0417,PRJ0106,CLI0041,2026-01-19,2026-02-13,92.3,57.7,75.7,16.6,Tester,Completed,Critical,Underallocated,75.6
ALC004439,EMP0051,PRJ0017,CLI0050,2026-02-17,2026-03-19,154.6,96.6,126.8,27.8,Support,On Hold,Low,Allocated,81.8
ALC004440,EMP0474,PRJ0043,CLI0043,2026-03-14,2026-06-26,187.0,116.9,153.3,33.7,Analyst,On Hold,Critical,Overallocated,78.9
ALC004441,EMP0740,PRJ0001,CLI0057,2026-05-15,2026-09-02,177.4,110.9,145.5,31.9,Tester,On Hold,Low,Overallocated,71.3
ALC004442,EMP0747,PRJ0093,CLI0012,2026-05-05,2026-09-10,122.1,76.3,100.1,22.0,PM,On Hold,Low,Allocated,76.9
ALC004443,EMP0617,PRJ0023,CLI0035,2026-04-20,2026-06-30,89.0,55.6,73.0,16.0,Designer,Completed,Critical,Underallocated,89.7
ALC004444,EMP0075,PRJ0114,CLI0043,2026-05-16,2026-07-08,87.8,54.9,72.0,15.8,Tester,Active,Low,Underallocated,81.5
ALC004445,EMP0569,PRJ0179,CLI0012,2026-05-08,2026-07-18,97.3,60.8,79.8,17.5,Designer,On Hold,High,Allocated,91.9
ALC004446,EMP0150,PRJ0070,CLI0013,2026-05-18,2026-10-11,77.9,48.7,63.9,14.0,PM,Completed,Medium,Underallocated,74.0
ALC004447,EMP0356,PRJ0077,CLI0025,2026-06-18,2026-09-28,128.6,80.4,105.5,23.1,Analyst,Completed,Medium,Allocated,87.8
ALC004448,EMP0633,PRJ0137,CLI0012,2026-05-10,2026-05-30,102.9,64.3,84.4,18.5,Support,Completed,Critical,Allocated,87.0
ALC004449,EMP0447,PRJ0071,CLI0036,2026-06-16,2026-07-12,111.4,69.6,91.3,20.1,Tester,Completed,Low,Allocated,68.7
ALC004450,EMP0719,PRJ0149,CLI0039,2026-03-06,2026-06-15,,62.3,81.8,17.9,Developer,Active,Low,Allocated,90.1
ALC004451,EMP0549,PRJ0109,CLI0010,2026-01-06,2026-03-20,130.1,81.3,106.7,23.4,Lead,On Hold,Medium,Allocated,71.2
ALC004452,EMP0661,PRJ0141,CLI0028,2026-01-21,2026-03-02,122.2,76.4,100.2,22.0,Designer,On Hold,Medium,Allocated,74.6
ALC004453,EMP0645,PRJ0013,CLI0048,2026-03-10,2026-06-11,97.9,61.2,80.3,17.6,PM,On Hold,Low,Allocated,73.2
ALC004454,EMP0296,PRJ0101,CLI0028,2026-05-16,2026-09-02,106.1,66.3,87.0,19.1,PM,On Hold,High,Allocated,73.6
ALC004455,EMP0234,PRJ0173,CLI0012,2026-05-07,2026-06-06,106.1,66.3,87.0,19.1,Designer,Completed,Low,Allocated,78.5
ALC004456,EMP0104,PRJ0015,CLI0015,2026-03-20,2026-05-16,138.9,86.8,113.9,25.0,Developer,On Hold,Low,Allocated,74.2
ALC004457,EMP0406,PRJ0046,CLI0048,2026-05-16,2026-08-28,80.8,50.5,66.3,14.5,Developer,Completed,Low,Underallocated,95.0
ALC004458,EMP0821,PRJ0146,CLI0006,2026-04-07,2026-08-23,93.4,58.4,76.6,16.8,Support,On Hold,Medium,Underallocated,85.0
ALC004459,EMP0050,PRJ0092,CLI0007,2026-05-06,2026-06-24,36.0,22.5,29.5,6.5,Lead,Completed,High,Underallocated,66.3
ALC004460,EMP0727,PRJ0026,CLI0019,2026-05-15,2026-07-24,69.0,43.1,56.6,12.4,PM,Completed,Medium,Underallocated,61.8
ALC004461,EMP0487,PRJ0093,CLI0012,2026-04-20,2026-06-26,102.6,64.1,84.1,18.5,PM,Active,Critical,Allocated,72.0
ALC004462,EMP0020,PRJ0024,CLI0041,2026-02-19,2026-05-04,94.6,59.1,77.6,17.0,Lead,On Hold,High,Underallocated,65.1
ALC004463,EMP0805,PRJ0056,CLI0042,2026-01-03,2026-02-06,33.4,20.9,27.4,6.0,PM,Active,Critical,Underallocated,68.5
ALC004464,EMP0577,PRJ0127,CLI0026,2026-05-07,2026-08-06,133.0,83.1,109.1,23.9,PM,Active,Low,Allocated,90.5
ALC004465,EMP0084,PRJ0098,CLI0044,2026-06-09,2026-07-18,76.8,48.0,63.0,13.8,Support,Active,Medium,Underallocated,62.2
ALC004466,EMP0789,PRJ0072,CLI0030,2026-02-14,2026-05-18,47.2,29.5,38.7,8.5,Developer,Completed,Critical,Underallocated,69.2
ALC004467,EMP0669,PRJ0026,CLI0019,2026-05-06,2026-08-17,126.6,79.1,103.8,22.8,Designer,Completed,High,Allocated,88.1
ALC004468,EMP0454,PRJ0042,CLI0026,2026-04-14,2026-08-08,145.4,90.9,119.2,26.2,PM,Completed,Low,Allocated,74.2
ALC004469,EMP0530,PRJ0124,CLI0045,2026-03-14,2026-04-10,14.6,9.1,12.0,2.6,Tester,Completed,Critical,Underallocated,63.3
ALC004470,EMP0178,PRJ0069,CLI0021,2026-02-03,2026-03-07,139.4,87.1,114.3,25.1,Developer,Active,Critical,Allocated,80.4
ALC004471,EMP0170,PRJ0125,CLI0019,2026-04-19,2026-05-24,103.4,64.6,84.8,18.6,Designer,On Hold,Low,Allocated,78.8
ALC004472,EMP0542,PRJ0150,CLI0003,2026-03-09,2026-06-21,101.8,63.6,83.5,18.3,Designer,Completed,Medium,Allocated,68.5
ALC004473,EMP0463,PRJ0059,CLI0017,2026-02-10,2026-06-06,67.2,42.0,55.1,12.1,Lead,On Hold,Critical,Underallocated,65.4
ALC004474,EMP0010,PRJ0024,CLI0041,2026-04-18,2026-07-12,105.8,66.1,86.8,19.0,PM,Active,Low,Allocated,62.0
ALC004475,EMP0222,PRJ0118,CLI0008,2026-02-20,2026-03-23,108.3,67.7,88.8,19.5,Analyst,Completed,High,Allocated,68.0
ALC004476,EMP0426,PRJ0030,CLI0043,2026-01-05,2026-04-14,202.1,126.3,165.7,36.4,Designer,Completed,Critical,Overallocated,71.0
ALC004477,EMP0070,PRJ0174,CLI0032,2026-03-14,2026-06-14,133.0,83.1,109.1,23.9,Support,Active,Low,Allocated,72.1
ALC004478,EMP0648,PRJ0166,CLI0028,2026-06-18,2026-10-12,111.8,69.9,91.7,20.1,Support,On Hold,Low,Allocated,81.4
ALC004479,EMP0037,PRJ0034,CLI0045,2026-06-21,2026-09-01,159.2,99.5,130.5,28.7,PM,Active,Low,Allocated,92.2
ALC004480,EMP0067,PRJ0121,CLI0015,2026-01-06,2026-05-27,147.4,92.1,120.9,26.5,Support,Completed,High,Allocated,68.2
ALC004481,EMP0552,PRJ0179,CLI0012,2026-01-03,2026-02-14,53.8,33.6,44.1,9.7,Developer,On Hold,Low,Underallocated,65.3
ALC004482,EMP0525,PRJ0119,CLI0048,2026-02-09,2026-05-06,138.4,86.5,113.5,24.9,Tester,On Hold,Critical,Allocated,77.0
ALC004483,EMP0641,PRJ0032,CLI0053,2026-01-17,2026-04-17,115.8,72.4,95.0,20.8,Support,Active,Medium,Allocated,75.4
ALC004484,EMP0002,PRJ0172,CLI0044,2026-04-15,2026-06-03,84.0,52.5,68.9,15.1,Designer,Active,Medium,Underallocated,69.6
ALC004485,EMP0178,PRJ0116,CLI0042,2026-03-19,2026-05-19,70.6,44.1,57.9,12.7,Developer,Active,High,Underallocated,65.5
ALC004486,EMP0144,PRJ0031,CLI0044,2026-06-16,2026-08-20,106.1,66.3,87.0,19.1,Support,Completed,Low,Allocated,88.0
ALC004487,EMP0446,PRJ0050,CLI0039,2026-03-07,2026-05-14,111.5,69.7,91.4,20.1,Designer,Completed,High,Allocated,60.8
ALC004488,EMP0480,PRJ0124,CLI0045,2026-03-07,2026-07-08,157.9,98.7,129.5,28.4,Developer,Active,High,Allocated,61.8
ALC004489,EMP0747,PRJ0127,CLI0026,2026-01-13,2026-05-08,21.9,13.7,18.0,3.9,Developer,Completed,Medium,Underallocated,66.4
ALC004490,EMP0026,PRJ0105,CLI0056,2026-04-14,2026-07-14,61.6,38.5,50.5,11.1,Lead,On Hold,Low,Underallocated,71.9
ALC004491,EMP0591,PRJ0107,CLI0032,2026-02-18,2026-05-12,119.8,74.9,98.2,21.6,Designer,Active,Low,Allocated,91.7
ALC004492,EMP0561,PRJ0011,CLI0024,2026-03-09,2026-06-22,106.4,66.5,87.2,19.2,Lead,On Hold,Low,Allocated,60.4
ALC004493,EMP0490,PRJ0053,CLI0011,2026-04-02,2026-08-07,116.5,72.8,95.5,21.0,Designer,On Hold,Low,Allocated,63.5
ALC004494,EMP0579,PRJ0167,CLI0027,2026-03-01,2026-07-23,93.6,58.5,76.8,16.8,Tester,On Hold,Critical,Underallocated,77.6
ALC004495,EMP0737,PRJ0160,CLI0057,2026-05-14,2026-06-13,121.9,76.2,100.0,21.9,Support,Active,Low,Allocated,66.8
ALC004496,EMP0267,PRJ0134,CLI0007,2026-03-05,2026-04-15,48.5,30.3,39.8,8.7,Designer,Active,Low,Underallocated,76.4
ALC004497,EMP0107,PRJ0078,CLI0031,2026-03-17,2026-08-10,195.8,122.4,160.6,35.2,Lead,Active,High,Overallocated,72.9
ALC004498,EMP0714,PRJ0080,CLI0026,2026-04-10,2026-06-26,128.6,80.4,105.5,23.1,Support,On Hold,Low,Allocated,68.8
ALC004499,EMP0146,PRJ0053,CLI0011,2026-03-12,2026-06-19,130.2,81.4,106.8,23.4,PM,Active,Medium,Allocated,77.5
ALC004500,EMP0144,PRJ0011,CLI0024,2026-04-18,2026-09-15,69.3,43.3,56.8,12.5,Support,Active,Critical,Underallocated,71.9
ALC004501,EMP0476,PRJ0012,CLI0020,2026-02-03,2026-05-12,88.5,55.3,72.6,15.9,Tester,On Hold,High,Underallocated,88.0
ALC004502,EMP0554,PRJ0144,CLI0056,2026-03-05,2026-04-22,132.5,82.8,108.6,23.8,Designer,Completed,Low,Allocated,91.1
ALC004503,EMP0445,PRJ0136,CLI0003,2026-04-13,2026-07-03,97.9,61.2,80.3,17.6,Designer,On Hold,Medium,Allocated,74.8
ALC004504,EMP0387,PRJ0006,CLI0019,2026-06-11,2026-08-29,122.7,76.7,100.6,22.1,Developer,Completed,High,Allocated,69.6
ALC004505,EMP0644,PRJ0166,CLI0028,2026-03-04,2026-07-03,80.8,50.5,66.3,14.5,Lead,Completed,Medium,Underallocated,88.9
ALC004506,EMP0846,PRJ0110,CLI0054,2026-05-20,2026-08-31,58.4,36.5,47.9,10.5,Designer,Completed,Low,Underallocated,81.1
ALC004507,EMP0106,PRJ0079,CLI0059,2026-05-14,2026-09-28,156.5,97.8,128.3,28.2,Designer,On Hold,Critical,Allocated,84.1
ALC004508,EMP0130,PRJ0130,CLI0056,2026-06-01,2026-09-22,76.2,47.6,62.5,13.7,PM,Completed,Medium,Underallocated,90.3
ALC004509,EMP0651,PRJ0079,CLI0059,2026-06-18,2026-07-12,148.3,92.7,121.6,26.7,Support,Completed,Low,Allocated,84.0
ALC004510,EMP0560,PRJ0077,CLI0025,2026-01-20,2026-05-26,78.4,49.0,64.3,14.1,Tester,Active,Low,Underallocated,94.1
ALC004511,EMP0028,PRJ0084,CLI0016,2026-03-03,2026-04-08,105.6,66.0,86.6,19.0,Developer,On Hold,Low,Allocated,70.2
ALC004512,EMP0847,PRJ0043,CLI0043,2026-04-16,2026-07-07,96.5,60.3,79.1,17.4,Analyst,Active,Low,Allocated,83.0
ALC004513,EMP0125,PRJ0064,CLI0024,2026-03-05,2026-05-23,103.5,64.7,84.9,18.6,Developer,On Hold,Low,Allocated,60.3
ALC004514,EMP0327,PRJ0038,CLI0059,2026-05-01,2026-07-17,142.2,88.9,116.6,25.6,Lead,Active,Low,Allocated,61.1
ALC004515,EMP0020,PRJ0018,CLI0024,2026-02-15,2026-04-02,177.3,110.8,145.4,31.9,Analyst,On Hold,Low,Overallocated,74.7
ALC004516,EMP0164,PRJ0002,CLI0046,2026-01-14,2026-06-12,104.3,65.2,85.5,18.8,Developer,Active,Medium,Allocated,89.8
ALC004517,EMP0428,PRJ0044,CLI0043,2026-03-18,2026-06-26,116.8,73.0,95.8,21.0,Developer,Completed,Low,Allocated,92.6
ALC004518,EMP0630,PRJ0042,CLI0026,2026-06-10,2026-07-08,101.3,63.3,83.1,18.2,PM,Completed,Critical,Allocated,88.0
ALC004519,EMP0344,PRJ0147,CLI0001,2026-01-07,2026-04-08,115.5,72.2,94.7,20.8,Lead,Completed,Low,Allocated,77.9
ALC004520,EMP0785,PRJ0158,CLI0059,2026-05-03,2026-09-12,83.4,52.1,68.4,15.0,Support,Completed,Low,Underallocated,76.4
ALC004521,EMP0732,PRJ0013,CLI0048,2026-02-03,2026-03-03,70.6,44.1,57.9,12.7,Tester,Active,Critical,Underallocated,87.0
ALC004522,EMP0226,PRJ0074,CLI0006,2026-05-10,2026-09-17,125.0,78.1,102.5,22.5,Analyst,On Hold,High,Allocated,86.3
ALC004523,EMP0498,PRJ0091,CLI0026,2026-01-21,2026-03-11,121.0,75.6,99.2,21.8,Tester,Active,High,Allocated,76.2
ALC004524,EMP0032,PRJ0143,CLI0032,2026-05-11,2026-06-04,157.4,98.4,129.1,28.3,PM,On Hold,Critical,Allocated,75.3
ALC004525,EMP0299,PRJ0016,CLI0049,2026-06-18,2026-10-14,113.9,71.2,93.4,20.5,Lead,Completed,Critical,Allocated,77.0
ALC004526,EMP0742,PRJ0047,CLI0018,2026-05-20,2026-09-04,110.1,68.8,90.3,19.8,PM,Active,Low,Allocated,72.6
ALC004527,EMP0174,PRJ0093,CLI0012,2026-06-18,2026-11-02,132.6,82.9,108.7,23.9,Lead,Completed,High,Allocated,67.9
ALC004528,EMP0815,PRJ0026,CLI0019,2026-06-05,2026-10-16,151.4,94.6,124.1,27.3,Lead,On Hold,Medium,Allocated,79.5
ALC004529,EMP0353,PRJ0093,CLI0012,2026-04-13,2026-08-18,105.6,66.0,86.6,19.0,Developer,Active,Low,Allocated,83.9
ALC004530,EMP0350,PRJ0004,CLI0056,2026-02-21,2026-05-06,9.0,5.6,7.4,1.6,Lead,On Hold,High,Underallocated,68.4
ALC004531,EMP0096,PRJ0022,CLI0037,2026-03-06,2026-06-16,69.9,43.7,57.3,12.6,Tester,Active,Medium,Underallocated,93.1
ALC004532,EMP0400,PRJ0061,CLI0059,2026-05-20,2026-08-27,154.9,96.8,127.0,27.9,Designer,Active,Critical,Allocated,64.2
ALC004533,EMP0191,PRJ0085,CLI0045,2026-05-02,2026-09-01,180.2,112.6,147.8,32.4,Developer,Active,Medium,Overallocated,84.7
ALC004534,EMP0358,PRJ0029,CLI0058,2026-01-19,2026-06-18,165.3,103.3,135.5,29.8,Tester,Completed,High,Overallocated,64.4
ALC004535,EMP0808,PRJ0141,CLI0028,2026-06-19,2026-09-18,94.4,59.0,77.4,17.0,Designer,On Hold,Medium,Underallocated,87.0
ALC004536,EMP0507,PRJ0050,CLI0039,2026-05-12,2026-08-24,98.9,61.8,81.1,17.8,Lead,On Hold,Low,Allocated,92.1
ALC004537,EMP0212,PRJ0179,CLI0012,2026-06-10,2026-10-26,141.6,88.5,116.1,25.5,Designer,On Hold,Medium,Allocated,84.8
ALC004538,EMP0485,PRJ0013,CLI0048,2026-05-15,2026-08-23,136.0,85.0,111.5,24.5,Lead,On Hold,Critical,Allocated,76.1
ALC004539,EMP0462,PRJ0173,CLI0012,2026-05-11,2026-09-04,,7.9,10.3,2.3,Developer,On Hold,Medium,Underallocated,75.8
ALC004540,EMP0028,PRJ0094,CLI0008,2026-03-10,2026-06-29,113.8,71.1,93.3,20.5,Developer,On Hold,Critical,Allocated,94.1
ALC004541,EMP0603,PRJ0149,CLI0039,2026-01-16,2026-06-08,109.9,68.7,90.1,19.8,Designer,On Hold,Low,Allocated,81.3
ALC004542,EMP0221,PRJ0135,CLI0022,2026-02-15,2026-05-18,65.9,41.2,54.0,11.9,Analyst,Active,Low,Underallocated,66.9
ALC004543,EMP0489,PRJ0176,CLI0014,2026-02-09,2026-06-06,88.2,55.1,72.3,15.9,Developer,On Hold,High,Underallocated,81.7
ALC004544,EMP0492,PRJ0091,CLI0026,2026-05-05,2026-05-25,122.6,76.6,100.5,22.1,Tester,Completed,Low,Allocated,64.5
ALC004545,EMP0501,PRJ0016,CLI0049,2026-02-09,2026-07-08,103.4,64.6,84.8,18.6,Lead,On Hold,High,Allocated,87.0
ALC004546,EMP0337,PRJ0113,CLI0050,2026-01-15,2026-04-08,149.3,93.3,122.4,26.9,Analyst,On Hold,Critical,Allocated,67.3
ALC004547,EMP0404,PRJ0051,CLI0059,2026-06-12,2026-08-21,182.4,114.0,149.6,32.8,PM,Active,Critical,Overallocated,83.7
ALC004548,EMP0627,PRJ0050,CLI0039,2026-01-11,2026-04-17,149.8,93.6,122.8,27.0,Tester,On Hold,Medium,Allocated,75.5
ALC004549,EMP0596,PRJ0018,CLI0024,2026-04-02,2026-08-19,129.9,81.2,106.5,23.4,Tester,Active,High,Allocated,92.8
ALC004550,EMP0625,PRJ0114,CLI0043,2026-01-04,2026-03-17,106.1,66.3,87.0,19.1,Tester,Active,Critical,Allocated,82.3
ALC004551,EMP0156,,CLI0012,2026-05-05,2026-09-23,143.8,89.9,117.9,25.9,Developer,On Hold,Low,Allocated,81.8
ALC004552,EMP0620,PRJ0044,CLI0043,2026-05-04,2026-09-13,87.0,54.4,71.3,15.7,Support,Completed,High,Underallocated,94.3
ALC004553,EMP0473,PRJ0121,CLI0015,2026-02-19,2026-05-30,90.1,56.3,73.9,16.2,PM,Completed,Low,Underallocated,94.0
ALC004554,EMP0665,PRJ0044,CLI0043,2026-03-04,2026-07-01,62.7,39.2,51.4,11.3,Lead,Active,Medium,Underallocated,62.6
ALC004555,EMP0397,PRJ0062,CLI0038,2026-04-01,2026-05-11,49.9,31.2,40.9,9.0,Analyst,Active,High,Underallocated,93.0
ALC004556,EMP0844,PRJ0011,CLI0024,2026-02-09,2026-03-21,163.2,102.0,133.8,29.4,Support,Active,High,Overallocated,64.9
ALC004557,EMP0521,PRJ0036,CLI0045,2026-04-10,2026-07-17,122.7,76.7,100.6,22.1,Lead,Completed,Medium,Allocated,85.1
ALC004558,EMP0350,PRJ0004,CLI0056,2026-03-07,2026-07-26,133.3,83.3,109.3,24.0,Analyst,Active,Medium,Allocated,60.6
ALC004559,EMP0429,PRJ0157,CLI0044,2026-03-20,2026-04-29,106.9,66.8,87.7,19.2,Lead,Active,Low,Allocated,64.4
ALC004560,EMP0649,PRJ0109,CLI0010,2026-06-11,2026-11-01,187.5,117.2,153.8,33.8,Support,Active,High,Overallocated,61.7
ALC004561,EMP0666,PRJ0132,CLI0013,2026-03-15,2026-07-20,182.4,114.0,149.6,32.8,Analyst,On Hold,Low,Overallocated,94.6
ALC004562,EMP0575,PRJ0093,CLI0012,2026-03-20,2026-08-02,111.4,69.6,91.3,20.1,Analyst,Completed,Medium,Allocated,91.9
ALC004563,EMP0721,PRJ0167,CLI0027,2026-02-17,2026-05-12,110.9,69.3,90.9,20.0,Lead,Active,Medium,Allocated,70.5
ALC004564,EMP0355,PRJ0141,CLI0028,2026-03-05,2026-04-13,103.2,64.5,84.6,18.6,Developer,Active,Medium,Allocated,75.3
ALC004565,EMP0770,PRJ0170,CLI0032,2026-04-16,2026-06-02,67.4,42.1,55.3,12.1,Designer,Active,Medium,Underallocated,91.0
ALC004566,EMP0432,PRJ0148,CLI0035,2026-03-04,2026-06-06,95.7,59.8,78.5,17.2,Lead,On Hold,Critical,Underallocated,75.2
ALC004567,EMP0610,PRJ0159,CLI0025,2026-02-19,2026-04-26,99.4,62.1,81.5,17.9,Designer,Active,High,Allocated,60.3
ALC004568,EMP0416,PRJ0160,CLI0057,2026-02-21,2026-04-13,23.4,14.6,19.2,4.2,PM,On Hold,Low,Underallocated,84.6
ALC004569,EMP0314,PRJ0036,CLI0045,2026-01-02,2026-05-28,20.8,13.0,17.1,3.7,Analyst,On Hold,Low,Underallocated,87.8
ALC004570,EMP0679,PRJ0031,CLI0044,2026-04-12,2026-05-31,109.4,68.4,89.7,19.7,PM,Completed,Critical,Allocated,94.6
ALC004571,EMP0753,PRJ0119,CLI0048,2026-03-21,2026-05-20,145.3,90.8,119.1,26.2,PM,On Hold,Low,Allocated,75.3
ALC004572,EMP0616,PRJ0179,CLI0012,2026-05-11,2026-06-24,81.1,50.7,66.5,14.6,Developer,Completed,Medium,Underallocated,81.7
ALC004573,EMP0326,PRJ0144,CLI0056,2026-06-16,2026-09-27,181.9,113.7,149.2,32.7,Support,Completed,Critical,Overallocated,69.1
ALC004574,EMP0830,PRJ0162,CLI0012,2026-03-19,2026-07-11,100.8,63.0,82.7,18.1,Lead,On Hold,Low,Allocated,91.6
ALC004575,EMP0261,PRJ0086,CLI0017,2026-05-10,2026-06-06,,48.8,64.0,14.1,Developer,Completed,Critical,Underallocated,65.6
ALC004576,EMP0593,PRJ0072,CLI0030,2026-03-14,2026-05-22,55.0,34.4,45.1,9.9,Analyst,Completed,Medium,Underallocated,93.5
ALC004577,EMP0497,PRJ0065,CLI0003,2026-05-06,2026-08-30,115.8,72.4,95.0,20.8,Tester,On Hold,High,Allocated,83.0
ALC004578,EMP0827,PRJ0050,CLI0039,2026-04-15,2026-06-15,31.5,19.7,25.8,5.7,Support,Completed,High,Underallocated,89.2
ALC004579,EMP0175,PRJ0034,CLI0045,2026-02-16,2026-05-05,82.1,51.3,67.3,14.8,Analyst,On Hold,Critical,Underallocated,92.0
ALC004580,EMP0699,PRJ0111,CLI0043,2026-04-08,2026-05-03,113.8,71.1,93.3,20.5,Support,Active,Critical,Allocated,93.4
ALC004581,EMP0031,PRJ0174,CLI0032,2026-03-09,2026-04-21,56.2,35.1,46.1,10.1,PM,On Hold,Critical,Underallocated,82.1
ALC004582,EMP0198,PRJ0100,CLI0039,2026-04-13,2026-06-18,91.0,56.9,74.6,16.4,Analyst,On Hold,Medium,Underallocated,77.3
ALC004583,EMP0097,PRJ0167,CLI0027,2026-03-12,2026-07-07,113.0,70.6,92.7,20.3,PM,Completed,High,Allocated,77.5
ALC004584,EMP0734,PRJ0136,CLI0003,2026-06-02,2026-10-28,63.4,,52.0,11.4,Developer,Active,Low,Underallocated,93.5
ALC004585,EMP0585,PRJ0042,CLI0026,2026-06-09,2026-07-02,138.1,86.3,113.2,24.9,Tester,On Hold,High,Allocated,62.4
ALC004586,EMP0848,PRJ0046,CLI0048,2026-01-20,2026-04-26,149.6,93.5,122.7,26.9,Tester,Active,Medium,Allocated,88.3
ALC004587,EMP0685,PRJ0014,CLI0026,2026-04-17,2026-08-30,71.5,44.7,58.6,12.9,PM,On Hold,High,Underallocated,80.0
ALC004588,EMP0364,PRJ0017,CLI0050,2026-02-16,2026-06-22,104.0,65.0,85.3,18.7,PM,Active,Medium,Allocated,82.5
ALC004589,EMP0732,PRJ0024,CLI0041,2026-03-03,2026-07-30,107.0,66.9,87.7,19.3,Tester,On Hold,High,Allocated,75.2
ALC004590,EMP0849,PRJ0007,CLI0040,2026-05-07,2026-07-19,125.9,78.7,103.2,22.7,Designer,Completed,Low,Allocated,93.9
ALC004591,EMP0241,PRJ0037,CLI0057,2026-05-17,2026-08-22,100.2,62.6,82.2,18.0,Support,Active,Medium,Allocated,70.4
ALC004592,EMP0275,PRJ0159,CLI0025,2026-01-02,2026-04-21,83.0,51.9,68.1,14.9,Lead,Completed,High,Underallocated,94.5
ALC004593,EMP0713,PRJ0133,CLI0044,2026-06-15,2026-11-09,69.8,43.6,57.2,12.6,Tester,Active,Low,Underallocated,79.3
ALC004594,EMP0486,PRJ0129,CLI0019,2026-05-05,2026-09-02,145.4,90.9,119.2,26.2,Developer,Completed,Critical,Allocated,61.6
ALC004595,EMP0412,PRJ0057,CLI0043,2026-06-11,2026-09-21,88.8,55.5,72.8,16.0,Designer,Active,High,Underallocated,90.8
ALC004596,EMP0663,PRJ0036,CLI0045,2026-01-08,2026-02-15,81.0,50.6,66.4,14.6,Lead,On Hold,High,Underallocated,64.0
ALC004597,EMP0537,PRJ0064,CLI0024,2026-03-14,2026-07-28,153.9,96.2,126.2,27.7,Support,On Hold,Medium,Allocated,66.4
ALC004598,EMP0310,PRJ0031,CLI0044,2026-06-19,2026-08-11,117.8,73.6,96.6,21.2,Analyst,On Hold,Critical,Allocated,84.1
ALC004599,EMP0846,PRJ0043,CLI0043,2026-02-02,2026-03-27,71.0,44.4,58.2,12.8,Designer,Active,Medium,Underallocated,60.9
ALC004600,EMP0392,PRJ0172,CLI0044,2026-02-18,2026-04-18,104.2,65.1,85.4,18.8,Analyst,Completed,Medium,Allocated,88.1
ALC004601,EMP0370,PRJ0162,CLI0012,2026-06-16,2026-09-08,73.3,,60.1,13.2,Support,On Hold,High,Underallocated,68.7
ALC004602,EMP0139,PRJ0057,CLI0043,2026-06-14,2026-10-17,64.8,40.5,53.1,11.7,PM,Active,Medium,Underallocated,87.0
ALC004603,EMP0048,PRJ0057,CLI0043,2026-05-09,2026-09-27,90.2,56.4,74.0,16.2,PM,Active,High,Underallocated,92.3
ALC004604,EMP0094,PRJ0011,CLI0024,2026-05-09,2026-07-12,103.8,64.9,85.1,18.7,Developer,Completed,Critical,Allocated,83.1
ALC004605,EMP0232,PRJ0016,CLI0049,2026-03-02,2026-07-28,87.4,54.6,71.7,15.7,Analyst,On Hold,Critical,Underallocated,62.8
ALC004606,EMP0632,PRJ0112,CLI0006,2026-01-11,2026-05-23,133.6,83.5,109.6,24.0,Lead,On Hold,Critical,Allocated,63.8
ALC004607,EMP0670,PRJ0055,CLI0015,2026-01-04,2026-03-27,138.1,86.3,113.2,24.9,Designer,Active,Low,Allocated,78.0
ALC004608,EMP0360,,CLI0032,2026-05-01,2026-06-29,83.7,52.3,68.6,15.1,PM,Active,Low,Underallocated,79.9
ALC004609,EMP0677,PRJ0145,CLI0003,2026-01-11,2026-05-31,105.0,65.6,86.1,18.9,PM,Active,Medium,Allocated,78.9
ALC004610,EMP0815,PRJ0012,CLI0020,2026-05-07,2026-09-04,93.1,58.2,76.3,16.8,Lead,Active,High,Underallocated,89.9
ALC004611,EMP0511,PRJ0146,CLI0006,2026-01-11,2026-02-14,72.5,45.3,59.4,13.0,Analyst,Completed,Medium,Underallocated,72.8
ALC004612,EMP0810,PRJ0004,CLI0056,2026-02-19,2026-05-22,118.2,73.9,96.9,21.3,Tester,On Hold,Low,Allocated,77.1
ALC004613,EMP0643,PRJ0129,CLI0019,2026-06-09,2026-07-13,36.8,23.0,30.2,6.6,Support,Active,Medium,Underallocated,76.6
ALC004614,EMP0124,PRJ0126,CLI0060,2026-03-07,2026-06-01,73.6,46.0,60.4,13.2,Lead,On Hold,Medium,Underallocated,87.7
ALC004615,EMP0158,PRJ0117,CLI0006,2026-02-08,2026-06-08,65.4,40.9,53.6,11.8,Designer,Active,Critical,Underallocated,88.7
ALC004616,EMP0325,PRJ0073,CLI0016,2026-06-14,2026-07-21,75.8,47.4,62.2,13.6,Lead,Completed,Critical,Underallocated,68.3
ALC004617,EMP0433,PRJ0039,CLI0024,2026-04-14,2026-05-07,68.6,42.9,56.3,12.3,Tester,On Hold,Critical,Underallocated,88.4
ALC004618,EMP0628,PRJ0138,CLI0018,2026-06-09,2026-07-13,47.4,29.6,38.9,8.5,Support,On Hold,Medium,Underallocated,89.2
ALC004619,EMP0830,PRJ0109,CLI0010,2026-05-17,2026-06-30,100.3,62.7,82.2,18.1,Designer,Completed,Low,Allocated,77.5
ALC004620,EMP0467,PRJ0129,CLI0019,2026-06-11,2026-08-11,97.1,60.7,79.6,17.5,Developer,On Hold,Low,Allocated,67.0
ALC004621,EMP0510,PRJ0005,CLI0011,2026-06-07,2026-08-17,111.5,69.7,91.4,20.1,Developer,On Hold,Low,Allocated,68.2
ALC004622,EMP0651,PRJ0145,CLI0003,2026-06-10,2026-08-20,121.4,75.9,99.5,21.9,Analyst,Completed,Medium,Allocated,78.6
ALC004623,EMP0668,PRJ0007,CLI0040,2026-03-21,2026-08-07,128.2,80.1,105.1,23.1,Designer,On Hold,Medium,Allocated,75.0
ALC004624,EMP0507,PRJ0002,CLI0046,2026-06-18,2026-08-02,79.8,49.9,65.4,14.4,PM,Completed,Low,Underallocated,70.5
ALC004625,EMP0116,PRJ0043,CLI0043,2026-01-02,2026-02-01,114.4,71.5,93.8,20.6,Lead,Completed,Critical,Allocated,73.3
ALC004626,EMP0641,PRJ0118,CLI0008,2026-05-11,2026-06-01,101.6,63.5,83.3,18.3,PM,Active,Medium,Allocated,92.1
ALC004627,EMP0101,PRJ0172,CLI0044,2026-02-09,2026-06-28,107.7,67.3,88.3,19.4,Support,Active,Low,Allocated,61.8
ALC004628,EMP0094,PRJ0049,CLI0043,2026-06-17,2026-07-14,93.8,58.6,76.9,16.9,Designer,Completed,High,Underallocated,68.2
ALC004629,EMP0631,PRJ0164,CLI0018,2026-05-20,2026-09-29,79.8,49.9,65.4,14.4,PM,On Hold,Medium,Underallocated,70.5
ALC004630,EMP0730,PRJ0105,CLI0056,2026-01-15,2026-02-26,102.2,63.9,83.8,18.4,Tester,Active,High,Allocated,68.6
ALC004631,EMP0402,PRJ0128,CLI0044,2026-04-12,2026-05-12,93.0,58.1,76.3,16.7,Designer,Completed,Low,Underallocated,84.2
ALC004632,EMP0190,PRJ0104,CLI0018,2026-02-08,2026-04-29,124.0,77.5,101.7,22.3,Analyst,Completed,Critical,Allocated,60.1
ALC004633,EMP0428,PRJ0082,CLI0013,2026-03-02,2026-05-31,149.8,93.6,122.8,27.0,Tester,On Hold,Low,Allocated,60.7
ALC004634,EMP0715,PRJ0103,CLI0001,2026-04-08,2026-07-09,74.4,46.5,61.0,13.4,Analyst,On Hold,Low,Underallocated,93.6
ALC004635,EMP0502,PRJ0180,CLI0006,2026-02-15,2026-05-07,90.6,56.6,74.3,16.3,Lead,Completed,High,Underallocated,80.9
ALC004636,EMP0805,PRJ0082,CLI0013,2026-03-21,2026-07-31,204.8,128.0,167.9,36.9,Tester,Active,Critical,Overallocated,64.5
ALC004637,EMP0262,PRJ0085,CLI0045,2026-03-05,2026-04-10,39.2,24.5,32.1,7.1,Support,Active,Medium,Underallocated,61.7
ALC004638,EMP0417,PRJ0127,CLI0026,2026-06-07,2026-09-15,47.5,29.7,38.9,8.5,PM,Completed,Medium,Underallocated,78.6
ALC004639,EMP0651,PRJ0095,CLI0017,2026-05-04,2026-06-09,154.1,96.3,126.4,27.7,Support,On Hold,Medium,Allocated,66.9
ALC004640,EMP0181,PRJ0129,CLI0019,2026-06-07,2026-10-30,188.5,117.8,154.6,33.9,Support,Active,Critical,Overallocated,79.2
ALC004641,EMP0609,PRJ0078,CLI0031,2026-01-12,2026-06-01,170.1,106.3,139.5,30.6,Tester,Active,Critical,Overallocated,84.8
ALC004642,EMP0756,PRJ0026,CLI0019,2026-04-09,2026-05-07,124.6,77.9,102.2,22.4,Tester,Active,Critical,Allocated,66.2
ALC004643,EMP0216,PRJ0149,CLI0039,2026-06-05,2026-11-02,94.7,59.2,77.7,17.0,PM,Active,High,Underallocated,72.9
ALC004644,EMP0073,PRJ0030,CLI0043,2026-04-06,2026-05-21,101.0,63.1,82.8,18.2,Developer,Active,Critical,Allocated,68.9
ALC004645,EMP0323,PRJ0032,CLI0053,2026-05-18,2026-10-07,128.0,80.0,105.0,23.0,Support,Active,High,Allocated,88.0
ALC004646,EMP0058,PRJ0114,CLI0043,2026-04-07,2026-06-08,149.4,93.4,122.5,26.9,Lead,Active,High,Allocated,65.9
ALC004647,EMP0646,PRJ0083,CLI0032,2026-02-20,2026-04-08,133.4,83.4,109.4,24.0,Developer,Active,Low,Allocated,82.5
ALC004648,EMP0496,PRJ0130,CLI0056,2026-06-03,2026-08-15,31.4,19.6,25.7,5.7,Developer,Active,High,Underallocated,63.9
ALC004649,EMP0220,PRJ0135,CLI0022,2026-01-13,2026-03-30,65.0,40.6,53.3,11.7,PM,Active,High,Underallocated,67.7
ALC004650,EMP0349,PRJ0029,CLI0058,2026-06-02,2026-08-17,123.0,76.9,100.9,22.1,Developer,Completed,Medium,Allocated,63.1
ALC004651,EMP0062,PRJ0125,CLI0019,2026-05-20,2026-08-02,56.6,35.4,46.4,10.2,Designer,Completed,Critical,Underallocated,74.4
ALC004652,EMP0280,PRJ0165,CLI0030,2026-03-06,2026-04-09,35.8,22.4,29.4,6.4,Tester,Completed,Low,Underallocated,77.2
ALC004653,EMP0697,PRJ0148,CLI0035,2026-06-21,2026-10-15,147.0,91.9,120.5,26.5,Lead,Completed,Low,Allocated,66.7
ALC004654,EMP0665,PRJ0053,CLI0011,2026-04-07,2026-07-25,122.2,76.4,100.2,22.0,Support,Completed,High,Allocated,67.7
ALC004655,EMP0683,PRJ0112,CLI0006,2026-05-14,2026-10-07,173.9,108.7,142.6,31.3,Analyst,Completed,High,Overallocated,78.0
ALC004656,EMP0439,PRJ0005,CLI0011,2026-03-03,2026-07-23,150.9,94.3,123.7,27.2,Tester,Active,Critical,Allocated,75.1
ALC004657,EMP0080,PRJ0071,CLI0036,2026-02-04,2026-04-11,87.0,54.4,71.3,15.7,PM,Completed,Low,Underallocated,80.2
ALC004658,EMP0509,PRJ0090,CLI0041,2026-02-11,2026-06-24,121.9,76.2,100.0,21.9,Designer,Active,Critical,Allocated,94.8
ALC004659,EMP0208,PRJ0053,CLI0011,2026-02-19,2026-05-21,80.3,50.2,65.8,14.5,Tester,Active,Medium,Underallocated,91.0
ALC004660,EMP0481,PRJ0068,CLI0059,2026-05-06,2026-09-04,47.5,29.7,38.9,8.5,Analyst,Active,Medium,Underallocated,86.0
ALC004661,EMP0192,PRJ0066,CLI0051,2026-01-10,2026-04-05,159.8,99.9,131.0,28.8,Analyst,Completed,High,Allocated,85.5
ALC004662,EMP0693,PRJ0115,CLI0050,2026-03-01,2026-07-11,104.2,65.1,85.4,18.8,Developer,Active,Low,Allocated,76.1
ALC004663,EMP0074,PRJ0111,CLI0043,2026-02-01,2026-04-22,165.9,103.7,136.0,29.9,Analyst,Active,High,Overallocated,70.3
ALC004664,EMP0691,PRJ0110,CLI0054,2026-03-05,2026-06-16,116.3,72.7,95.4,20.9,Analyst,Active,Critical,Allocated,62.1
ALC004665,EMP0089,PRJ0128,CLI0044,2026-01-10,2026-02-28,123.2,77.0,101.0,22.2,Support,On Hold,Medium,Allocated,78.2
ALC004666,EMP0329,PRJ0075,CLI0033,2026-04-13,2026-07-08,135.0,84.4,110.7,24.3,Lead,On Hold,Critical,Allocated,83.2
ALC004667,EMP0217,PRJ0063,CLI0016,2026-01-15,2026-06-05,104.6,65.4,85.8,18.8,Developer,Active,Low,Allocated,80.2
ALC004668,EMP0411,PRJ0006,CLI0019,2026-02-02,2026-06-08,102.6,64.1,84.1,18.5,PM,Active,Medium,Allocated,87.6
ALC004669,EMP0753,PRJ0022,CLI0037,2026-01-14,2026-04-15,121.8,76.1,99.9,21.9,PM,Completed,Medium,Allocated,75.3
ALC004670,EMP0209,PRJ0117,CLI0006,2026-01-06,2026-05-08,161.9,101.2,132.8,29.1,Developer,Completed,Critical,Overallocated,77.5
ALC004671,EMP0797,PRJ0015,CLI0015,2026-03-09,2026-07-27,132.2,82.6,108.4,23.8,Designer,Completed,Medium,Allocated,82.8
ALC004672,EMP0489,PRJ0026,CLI0019,2026-03-02,2026-06-25,112.6,70.4,92.3,20.3,Analyst,On Hold,Medium,Allocated,88.5
ALC004673,EMP0179,PRJ9999,CLI0055,2026-04-13,2026-06-18,95.5,59.7,78.3,17.2,Tester,On Hold,Medium,Underallocated,89.7
ALC004674,EMP0170,,CLI0048,2026-01-12,2026-05-21,107.2,67.0,87.9,19.3,Lead,Active,Low,Allocated,79.9
ALC004675,EMP0323,PRJ0008,CLI0052,2026-01-12,2026-04-20,77.4,48.4,63.5,13.9,Lead,On Hold,Low,Underallocated,61.4
ALC004676,EMP0839,PRJ0161,CLI0056,2026-04-21,2026-07-18,72.6,45.4,59.5,13.1,PM,Completed,High,Underallocated,72.3
ALC004677,EMP0447,PRJ0071,CLI0036,2026-05-17,2026-09-23,102.6,64.1,84.1,18.5,Support,On Hold,High,Allocated,72.4
ALC004678,EMP0588,PRJ0020,CLI0049,2026-04-08,2026-06-29,112.2,70.1,92.0,20.2,Designer,On Hold,High,Allocated,89.7
ALC004679,EMP0501,PRJ0110,CLI0054,2026-02-12,2026-03-22,141.1,88.2,115.7,25.4,Designer,On Hold,Critical,Allocated,73.3
ALC004680,EMP0486,PRJ0018,CLI0024,2026-04-16,2026-08-07,66.9,41.8,54.9,12.0,Tester,Completed,High,Underallocated,60.9
ALC004681,EMP0630,PRJ0005,CLI0011,2026-01-07,2026-05-11,112.5,70.3,92.2,20.2,PM,Completed,Low,Allocated,66.7
ALC004682,EMP0315,PRJ0145,CLI0003,2026-01-19,2026-06-17,129.1,80.7,105.9,23.2,Support,On Hold,Critical,Allocated,64.0
ALC004683,EMP0721,PRJ0078,CLI0031,2026-04-11,2026-05-28,72.8,45.5,59.7,13.1,Lead,Completed,Low,Underallocated,87.5
ALC004684,EMP0115,PRJ0061,CLI0059,2026-06-08,2026-10-31,93.6,58.5,76.8,16.8,Designer,Active,Low,Underallocated,66.6
ALC004685,EMP0567,PRJ0098,CLI0044,2026-05-12,2026-09-11,142.4,89.0,116.8,25.6,Lead,On Hold,Low,Allocated,94.7
ALC004686,EMP0074,PRJ0177,CLI0053,2026-04-21,2026-08-17,109.6,68.5,89.9,19.7,Lead,Active,Critical,Allocated,80.0
ALC004687,EMP0654,PRJ0138,CLI0018,2026-06-07,2026-10-08,31.4,19.6,25.7,5.7,Analyst,On Hold,High,Underallocated,94.8
ALC004688,EMP0124,PRJ0173,CLI0012,2026-04-08,2026-07-08,143.0,89.4,117.3,25.7,Support,On Hold,Critical,Allocated,74.1
ALC004689,EMP0187,PRJ0155,CLI0042,2026-03-06,2026-05-25,115.5,72.2,94.7,20.8,Support,Completed,Low,Allocated,65.8
ALC004690,EMP0423,PRJ0115,CLI0050,2026-05-04,2026-06-17,47.8,29.9,39.2,8.6,PM,Completed,Critical,Underallocated,88.5
ALC004691,EMP0604,PRJ0143,CLI0032,2026-04-05,2026-05-18,77.0,48.1,63.1,13.9,PM,On Hold,Medium,Underallocated,76.3
ALC004692,EMP0344,PRJ0114,CLI0043,2026-06-04,2026-08-16,106.9,66.8,87.7,19.2,PM,On Hold,High,Allocated,63.5
ALC004693,EMP0346,PRJ0166,CLI0028,2026-03-12,2026-05-06,124.5,77.8,102.1,22.4,Tester,Active,Medium,Allocated,83.1
ALC004694,EMP0227,PRJ0021,CLI0060,2026-02-21,2026-07-09,153.1,95.7,125.5,27.6,PM,Active,High,Allocated,85.8
ALC004695,EMP0084,PRJ0108,CLI0055,2026-05-17,2026-07-01,76.0,47.5,62.3,13.7,Designer,Completed,Low,Underallocated,91.8
ALC004696,EMP0736,PRJ0166,CLI0028,2026-04-12,2026-09-08,93.9,58.7,77.0,16.9,Lead,Completed,Low,Underallocated,72.9
ALC004697,EMP0787,PRJ0046,CLI0048,2026-02-15,2026-03-15,147.4,92.1,120.9,26.5,Analyst,Active,High,Allocated,70.4
ALC004698,EMP0173,PRJ0046,CLI0048,2026-01-13,2026-02-16,153.8,96.1,126.1,27.7,Designer,Completed,Medium,Allocated,80.7
ALC004699,EMP0408,PRJ0146,CLI0006,2026-02-05,2026-04-07,99.0,61.9,81.2,17.8,Lead,Active,Critical,Allocated,60.8
ALC004700,EMP0420,PRJ0004,CLI0056,2026-05-08,2026-09-18,90.7,56.7,74.4,16.3,Developer,On Hold,Medium,Underallocated,82.9
ALC004701,EMP0386,PRJ0004,CLI0056,2026-03-15,2026-04-30,132.0,82.5,108.2,23.8,Tester,On Hold,High,Allocated,60.8
ALC004702,EMP0625,PRJ0140,CLI0018,2026-06-18,2026-08-20,29.1,18.2,23.9,5.2,Support,Active,Critical,Underallocated,70.2
ALC004703,EMP0398,PRJ0150,CLI0003,2026-02-19,2026-05-24,111.5,69.7,91.4,20.1,Designer,Active,Critical,Allocated,74.6
ALC004704,EMP0705,PRJ0071,CLI0036,2026-03-01,2026-07-11,110.9,69.3,90.9,20.0,Support,Completed,Medium,Allocated,82.6
ALC004705,EMP0807,PRJ0084,CLI0016,2026-03-04,2026-06-23,93.3,58.3,76.5,16.8,PM,Active,Medium,Underallocated,81.4
ALC004706,EMP0106,PRJ0029,CLI0058,2026-04-05,2026-07-10,130.9,81.8,107.3,23.6,Designer,Completed,High,Allocated,71.9
ALC004707,EMP0507,PRJ0133,CLI0044,2026-04-05,2026-07-29,155.7,97.3,127.7,28.0,Developer,Completed,Critical,Allocated,94.0
ALC004708,EMP0719,PRJ0144,CLI0056,2026-05-04,2026-09-30,73.0,45.6,59.9,13.1,Tester,Active,Medium,Underallocated,62.2
ALC004709,EMP0814,PRJ0030,CLI0043,2026-06-20,2026-08-31,82.9,51.8,68.0,14.9,Support,Completed,High,Underallocated,93.7
ALC004710,EMP0676,PRJ0043,CLI0043,2026-06-04,2026-09-19,138.7,86.7,113.7,25.0,Developer,On Hold,High,Allocated,93.8
ALC004711,EMP0255,PRJ0125,CLI0019,2026-04-19,2026-07-06,53.9,33.7,44.2,9.7,PM,On Hold,Critical,Underallocated,70.3
ALC004712,EMP0257,PRJ0046,CLI0048,2026-02-06,2026-04-07,90.7,56.7,74.4,16.3,Analyst,On Hold,Critical,Underallocated,77.8
ALC004713,EMP0555,PRJ0144,CLI0056,2026-03-01,2026-07-26,198.7,124.2,162.9,35.8,Analyst,On Hold,High,Overallocated,81.7
ALC004714,EMP0458,PRJ0043,CLI0043,2026-03-05,2026-04-10,119.5,74.7,98.0,21.5,Lead,Active,Low,Allocated,73.3
ALC004715,EMP0643,PRJ0035,CLI0016,2026-05-03,2026-08-03,100.6,62.9,82.5,18.1,Support,On Hold,Medium,Allocated,75.3
ALC004716,EMP0170,PRJ0097,CLI0018,2026-02-17,2026-03-10,43.0,26.9,35.3,7.7,Tester,Completed,Critical,Underallocated,72.5
ALC004717,EMP0163,PRJ0022,CLI0037,2026-03-06,2026-07-20,15.7,9.8,12.9,2.8,PM,On Hold,Medium,Underallocated,60.5
ALC004718,EMP0180,PRJ0164,CLI0018,2026-03-05,2026-04-08,154.6,96.6,126.8,27.8,Tester,Completed,Medium,Allocated,91.9
ALC004719,EMP0430,PRJ0159,CLI0025,2026-05-10,2026-07-08,65.4,145.0,53.6,11.8,PM,Active,Medium,Underallocated,84.0
ALC004720,EMP0636,PRJ0173,CLI0012,2026-02-01,2026-04-17,113.8,71.1,93.3,20.5,PM,Completed,Medium,Allocated,63.8
ALC004721,EMP0839,PRJ0019,CLI0054,2026-03-21,2026-06-17,163.0,101.9,133.7,29.3,Developer,Completed,Low,Overallocated,65.8
ALC004722,EMP0232,PRJ0038,CLI0059,2026-02-06,2026-03-24,92.0,57.5,75.4,16.6,Developer,On Hold,High,Underallocated,73.4
ALC004723,EMP0599,PRJ0058,CLI0020,2026-06-17,2026-10-01,93.6,58.5,76.8,16.8,Tester,Active,Medium,Underallocated,72.1
ALC004724,EMP0378,PRJ0139,CLI0008,2026-04-21,2026-05-13,139.8,87.4,114.6,25.2,Designer,Completed,Low,Allocated,93.2
ALC004725,EMP0074,PRJ0006,CLI0019,2026-05-15,2026-09-01,166.2,103.9,136.3,29.9,Lead,On Hold,Medium,Overallocated,72.8
ALC004726,EMP0458,PRJ0135,CLI0022,2026-01-10,2026-02-19,145.9,91.2,119.6,26.3,PM,On Hold,Critical,Allocated,64.8
ALC004727,EMP0687,PRJ0117,CLI0006,2026-05-04,2026-07-04,170.9,106.8,140.1,30.8,Developer,Completed,Medium,Overallocated,82.5
ALC004728,EMP0298,,CLI0003,2026-02-05,2026-05-31,19.7,12.3,16.2,3.5,Designer,Completed,High,Underallocated,64.4
ALC004729,EMP0695,PRJ0013,CLI0048,2026-01-02,2026-02-18,128.8,80.5,105.6,23.2,Developer,Active,Critical,Allocated,85.4
ALC004730,EMP0515,PRJ0164,CLI0018,2026-01-17,2026-03-15,163.4,102.1,134.0,29.4,Lead,On Hold,Medium,Overallocated,94.1
ALC004731,EMP0459,PRJ0131,CLI0009,2026-01-06,2026-05-03,130.1,81.3,106.7,23.4,PM,On Hold,High,Allocated,69.4
ALC004732,EMP0576,PRJ0151,CLI0036,2026-01-13,2026-03-24,106.2,66.4,87.1,19.1,Lead,Active,Critical,Allocated,92.8
ALC004733,EMP0481,PRJ0021,CLI0060,2026-02-10,2026-06-15,63.0,39.4,51.7,11.3,Developer,On Hold,Medium,Underallocated,71.0
ALC004734,EMP0290,PRJ0131,CLI0009,2026-03-04,2026-05-21,82.7,51.7,67.8,14.9,Lead,Completed,Critical,Underallocated,64.0
ALC004735,EMP0801,PRJ0162,CLI0012,2026-06-14,2026-11-06,172.0,107.5,141.0,31.0,Designer,Active,Critical,Overallocated,72.4
ALC004736,EMP0790,PRJ0004,CLI0056,2026-03-05,2026-07-11,110.6,69.1,90.7,19.9,Tester,Completed,Low,Allocated,62.1
ALC004737,EMP0206,PRJ0025,CLI0003,2026-02-15,2026-06-19,86.7,54.2,71.1,15.6,Tester,On Hold,Critical,Underallocated,87.9
ALC004738,EMP0410,PRJ0114,CLI0043,2026-01-17,2026-04-27,49.9,31.2,40.9,9.0,Support,On Hold,Low,Underallocated,77.1
ALC004739,EMP0430,PRJ0170,CLI0032,2026-05-15,2026-08-27,130.6,81.6,107.1,23.5,Developer,On Hold,Medium,Allocated,65.2
ALC004740,EMP0457,PRJ0127,CLI0026,2026-02-07,2026-05-15,79.8,49.9,65.4,14.4,Designer,Active,Low,Underallocated,87.5
ALC004741,EMP0196,PRJ0037,CLI0057,2026-05-02,2026-09-12,110.7,69.2,90.8,19.9,Designer,On Hold,Medium,Allocated,93.0
ALC004742,EMP0802,PRJ0111,CLI0043,2026-03-16,2026-06-19,181.0,113.1,148.4,32.6,Designer,Completed,Critical,Overallocated,82.4
ALC004743,EMP0447,PRJ0120,CLI0028,2026-04-15,2026-05-09,,89.9,117.9,25.9,Analyst,Completed,High,Allocated,73.8
ALC004744,EMP0563,PRJ9999,CLI0049,2026-04-16,2026-05-07,164.3,102.7,134.7,29.6,Designer,Completed,High,Overallocated,71.2
ALC004745,EMP0191,PRJ0092,CLI0007,2026-05-15,2026-07-27,117.8,73.6,96.6,21.2,Developer,Completed,High,Allocated,60.7
ALC004746,EMP0374,PRJ0054,CLI0021,2026-02-08,2026-05-22,140.5,87.8,115.2,25.3,Tester,Active,Low,Allocated,62.5
ALC004747,EMP0470,PRJ0119,CLI0048,2026-04-13,2026-07-05,,103.2,135.4,29.7,Lead,On Hold,Low,Overallocated,83.4
ALC004748,EMP0216,PRJ0125,CLI0019,2026-03-09,2026-06-08,78.9,49.3,64.7,14.2,Developer,Completed,Low,Underallocated,79.3
ALC004749,EMP0421,PRJ0135,CLI0022,2026-01-04,2026-04-27,110.6,69.1,90.7,19.9,Designer,Active,Medium,Allocated,95.0
ALC004750,EMP0597,PRJ0101,CLI0028,2026-03-12,2026-04-17,84.5,52.8,69.3,15.2,PM,Active,Low,Underallocated,85.0
ALC004751,EMP0089,PRJ0137,CLI0012,2026-03-21,2026-06-05,87.7,54.8,71.9,15.8,Developer,Completed,High,Underallocated,84.7
ALC004752,EMP0111,PRJ0013,CLI0048,2026-06-01,2026-08-03,106.1,,87.0,19.1,Developer,Completed,Low,Allocated,68.1
ALC004753,EMP0638,PRJ0055,CLI0015,2026-06-03,2026-08-05,73.9,46.2,60.6,13.3,PM,On Hold,Medium,Underallocated,91.4
ALC004754,EMP0787,PRJ0167,CLI0027,2026-05-06,2026-08-25,97.1,60.7,79.6,17.5,PM,Active,Low,Allocated,94.2
ALC004755,EMP0371,PRJ0086,CLI0017,2026-05-01,2026-06-18,139.4,87.1,114.3,25.1,Designer,Active,Low,Allocated,79.9
ALC004756,EMP0757,PRJ0006,CLI0019,2026-05-08,2026-09-03,108.2,67.6,88.7,19.5,Lead,On Hold,Critical,Allocated,69.3
ALC004757,EMP0698,PRJ0083,CLI0032,2026-06-02,2026-08-08,81.0,50.6,66.4,14.6,PM,On Hold,Critical,Underallocated,90.6
ALC004758,EMP0479,PRJ0055,CLI0015,2026-06-01,2026-07-11,143.5,89.7,117.7,25.8,Developer,Active,High,Allocated,80.6
ALC004759,EMP0458,PRJ0080,CLI0026,2026-01-09,2026-04-04,75.4,47.1,61.8,13.6,Tester,Active,Medium,Underallocated,74.7
ALC004760,EMP0568,PRJ0112,CLI0006,2026-05-04,2026-08-20,67.8,42.4,55.6,12.2,Developer,Completed,Critical,Underallocated,84.6
ALC004761,EMP0222,PRJ0005,CLI0011,2026-03-12,2026-07-04,160.0,100.0,131.2,28.8,Designer,Completed,Medium,Allocated,68.2
ALC004762,EMP0086,PRJ0069,CLI0021,2026-01-09,2026-02-28,145.8,91.1,119.6,26.2,Support,On Hold,Critical,Allocated,94.0
ALC004763,EMP0497,PRJ0054,CLI0021,2026-04-20,2026-08-26,98.4,61.5,80.7,17.7,Tester,On Hold,Medium,Allocated,72.8
ALC004764,EMP0694,PRJ0020,CLI0049,2026-06-08,2026-08-17,187.8,117.4,154.0,33.8,Developer,Completed,Medium,Overallocated,70.1
ALC004765,EMP0168,PRJ0118,CLI0008,2026-03-16,2026-05-24,89.4,55.9,73.3,16.1,Developer,On Hold,Medium,Underallocated,92.8
ALC004766,EMP0607,PRJ0123,CLI0039,2026-03-08,2026-04-09,139.4,87.1,114.3,25.1,Designer,Completed,Low,Allocated,70.5
ALC004767,EMP0556,PRJ0075,CLI0033,2026-01-04,2026-04-29,48.8,30.5,40.0,8.8,PM,Completed,High,Underallocated,93.4
ALC004768,EMP0555,PRJ0167,CLI0027,2026-06-14,2026-08-26,71.4,44.6,58.5,12.9,Lead,Completed,High,Underallocated,78.8
ALC004769,EMP0603,PRJ0179,CLI0012,2026-04-09,2026-06-29,153.1,95.7,125.5,27.6,Tester,Completed,High,Allocated,71.9
ALC004770,EMP0399,PRJ0060,CLI0022,2026-06-05,2026-06-26,168.8,105.5,138.4,30.4,Support,On Hold,High,Overallocated,93.5
ALC004771,EMP0084,PRJ0095,CLI0017,2026-01-18,2026-04-09,105.9,66.2,86.8,19.1,Support,On Hold,Low,Allocated,84.5
ALC004772,EMP0684,PRJ0022,CLI0037,2026-01-20,2026-02-18,203.2,127.0,166.6,36.6,Support,On Hold,Medium,Overallocated,76.6
ALC004773,EMP0394,PRJ0054,CLI0021,2026-02-10,2026-06-05,164.3,102.7,134.7,29.6,PM,Active,Medium,Overallocated,72.1
ALC004774,EMP0156,PRJ0016,CLI0049,2026-04-16,2026-06-25,84.2,52.6,69.0,15.2,Designer,Active,Low,Underallocated,89.6
ALC004775,EMP0245,PRJ0079,CLI0059,2026-04-17,2026-09-12,96.8,60.5,79.4,17.4,PM,Active,Critical,Allocated,60.7
ALC004776,EMP0301,PRJ0088,CLI0011,2026-05-17,2026-10-08,56.5,35.3,46.3,10.2,Designer,Active,High,Underallocated,86.8
ALC004777,EMP0534,PRJ0069,CLI0021,2026-01-06,2026-04-09,94.2,58.9,77.2,17.0,Lead,On Hold,Low,Underallocated,67.9
ALC004778,EMP0371,PRJ0100,CLI0039,2026-05-17,2026-07-15,121.6,76.0,99.7,21.9,Developer,Active,Low,Allocated,81.6
ALC004779,EMP0123,,CLI0002,2026-02-12,2026-06-17,113.6,71.0,93.2,20.4,Developer,On Hold,Critical,Allocated,94.3
ALC004780,EMP0132,PRJ0111,CLI0043,2026-06-10,2026-08-24,113.3,70.8,92.9,20.4,Tester,Active,High,Allocated,89.4
ALC004781,EMP0668,PRJ0111,CLI0043,2026-04-18,2026-05-27,151.8,94.9,124.5,27.3,Tester,Completed,Low,Allocated,74.3
ALC004782,EMP0331,PRJ0006,CLI0019,2026-04-06,2026-06-18,118.7,74.2,97.3,21.4,Tester,Active,Low,Allocated,88.3
ALC004783,EMP0256,PRJ0060,CLI0022,2026-06-15,2026-08-10,139.4,87.1,114.3,25.1,Lead,Completed,Medium,Allocated,82.9
ALC004784,EMP0297,PRJ0153,CLI0030,2026-03-02,2026-06-03,129.9,81.2,106.5,23.4,Designer,Completed,Critical,Allocated,73.2
ALC004785,EMP0397,PRJ0073,CLI0016,2026-06-06,2026-08-01,123.5,77.2,101.3,22.2,Support,Active,High,Allocated,67.7
ALC004786,EMP0406,PRJ0156,CLI0002,2026-06-18,2026-08-01,148.8,93.0,122.0,26.8,Designer,Completed,Critical,Allocated,67.7
ALC004787,EMP0789,PRJ0115,CLI0050,2026-03-21,2026-07-05,144.2,90.1,118.2,26.0,Designer,Active,Medium,Allocated,78.2
ALC004788,EMP0325,PRJ0027,CLI0004,2026-03-18,2026-07-17,66.9,41.8,54.9,12.0,Tester,On Hold,Medium,Underallocated,91.3
ALC004789,EMP0196,PRJ0103,CLI0001,2026-06-13,2026-08-18,184.8,115.5,151.5,33.3,Analyst,Completed,High,Overallocated,72.1
ALC004790,EMP0072,PRJ0039,CLI0024,2026-06-16,2026-07-08,116.8,73.0,95.8,21.0,Tester,Active,Medium,Allocated,81.1
ALC004791,EMP0494,PRJ0154,CLI0005,2026-01-21,2026-04-24,73.9,46.2,60.6,13.3,Tester,On Hold,Low,Underallocated,78.8
ALC004792,EMP0717,PRJ0126,CLI0060,2026-05-03,2026-08-01,109.4,68.4,89.7,19.7,Developer,On Hold,Low,Allocated,87.0
ALC004793,EMP0179,PRJ0117,CLI0006,2026-01-14,2026-06-01,122.4,76.5,100.4,22.0,Developer,Active,Low,Allocated,87.6
ALC004794,EMP0046,PRJ0104,CLI0018,2026-06-20,2026-08-03,135.5,84.7,111.1,24.4,Designer,Completed,Low,Allocated,74.0
ALC004795,EMP0656,PRJ0104,CLI0018,2026-01-12,2026-02-17,150.4,94.0,123.3,27.1,Designer,Active,Critical,Allocated,88.0
ALC004796,EMP0213,PRJ0131,CLI0009,2026-02-16,2026-03-28,142.7,89.2,117.0,25.7,Developer,Active,Low,Allocated,83.3
ALC004797,EMP0336,PRJ0095,CLI0017,2026-06-09,2026-07-26,185.6,116.0,152.2,33.4,PM,Active,High,Overallocated,64.7
ALC004798,EMP0428,PRJ0161,CLI0056,2026-02-05,2026-05-17,116.2,72.6,95.3,20.9,Tester,Completed,Medium,Allocated,90.8
ALC004799,EMP0499,PRJ0150,CLI0003,2026-06-16,2026-08-01,105.6,66.0,86.6,19.0,Designer,Completed,High,Allocated,64.5
ALC004800,EMP0734,PRJ0097,CLI0018,2026-06-07,2026-08-14,53.3,33.3,43.7,9.6,Lead,On Hold,Medium,Underallocated,66.2
ALC004801,EMP0540,PRJ0076,CLI0055,2026-01-04,2026-02-08,150.7,94.2,123.6,27.1,Tester,Completed,Low,Allocated,75.8
ALC004802,EMP0007,PRJ0092,CLI0007,2026-03-05,2026-06-21,136.3,85.2,111.8,24.5,Analyst,Completed,Low,Allocated,89.0
ALC004803,EMP0315,PRJ0162,CLI0012,2026-03-15,2026-04-08,89.4,55.9,73.3,16.1,Developer,On Hold,Medium,Underallocated,73.4
ALC004804,EMP0729,PRJ0054,CLI0021,2026-01-14,2026-06-03,121.8,76.1,99.9,21.9,Designer,On Hold,Critical,Allocated,82.5
ALC004805,EMP0596,PRJ0120,CLI0028,2026-01-11,2026-04-23,111.5,69.7,91.4,20.1,Analyst,Completed,Critical,Allocated,69.0
ALC004806,EMP0313,PRJ0172,CLI0044,2026-01-21,2026-03-08,119.0,74.4,97.6,21.4,Lead,Completed,Critical,Allocated,60.7
ALC004807,EMP0155,PRJ0053,CLI0011,2026-04-21,2026-07-11,101.0,63.1,82.8,18.2,Designer,Active,Low,Allocated,90.4
ALC004808,EMP0146,PRJ0177,CLI0053,2026-03-10,2026-04-17,,72.8,95.5,21.0,Tester,Active,High,Allocated,75.7
ALC004809,EMP0655,PRJ0071,CLI0036,2026-02-18,2026-06-25,51.2,32.0,42.0,9.2,Lead,Active,Medium,Underallocated,67.1
ALC004810,EMP0769,PRJ0105,CLI0056,2026-01-05,2026-05-15,,59.9,78.6,17.2,Developer,Completed,Low,Underallocated,94.3
ALC004811,EMP0739,PRJ0082,CLI0013,2026-03-09,2026-07-23,124.3,77.7,101.9,22.4,Support,Active,High,Allocated,85.0
ALC004812,EMP0062,PRJ0159,CLI0025,2026-04-11,2026-08-23,83.8,52.4,68.7,15.1,Analyst,On Hold,Low,Underallocated,89.5
ALC004813,EMP0013,PRJ0014,CLI0026,2026-06-15,2026-07-29,127.5,79.7,104.5,22.9,Lead,Active,Critical,Allocated,89.7
ALC004814,EMP0407,PRJ0077,CLI0025,2026-02-06,2026-04-30,194.6,145.0,159.6,35.0,Support,Active,Low,Overallocated,84.8
ALC004815,EMP0264,PRJ0003,CLI0041,2026-03-05,2026-03-27,65.8,41.1,54.0,11.8,Support,On Hold,High,Underallocated,74.4
ALC004816,EMP0449,PRJ0121,CLI0015,2026-01-16,2026-02-16,38.7,24.2,31.7,7.0,Designer,On Hold,Critical,Underallocated,60.9
ALC004817,EMP0187,PRJ0015,CLI0015,2026-06-16,2026-08-10,160.2,100.1,131.4,28.8,PM,On Hold,Low,Overallocated,76.7
ALC004818,EMP0126,PRJ0062,CLI0038,2026-06-08,2026-10-29,195.7,122.3,160.5,35.2,Lead,On Hold,Medium,Overallocated,92.2
ALC004819,EMP0270,PRJ0124,CLI0045,2026-01-05,2026-04-16,126.9,79.3,104.1,22.8,Tester,On Hold,Critical,Allocated,86.3
ALC004820,EMP0781,PRJ0059,CLI0017,2026-03-02,2026-03-24,112.3,70.2,92.1,20.2,Analyst,Completed,Low,Allocated,72.1
ALC004821,EMP0303,PRJ0050,CLI0039,2026-02-19,2026-03-18,86.2,53.9,70.7,15.5,Developer,Active,High,Underallocated,65.0
ALC004822,EMP0014,PRJ0066,CLI0051,2026-01-17,2026-05-31,133.6,83.5,109.6,24.0,Lead,Completed,Low,Allocated,74.1
ALC004823,EMP0832,PRJ0174,CLI0032,2026-05-01,2026-07-23,111.4,69.6,91.3,20.1,Tester,Completed,High,Allocated,61.1
ALC004824,EMP0418,PRJ0136,CLI0003,2026-04-04,2026-07-28,145.9,91.2,119.6,26.3,Analyst,Active,Critical,Allocated,74.5
ALC004825,EMP0135,PRJ0144,CLI0056,2026-02-08,2026-03-21,43.5,27.2,35.7,7.8,PM,Completed,High,Underallocated,69.5
ALC004826,EMP0125,PRJ0086,CLI0017,2026-04-17,2026-05-31,125.1,78.2,102.6,22.5,Lead,Active,Medium,Allocated,72.8
ALC004827,EMP0228,PRJ0033,CLI0030,2026-03-20,2026-04-22,78.6,49.1,64.5,14.1,Tester,Active,High,Underallocated,87.3
ALC004828,EMP0507,PRJ0048,CLI0035,2026-06-02,2026-09-20,149.9,93.7,122.9,27.0,PM,Completed,Critical,Allocated,68.9
ALC004829,EMP0057,PRJ0161,CLI0056,2026-03-13,2026-07-29,66.2,41.4,54.3,11.9,Developer,Active,Critical,Underallocated,73.7
ALC004830,EMP0310,PRJ0057,CLI0043,2026-03-13,2026-05-24,137.1,85.7,112.4,24.7,Designer,On Hold,Low,Allocated,82.9
ALC004831,EMP0733,PRJ0143,CLI0032,2026-03-10,2026-08-03,88.6,55.4,72.7,15.9,Analyst,On Hold,Critical,Underallocated,62.7
ALC004832,EMP0794,PRJ0172,CLI0044,2026-01-05,2026-02-16,94.6,59.1,77.6,17.0,Analyst,Active,Medium,Underallocated,84.3
ALC004833,EMP0005,PRJ0100,CLI0039,2026-02-05,2026-04-13,145.9,91.2,119.6,26.3,Analyst,On Hold,Low,Allocated,69.7
ALC004834,EMP0199,PRJ0014,CLI0026,2026-04-04,2026-05-05,80.2,50.1,65.8,14.4,Tester,On Hold,Medium,Underallocated,69.1
ALC004835,EMP0082,PRJ0163,CLI0044,2026-06-11,2026-08-24,,32.5,42.6,9.4,Lead,Completed,Low,Underallocated,86.4
ALC004836,EMP0257,PRJ0148,CLI0035,2026-01-19,2026-02-14,114.9,71.8,94.2,20.7,Support,On Hold,Low,Allocated,69.9
ALC004837,EMP0077,PRJ0009,CLI0015,2026-06-12,2026-10-01,85.6,53.5,70.2,15.4,Designer,On Hold,Critical,Underallocated,81.3
ALC004838,EMP0428,PRJ0163,CLI0044,2026-04-09,2026-06-08,57.1,35.7,46.8,10.3,Lead,Active,High,Underallocated,79.5
ALC004839,EMP0112,,CLI0017,2026-02-06,2026-04-17,126.1,78.8,103.4,22.7,Lead,Active,High,Allocated,83.3
ALC004840,EMP0029,PRJ0007,CLI0040,2026-04-05,2026-04-28,123.5,77.2,101.3,22.2,Lead,On Hold,High,Allocated,79.6
ALC004841,EMP0314,PRJ0132,CLI0013,2026-06-19,2026-09-29,116.6,72.9,95.6,21.0,Lead,On Hold,Low,Allocated,90.3
ALC004842,EMP0090,PRJ0123,CLI0039,2026-06-19,2026-08-14,132.3,82.7,108.5,23.8,Developer,Completed,Low,Allocated,81.5
ALC004843,EMP0366,PRJ0073,CLI0016,2026-06-08,2026-09-03,32.2,20.1,26.4,5.8,PM,On Hold,Critical,Underallocated,64.6
ALC004844,EMP0464,PRJ0144,CLI0056,2026-02-13,2026-05-11,81.4,50.9,66.7,14.7,Lead,Completed,Medium,Underallocated,89.4
ALC004845,EMP0564,PRJ0012,CLI0020,2026-05-03,2026-09-24,123.0,76.9,100.9,22.1,Developer,Completed,Low,Allocated,61.5
ALC004846,EMP0190,PRJ0147,CLI0001,2026-01-02,2026-03-07,153.4,95.9,125.8,27.6,Tester,Active,High,Allocated,77.0
ALC004847,EMP0524,PRJ0003,CLI0041,2026-02-11,2026-05-31,121.6,76.0,99.7,21.9,Designer,On Hold,Low,Allocated,93.4
ALC004848,EMP0064,PRJ0063,CLI0016,2026-03-17,2026-04-19,158.7,99.2,130.1,28.6,Lead,Active,Critical,Allocated,68.1
ALC004849,EMP0787,PRJ0117,CLI0006,2026-03-02,2026-06-13,85.0,53.1,69.7,15.3,Designer,On Hold,Medium,Underallocated,75.1
ALC004850,EMP0358,PRJ0069,CLI0021,2026-02-05,2026-03-31,87.4,54.6,71.7,15.7,PM,Active,Low,Underallocated,91.8
ALC004851,EMP0045,PRJ0060,CLI0022,2026-04-15,2026-06-18,97.1,60.7,79.6,17.5,Developer,Completed,Critical,Allocated,87.0
ALC004852,EMP0713,PRJ0045,CLI0011,2026-04-17,2026-06-16,108.6,67.9,89.1,19.5,Support,Completed,Critical,Allocated,63.0
ALC004853,EMP0148,,CLI0032,2026-03-11,2026-06-04,41.0,25.6,33.6,7.4,PM,Active,High,Underallocated,69.8
ALC004854,EMP0326,PRJ0158,CLI0059,2026-06-20,2026-10-18,111.2,69.5,91.2,20.0,Developer,Active,Medium,Allocated,90.1
ALC004855,EMP0071,PRJ0155,CLI0042,2026-02-19,2026-07-19,110.6,69.1,90.7,19.9,Designer,Completed,Critical,Allocated,60.9
ALC004856,EMP0169,PRJ0148,CLI0035,2026-04-21,2026-07-12,87.5,54.7,71.8,15.8,Tester,On Hold,Critical,Underallocated,92.3
ALC004857,EMP0816,PRJ0014,CLI0026,2026-06-05,2026-07-03,81.3,50.8,66.7,14.6,Lead,Active,Low,Underallocated,60.6
ALC004858,EMP0033,PRJ0049,CLI0043,2026-03-20,2026-05-10,122.9,76.8,100.8,22.1,Developer,Active,Low,Allocated,61.6
ALC004859,EMP0526,PRJ0048,CLI0035,2026-04-20,2026-07-18,135.5,84.7,111.1,24.4,Support,Completed,High,Allocated,66.4
ALC004860,EMP0592,PRJ0058,CLI0020,2026-06-20,2026-09-11,117.8,73.6,96.6,21.2,Designer,Completed,Critical,Allocated,86.6
ALC004861,EMP0838,PRJ0113,CLI0050,2026-03-09,2026-07-08,117.8,73.6,96.6,21.2,Developer,On Hold,High,Allocated,68.9
ALC004862,EMP0134,PRJ0100,CLI0039,2026-03-18,2026-08-07,110.6,69.1,90.7,19.9,Lead,On Hold,Critical,Allocated,88.3
ALC004863,EMP0794,PRJ0108,CLI0055,2026-01-11,2026-03-31,112.6,70.4,92.3,20.3,Lead,On Hold,Critical,Allocated,68.1
ALC004864,EMP0762,PRJ0078,CLI0031,2026-04-13,2026-07-14,139.2,87.0,114.1,25.1,Developer,Active,Critical,Allocated,85.1
ALC004865,EMP0552,PRJ0035,CLI0016,2026-02-15,2026-05-09,176.8,110.5,145.0,31.8,Tester,Active,Critical,Overallocated,75.3
ALC004866,EMP0813,PRJ0076,CLI0055,2026-02-02,2026-06-13,171.7,107.3,140.8,30.9,Support,On Hold,Medium,Overallocated,94.1
ALC004867,EMP0824,PRJ0004,CLI0056,2026-06-02,2026-08-21,68.6,42.9,56.3,12.3,PM,Active,Low,Underallocated,89.9
ALC004868,EMP0742,PRJ0170,CLI0032,2026-03-12,2026-04-12,27.5,17.2,22.5,5.0,Lead,Active,Critical,Underallocated,76.7
ALC004869,EMP0794,PRJ0141,CLI0028,2026-06-12,2026-09-15,133.3,83.3,109.3,24.0,Designer,Completed,Medium,Allocated,75.3
ALC004870,EMP0631,PRJ0008,CLI0052,2026-04-21,2026-07-22,112.8,70.5,92.5,20.3,Lead,Active,Low,Allocated,86.3
ALC004871,EMP0746,PRJ0124,CLI0045,2026-05-17,2026-07-23,109.6,68.5,89.9,19.7,Designer,Active,Critical,Allocated,82.3
ALC004872,EMP0729,PRJ0119,CLI0048,2026-03-04,2026-04-15,127.2,79.5,104.3,22.9,Tester,Active,Low,Allocated,75.2
ALC004873,EMP0397,PRJ0005,CLI0011,2026-04-20,2026-05-15,102.2,63.9,83.8,18.4,PM,Completed,Medium,Allocated,65.5
ALC004874,EMP0484,PRJ0134,CLI0007,2026-01-18,2026-02-12,47.2,29.5,38.7,8.5,Support,On Hold,Low,Underallocated,76.5
ALC004875,EMP0091,PRJ0133,CLI0044,2026-04-11,2026-08-31,66.4,41.5,54.4,12.0,Analyst,Completed,Medium,Underallocated,84.7
ALC004876,EMP0579,PRJ0037,CLI0057,2026-04-09,2026-06-15,68.8,43.0,56.4,12.4,Developer,Completed,High,Underallocated,78.5
ALC004877,EMP0706,PRJ0067,CLI0015,2026-03-21,2026-08-03,138.7,86.7,113.7,25.0,Designer,Completed,Medium,Allocated,84.4
ALC004878,EMP0560,PRJ0003,CLI0041,2026-04-08,2026-06-20,187.4,117.1,153.7,33.7,Analyst,Completed,High,Overallocated,77.4
ALC004879,EMP0535,PRJ0119,CLI0048,2026-03-11,2026-07-08,93.3,58.3,76.5,16.8,Tester,Active,High,Underallocated,86.6
ALC004880,EMP0731,PRJ0017,CLI0050,2026-04-04,2026-05-03,216.0,135.0,177.1,38.9,Tester,On Hold,Low,Overallocated,61.6
ALC004881,EMP0638,PRJ0025,CLI0003,2026-01-10,2026-04-16,36.2,22.6,29.7,6.5,Tester,Active,Medium,Underallocated,75.4
ALC004882,EMP0309,PRJ0110,CLI0054,2026-04-18,2026-06-10,91.7,57.3,75.2,16.5,PM,On Hold,Medium,Underallocated,81.3
ALC004883,EMP0655,PRJ0178,CLI0030,2026-01-12,2026-06-01,119.4,74.6,97.9,21.5,Designer,Active,Medium,Allocated,77.7
ALC004884,EMP0558,PRJ0093,CLI0012,2026-04-10,2026-06-07,9.9,,8.1,1.8,Analyst,Completed,Critical,Underallocated,72.5
ALC004885,EMP0503,PRJ0162,CLI0012,2026-06-21,2026-07-12,173.0,108.1,141.9,31.1,Tester,Completed,High,Overallocated,78.8
ALC004886,EMP0051,PRJ0042,CLI0026,2026-02-08,2026-06-25,84.3,52.7,69.1,15.2,Lead,Completed,Medium,Underallocated,87.0
ALC004887,EMP0686,PRJ0118,CLI0008,2026-01-09,2026-04-24,113.3,70.8,92.9,20.4,Developer,Active,Critical,Allocated,66.6
ALC004888,EMP0134,PRJ0139,CLI0008,2026-05-14,2026-07-17,129.9,81.2,106.5,23.4,Designer,Completed,Low,Allocated,66.4
ALC004889,EMP0069,PRJ0027,CLI0004,2026-02-06,2026-07-02,48.3,30.2,39.6,8.7,Developer,Active,Critical,Underallocated,89.6
ALC004890,EMP0706,PRJ0150,CLI0003,2026-02-01,2026-06-08,209.3,130.8,171.6,37.7,Designer,Completed,High,Overallocated,78.9
ALC004891,EMP0435,PRJ0150,CLI0003,2026-05-04,2026-08-08,117.3,73.3,96.2,21.1,Analyst,Completed,High,Allocated,86.4
ALC004892,EMP0356,PRJ0041,CLI0044,2026-03-11,2026-06-04,98.4,61.5,80.7,17.7,PM,Completed,Medium,Allocated,92.7
ALC004893,EMP0647,PRJ0087,CLI0046,2026-04-06,2026-07-30,67.5,42.2,55.3,12.2,Support,Active,Low,Underallocated,86.0
ALC004894,EMP0604,PRJ0041,CLI0044,2026-06-10,2026-10-12,120.2,75.1,98.6,21.6,Developer,On Hold,Medium,Allocated,69.5
ALC004895,EMP0483,PRJ0074,CLI0006,2026-02-03,2026-06-15,49.0,30.6,40.2,8.8,Developer,Active,Medium,Underallocated,64.6
ALC004896,EMP0412,PRJ0166,CLI0028,2026-01-12,2026-06-05,117.6,73.5,96.4,21.2,Developer,On Hold,Critical,Allocated,64.0
ALC004897,EMP0639,PRJ0097,CLI0018,2026-02-06,2026-05-04,167.8,104.9,137.6,30.2,Developer,Completed,Medium,Overallocated,91.9
ALC004898,EMP0732,PRJ0006,CLI0019,2026-04-06,2026-05-08,158.6,99.1,130.1,28.5,Tester,Active,Critical,Allocated,87.1
ALC004899,EMP0348,PRJ0066,CLI0051,2026-04-08,2026-08-20,89.8,56.1,73.6,16.2,Developer,Completed,High,Underallocated,80.0
ALC004900,EMP0554,PRJ0006,CLI0019,2026-06-08,2026-08-08,100.8,145.0,82.7,18.1,Lead,Active,Medium,Allocated,92.2
ALC004901,EMP0556,PRJ0149,CLI0039,2026-04-13,2026-05-27,133.6,83.5,109.6,24.0,Analyst,Active,Low,Allocated,63.3
ALC004902,EMP0430,PRJ0170,CLI0032,2026-06-08,2026-07-30,159.4,99.6,130.7,28.7,Lead,On Hold,Low,Allocated,80.9
ALC004903,EMP0308,PRJ0028,CLI0011,2026-06-16,2026-11-11,173.3,145.0,142.1,31.2,Tester,On Hold,Critical,Overallocated,73.9
ALC004904,EMP0229,PRJ0123,CLI0039,2026-04-01,2026-07-20,177.1,110.7,145.2,31.9,Developer,On Hold,Low,Overallocated,91.8
ALC004905,EMP0529,PRJ0033,CLI0030,2026-05-18,2026-09-24,74.7,46.7,61.3,13.4,Support,On Hold,Medium,Underallocated,77.4
ALC004906,EMP0048,PRJ0062,CLI0038,2026-01-19,2026-05-31,142.1,88.8,116.5,25.6,PM,Completed,High,Allocated,76.2
ALC004907,EMP0427,PRJ0031,CLI0044,2026-06-20,2026-08-20,56.6,35.4,46.4,10.2,Developer,Active,Medium,Underallocated,88.8
ALC004908,EMP0534,PRJ0166,CLI0028,2026-04-06,2026-04-26,93.4,58.4,76.6,16.8,Support,On Hold,High,Underallocated,63.4
ALC004909,EMP0187,PRJ0006,CLI0019,2026-02-04,2026-04-09,65.0,40.6,53.3,11.7,Tester,Active,Medium,Underallocated,67.1
ALC004910,EMP0318,PRJ0102,CLI0043,2026-03-04,2026-05-07,65.9,41.2,54.0,11.9,Analyst,Completed,Critical,Underallocated,61.8
ALC004911,EMP0226,PRJ0080,CLI0026,2026-04-21,2026-07-27,121.6,76.0,99.7,21.9,Analyst,Active,Critical,Allocated,86.9
ALC004912,EMP0840,PRJ0052,CLI0022,2026-03-16,2026-07-15,84.3,52.7,69.1,15.2,Lead,Completed,Medium,Underallocated,60.1
ALC004913,EMP0232,PRJ0170,CLI0032,2026-03-11,2026-05-03,123.5,77.2,101.3,22.2,Support,Active,Medium,Allocated,87.8
ALC004914,EMP0477,PRJ0172,CLI0044,2026-04-11,2026-09-08,63.7,,52.2,11.5,Designer,Active,Critical,Underallocated,70.8
ALC004915,EMP0637,PRJ0171,CLI0001,2026-03-06,2026-03-26,131.4,82.1,107.7,23.7,Designer,Active,Critical,Allocated,89.9
ALC004916,EMP0179,PRJ0120,CLI0028,2026-06-12,2026-07-25,94.7,59.2,77.7,17.0,Support,On Hold,Critical,Underallocated,70.6
ALC004917,EMP0383,PRJ0117,CLI0006,2026-05-15,2026-09-23,100.3,62.7,82.2,18.1,Tester,Active,Low,Allocated,86.1
ALC004918,EMP0532,PRJ0021,CLI0060,2026-01-09,2026-03-04,60.0,37.5,49.2,10.8,Developer,Completed,Low,Underallocated,82.8
ALC004919,EMP0396,PRJ0174,CLI0032,2026-03-04,2026-05-03,152.8,95.5,125.3,27.5,PM,Active,Critical,Allocated,91.9
ALC004920,EMP0130,PRJ0086,CLI0017,2026-04-03,2026-08-30,117.6,73.5,96.4,21.2,Tester,On Hold,Medium,Allocated,90.2
ALC004921,EMP0621,PRJ0092,CLI0007,2026-03-01,2026-04-04,133.6,83.5,109.6,24.0,Support,Completed,Critical,Allocated,77.0
ALC004922,EMP0226,PRJ0015,CLI0015,2026-05-20,2026-08-30,61.0,38.1,50.0,11.0,Analyst,Active,Critical,Underallocated,88.2
ALC004923,EMP0686,PRJ0091,CLI0026,2026-02-06,2026-04-07,139.0,,114.0,25.0,Analyst,On Hold,Critical,Allocated,80.9
ALC004924,EMP0326,PRJ0138,CLI0018,2026-04-12,2026-05-28,113.6,71.0,93.2,20.4,Lead,Completed,High,Allocated,80.4
ALC004925,EMP0305,PRJ0031,CLI0044,2026-06-08,2026-07-23,92.2,57.6,75.6,16.6,Tester,Completed,Critical,Underallocated,76.0
ALC004926,EMP0845,PRJ0017,CLI0050,2026-02-06,2026-06-01,167.0,104.4,136.9,30.1,Developer,Completed,High,Overallocated,68.6
ALC004927,EMP0463,PRJ0010,CLI0035,2026-03-08,2026-06-05,128.3,80.2,105.2,23.1,PM,On Hold,Medium,Allocated,61.6
ALC004928,EMP0179,PRJ0004,CLI0056,2026-05-16,2026-08-13,130.1,81.3,106.7,23.4,Tester,On Hold,Medium,Allocated,93.2
ALC004929,EMP0062,PRJ0094,CLI0008,2026-05-11,2026-08-21,33.4,20.9,27.4,6.0,Analyst,On Hold,High,Underallocated,89.9
ALC004930,EMP0087,PRJ0001,CLI0057,2026-05-05,2026-07-12,155.2,97.0,127.3,27.9,Developer,On Hold,Low,Allocated,60.5
ALC004931,EMP0714,PRJ0170,CLI0032,2026-06-08,2026-10-13,129.9,81.2,106.5,23.4,Developer,Completed,High,Allocated,62.6
ALC004932,EMP0850,PRJ0006,CLI0019,2026-05-01,2026-05-23,161.4,100.9,132.3,29.1,Analyst,Active,Medium,Overallocated,67.9
ALC004933,EMP0095,PRJ0151,CLI0036,2026-02-11,2026-04-12,88.3,55.2,72.4,15.9,PM,On Hold,Medium,Underallocated,90.5
ALC004934,EMP0717,PRJ0124,CLI0045,2026-04-09,2026-06-27,83.5,52.2,68.5,15.0,Lead,Active,Medium,Underallocated,76.8
ALC004935,EMP0264,PRJ0174,CLI0032,2026-01-19,2026-05-14,176.6,110.4,144.8,31.8,Support,Completed,Critical,Overallocated,88.0
ALC004936,EMP0718,PRJ0092,CLI0007,2026-05-17,2026-07-18,150.4,94.0,123.3,27.1,Developer,Completed,Medium,Allocated,60.0
ALC004937,EMP0264,PRJ0031,CLI0044,2026-01-01,2026-04-02,54.9,34.3,45.0,9.9,Developer,Active,High,Underallocated,69.5
ALC004938,EMP0794,PRJ0152,CLI0005,2026-01-05,2026-05-24,112.6,70.4,92.3,20.3,PM,Completed,High,Allocated,77.0
ALC004939,EMP0449,PRJ0082,CLI0013,2026-01-11,2026-04-05,153.0,95.6,125.5,27.5,Support,On Hold,Medium,Allocated,81.7
ALC004940,EMP0724,PRJ0075,CLI0033,2026-03-21,2026-04-15,119.0,74.4,97.6,21.4,Designer,On Hold,Low,Allocated,88.8
ALC004941,EMP0344,PRJ0120,CLI0028,2026-04-04,2026-06-29,90.1,56.3,73.9,16.2,Designer,Active,Critical,Underallocated,89.2
ALC004942,EMP0318,PRJ0177,CLI0053,2026-02-08,2026-06-08,85.3,53.3,69.9,15.4,Designer,Completed,Low,Underallocated,71.1
ALC004943,EMP0040,PRJ0019,CLI0054,2026-04-08,2026-07-11,114.6,71.6,94.0,20.6,PM,Completed,High,Allocated,72.6
ALC004944,EMP0106,PRJ0157,CLI0044,2026-06-03,2026-07-27,152.8,95.5,125.3,27.5,Analyst,Active,Low,Allocated,69.8
ALC004945,EMP0197,PRJ0020,CLI0049,2026-03-08,2026-04-11,72.2,45.1,59.2,13.0,Lead,Completed,High,Underallocated,61.2
ALC004946,EMP0604,PRJ0012,CLI0020,2026-03-19,2026-07-13,26.6,16.6,21.8,4.8,Developer,On Hold,High,Underallocated,88.9
ALC004947,EMP0116,PRJ0135,CLI0022,2026-06-04,2026-07-07,95.8,59.9,78.6,17.2,Tester,Active,Medium,Underallocated,85.8
ALC004948,EMP0348,PRJ0114,CLI0043,2026-06-03,2026-10-19,130.1,81.3,106.7,23.4,Designer,On Hold,Medium,Allocated,92.0
ALC004949,EMP0780,PRJ0128,CLI0044,2026-06-01,2026-09-17,138.9,86.8,113.9,25.0,Designer,On Hold,Low,Allocated,83.8
ALC004950,EMP0650,PRJ0065,CLI0003,2026-06-10,2026-10-15,71.5,44.7,58.6,12.9,PM,Completed,Low,Underallocated,61.0
ALC004951,EMP0343,PRJ0123,CLI0039,2026-04-01,2026-06-16,122.7,76.7,100.6,22.1,Support,Completed,Critical,Allocated,69.8
ALC004952,EMP0134,PRJ0024,CLI0041,2026-06-07,2026-09-25,86.4,54.0,70.8,15.6,Lead,Active,High,Underallocated,66.9
ALC004953,EMP0083,PRJ0141,CLI0028,2026-03-20,2026-07-10,141.4,88.4,115.9,25.5,PM,Completed,Critical,Allocated,82.0
ALC004954,EMP0687,PRJ0178,CLI0030,2026-05-14,2026-08-07,106.7,66.7,87.5,19.2,Analyst,Completed,Low,Allocated,77.7
ALC004955,EMP0613,PRJ0024,CLI0041,2026-05-02,2026-08-20,145.6,91.0,119.4,26.2,PM,Active,High,Allocated,69.9
ALC004956,EMP0552,PRJ0121,CLI0015,2026-06-12,2026-10-18,114.7,71.7,94.1,20.6,Lead,Active,High,Allocated,86.1
ALC004957,EMP0282,PRJ0111,CLI0043,2026-05-13,2026-09-14,132.0,82.5,108.2,23.8,Support,Active,High,Allocated,88.9
ALC004958,EMP0566,PRJ0101,CLI0028,2026-02-06,2026-03-22,94.2,58.9,77.2,17.0,Analyst,Active,Critical,Underallocated,77.6
ALC004959,EMP0727,PRJ0168,CLI0016,2026-01-12,2026-04-14,83.5,52.2,68.5,15.0,Analyst,Active,Low,Underallocated,65.3
ALC004960,EMP0737,PRJ0175,CLI0054,2026-06-14,2026-08-08,100.6,62.9,82.5,18.1,Analyst,Completed,Medium,Allocated,80.4
ALC004961,EMP0593,PRJ0094,CLI0008,2026-01-13,2026-04-21,136.6,85.4,112.0,24.6,Analyst,Completed,Medium,Allocated,83.4
ALC004962,EMP0215,PRJ0037,CLI0057,2026-06-01,2026-07-23,213.0,133.1,174.7,38.3,Designer,Active,Medium,Overallocated,95.0
ALC004963,EMP0581,PRJ0130,CLI0056,2026-04-18,2026-07-08,162.4,101.5,133.2,29.2,Analyst,Active,Medium,Overallocated,75.4
ALC004964,EMP0121,PRJ0139,CLI0008,2026-02-19,2026-07-09,172.8,108.0,141.7,31.1,Support,Completed,High,Overallocated,87.9
ALC004965,EMP0533,PRJ0120,CLI0028,2026-06-21,2026-09-24,107.8,67.4,88.4,19.4,Lead,On Hold,Low,Allocated,77.5
ALC004966,EMP0460,PRJ0090,CLI0041,2026-01-14,2026-05-29,90.6,56.6,74.3,16.3,Lead,On Hold,Medium,Underallocated,83.4
ALC004967,EMP0328,PRJ0092,CLI0007,2026-02-04,2026-05-07,23.8,14.9,19.5,4.3,Tester,Active,Critical,Underallocated,80.9
ALC004968,EMP0165,PRJ0146,CLI0006,2026-01-05,2026-05-24,88.0,55.0,72.2,15.8,PM,Active,Low,Underallocated,63.5
ALC004969,EMP0824,PRJ0165,CLI0030,2026-02-11,2026-04-08,56.8,35.5,46.6,10.2,Support,On Hold,Low,Underallocated,68.0
ALC004970,EMP0760,PRJ0024,CLI0041,2026-01-17,2026-04-29,142.7,89.2,117.0,25.7,Support,Active,High,Allocated,75.9
ALC004971,EMP0548,PRJ0122,CLI0010,2026-04-14,2026-08-29,104.2,65.1,85.4,18.8,Analyst,Active,Medium,Allocated,63.4
ALC004972,EMP0767,PRJ0052,CLI0022,2026-03-02,2026-04-26,59.2,37.0,48.5,10.7,Developer,Completed,Medium,Underallocated,77.4
ALC004973,EMP0375,PRJ0124,CLI0045,2026-04-17,2026-08-01,133.9,83.7,109.8,24.1,Designer,Completed,High,Allocated,94.5
ALC004974,EMP0730,PRJ0068,CLI0059,2026-04-17,2026-05-13,,77.9,102.2,22.4,PM,Active,Low,Allocated,89.4
ALC004975,EMP0836,PRJ0084,CLI0016,2026-03-02,2026-06-25,66.7,41.7,54.7,12.0,Lead,On Hold,Medium,Underallocated,94.4
ALC004976,EMP0302,PRJ0085,CLI0045,2026-03-11,2026-04-23,172.5,107.8,141.4,31.0,Support,Active,High,Overallocated,87.6
ALC004977,EMP0022,PRJ0121,CLI0015,2026-02-17,2026-06-12,81.9,51.2,67.2,14.7,Lead,Completed,Low,Underallocated,78.6
ALC004978,EMP0022,PRJ0166,CLI0028,2026-02-14,2026-04-19,135.8,84.9,111.4,24.4,Analyst,Completed,Medium,Allocated,69.6
ALC004979,EMP0834,,CLI0008,2026-04-03,2026-07-05,107.0,66.9,87.7,19.3,PM,Completed,High,Allocated,74.5
ALC004980,EMP0417,PRJ0059,CLI0017,2026-01-10,2026-05-22,,111.2,145.9,32.0,Developer,Active,Low,Overallocated,69.3
ALC004981,EMP0345,PRJ0016,CLI0049,2026-01-18,2026-06-08,148.8,93.0,122.0,26.8,Designer,Active,Low,Allocated,92.6
ALC004982,EMP0029,PRJ0010,CLI0035,2026-06-14,2026-10-24,68.0,42.5,55.8,12.2,PM,Completed,High,Underallocated,62.6
ALC004983,EMP0370,PRJ0153,CLI0030,2026-02-02,2026-05-01,184.8,115.5,151.5,33.3,PM,Active,Low,Overallocated,62.9
ALC004984,EMP0500,PRJ0073,CLI0016,2026-03-09,2026-06-22,61.3,38.3,50.3,11.0,Designer,Completed,Critical,Underallocated,62.8
ALC004985,EMP0776,PRJ0090,CLI0041,2026-05-03,2026-08-08,69.6,43.5,57.1,12.5,Support,Completed,Critical,Underallocated,64.5
ALC004986,EMP0040,PRJ0169,CLI0060,2026-01-21,2026-03-30,177.0,110.6,145.1,31.9,PM,Active,Critical,Overallocated,92.1
ALC004987,EMP0009,PRJ0063,CLI0016,2026-01-03,2026-02-13,110.9,69.3,90.9,20.0,Analyst,Completed,High,Allocated,83.0
ALC004988,EMP0126,PRJ0174,CLI0032,2026-02-16,2026-07-12,124.5,77.8,102.1,22.4,PM,Active,Low,Allocated,68.1
ALC004989,EMP0085,PRJ0175,CLI0054,2026-01-11,2026-03-31,129.0,80.6,105.8,23.2,Tester,On Hold,High,Allocated,62.8
ALC004990,EMP0043,PRJ0135,CLI0022,2026-02-12,2026-03-28,69.0,43.1,56.6,12.4,Lead,On Hold,High,Underallocated,77.3
ALC004991,EMP0758,PRJ0160,CLI0057,2026-04-18,2026-08-09,187.2,117.0,153.5,33.7,PM,Active,Critical,Overallocated,84.6
ALC004992,EMP0821,PRJ0086,CLI0017,2026-05-12,2026-06-04,199.8,124.9,163.8,36.0,PM,Completed,Low,Overallocated,78.0
ALC004993,EMP0581,PRJ0180,CLI0006,2026-04-16,2026-06-26,37.3,23.3,30.6,6.7,Developer,Active,Medium,Underallocated,90.3
ALC004994,EMP0288,PRJ0039,CLI0024,2026-04-05,2026-05-15,94.1,58.8,77.2,16.9,Developer,Active,Low,Underallocated,82.3
ALC004995,EMP0088,PRJ0093,CLI0012,2026-02-17,2026-05-22,139.2,87.0,114.1,25.1,Analyst,Active,Medium,Allocated,84.2
ALC004996,EMP0319,PRJ0091,CLI0026,2026-05-03,2026-07-23,107.5,67.2,88.1,19.3,Developer,Active,Low,Allocated,91.1
ALC004997,EMP0630,PRJ0156,CLI0002,2026-04-14,2026-08-12,90.2,56.4,74.0,16.2,Support,On Hold,Low,Underallocated,69.8
ALC004998,EMP0547,PRJ0157,CLI0044,2026-05-15,2026-06-07,134.4,84.0,110.2,24.2,Support,On Hold,Critical,Allocated,87.3
ALC004999,EMP0439,PRJ0153,CLI0030,2026-01-19,2026-05-28,138.4,86.5,113.5,24.9,Designer,On Hold,Low,Allocated,60.1
ALC005000,EMP0397,PRJ0122,CLI0010,2026-01-21,2026-03-10,,112.3,147.4,32.3,PM,Active,High,Overallocated,71.4
ALC005001,EMP0449,PRJ0063,CLI0016,2026-01-15,2026-06-03,42.6,26.6,34.9,7.7,Analyst,Active,Critical,Underallocated,60.6
ALC005002,EMP0564,PRJ0117,CLI0006,2026-02-07,2026-02-27,71.7,44.8,58.8,12.9,PM,Active,Medium,Underallocated,70.3
ALC005003,EMP0723,PRJ0099,CLI0038,2026-05-16,2026-10-05,81.9,51.2,67.2,14.7,Support,Completed,High,Underallocated,64.7
ALC005004,EMP0731,PRJ0178,CLI0030,2026-05-19,2026-10-06,207.8,129.9,170.4,37.4,PM,Active,High,Overallocated,91.3
ALC005005,EMP0495,PRJ0127,CLI0026,2026-05-17,2026-08-12,172.3,107.7,141.3,31.0,Support,Completed,Critical,Overallocated,90.8
ALC005006,EMP0340,PRJ0084,CLI0016,2026-03-12,2026-07-04,123.0,76.9,100.9,22.1,PM,Active,High,Allocated,71.0
ALC005007,EMP0101,PRJ0016,CLI0049,2026-05-20,2026-07-29,108.6,67.9,89.1,19.5,PM,Completed,Low,Allocated,74.7
ALC005008,EMP0604,PRJ0009,CLI0015,2026-06-15,2026-10-06,129.6,81.0,106.3,23.3,Lead,Completed,High,Allocated,90.3
ALC005009,EMP0739,PRJ0174,CLI0032,2026-04-20,2026-07-02,159.0,99.4,130.4,28.6,Tester,On Hold,Critical,Allocated,75.2
ALC005010,EMP0651,PRJ0044,CLI0043,2026-02-05,2026-03-28,101.9,63.7,83.6,18.3,Lead,Completed,High,Allocated,91.6
ALC005011,EMP0798,PRJ0161,CLI0056,2026-06-10,2026-06-30,122.9,76.8,100.8,22.1,Designer,Active,Critical,Allocated,78.7
ALC005012,EMP0797,PRJ0015,CLI0015,2026-06-21,2026-08-28,98.6,61.6,80.9,17.7,Lead,On Hold,Medium,Allocated,72.2
ALC005013,EMP0569,PRJ0031,CLI0044,2026-01-01,2026-05-24,56.2,35.1,46.1,10.1,Lead,Completed,Medium,Underallocated,77.8
ALC005014,EMP0487,PRJ0001,CLI0057,2026-01-14,2026-02-03,40.5,25.3,33.2,7.3,Tester,Completed,Critical,Underallocated,93.5
ALC005015,EMP0134,PRJ0104,CLI0018,2026-03-16,2026-05-08,84.3,52.7,69.1,15.2,PM,Completed,Low,Underallocated,92.0
ALC005016,EMP0589,PRJ0035,CLI0016,2026-06-17,2026-07-15,97.1,60.7,79.6,17.5,Support,On Hold,Medium,Allocated,73.5
ALC005017,EMP0726,PRJ0074,CLI0006,2026-04-20,2026-07-05,129.4,80.9,106.1,23.3,Designer,On Hold,Critical,Allocated,73.3
ALC005018,EMP0199,PRJ0096,CLI0056,2026-03-01,2026-04-23,122.7,76.7,100.6,22.1,Support,Active,Medium,Allocated,79.8
ALC005019,EMP0737,PRJ0108,CLI0055,2026-02-15,2026-07-12,56.3,35.2,46.2,10.1,Lead,Active,Critical,Underallocated,83.4
ALC005020,EMP0610,PRJ0038,CLI0059,2026-06-06,2026-11-01,112.3,70.2,92.1,20.2,Tester,Active,High,Allocated,63.1
ALC005021,EMP0198,PRJ0158,CLI0059,2026-01-07,2026-04-10,90.2,56.4,74.0,16.2,Tester,Completed,Low,Underallocated,77.8
ALC005022,EMP0044,PRJ0131,CLI0009,2026-06-16,2026-10-02,102.1,63.8,83.7,18.4,Support,Active,Low,Allocated,74.4
ALC005023,EMP0438,PRJ0142,CLI0026,2026-02-03,2026-03-27,115.2,72.0,94.5,20.7,PM,Active,Medium,Allocated,76.2
ALC005024,EMP0347,PRJ0127,CLI0026,2026-05-08,2026-06-09,163.2,102.0,133.8,29.4,Tester,On Hold,Critical,Overallocated,68.9
ALC005025,EMP0148,PRJ0045,CLI0011,2026-02-11,2026-06-30,93.6,58.5,76.8,16.8,Designer,Completed,Low,Underallocated,79.2
ALC005026,EMP0357,PRJ0091,CLI0026,2026-01-08,2026-05-03,179.2,112.0,146.9,32.3,Designer,On Hold,High,Overallocated,86.8
ALC005027,EMP0786,PRJ0083,CLI0032,2026-01-08,2026-02-17,60.0,37.5,49.2,10.8,PM,Completed,High,Underallocated,85.2
ALC005028,EMP0447,PRJ0038,CLI0059,2026-01-19,2026-03-09,77.0,48.1,63.1,13.9,PM,On Hold,High,Underallocated,87.4
ALC005029,EMP0385,PRJ0177,CLI0053,2026-02-11,2026-06-07,108.2,67.6,88.7,19.5,Analyst,Completed,Medium,Allocated,76.2
ALC005030,EMP0008,PRJ0076,CLI0055,2026-05-02,2026-07-27,65.3,40.8,53.5,11.8,Support,On Hold,Critical,Underallocated,88.9
ALC005031,EMP0758,PRJ0097,CLI0018,2026-03-19,2026-08-12,59.2,37.0,48.5,10.7,PM,On Hold,Critical,Underallocated,89.9
ALC005032,EMP0159,PRJ0044,CLI0043,2026-05-11,2026-06-01,114.9,71.8,94.2,20.7,Developer,On Hold,Low,Allocated,81.4
ALC005033,EMP0188,PRJ0133,CLI0044,2026-04-06,2026-06-29,59.0,36.9,48.4,10.6,Tester,Completed,Critical,Underallocated,91.2
ALC005034,EMP0399,PRJ0014,CLI0026,2026-03-13,2026-05-15,73.6,46.0,60.4,13.2,Developer,On Hold,Low,Underallocated,80.8
ALC005035,EMP0425,PRJ0003,CLI0041,2026-04-20,2026-06-11,108.6,67.9,89.1,19.5,Tester,On Hold,Medium,Allocated,90.3
ALC005036,EMP0238,PRJ0098,CLI0044,2026-06-06,2026-09-08,180.2,112.6,147.8,32.4,Analyst,On Hold,High,Overallocated,70.9
ALC005037,EMP0300,PRJ0152,CLI0005,2026-04-17,2026-09-06,104.3,65.2,85.5,18.8,Developer,On Hold,Critical,Allocated,61.1
ALC005038,EMP0799,PRJ0140,CLI0018,2026-03-16,2026-07-13,117.3,73.3,96.2,21.1,Tester,On Hold,Low,Allocated,81.6
ALC005039,EMP0109,PRJ0137,CLI0012,2026-05-09,2026-08-22,66.1,41.3,54.2,11.9,Support,Completed,Critical,Underallocated,69.9
ALC005040,EMP0051,,CLI0038,2026-06-05,2026-09-14,70.1,43.8,57.5,12.6,Analyst,Completed,Low,Underallocated,75.6
ALC005041,EMP0287,PRJ0001,CLI0057,2026-02-10,2026-03-12,20.3,12.7,16.6,3.7,Support,Active,Critical,Underallocated,76.5
ALC005042,EMP0738,PRJ0111,CLI0043,2026-05-21,2026-09-16,72.6,45.4,59.5,13.1,Designer,Completed,Medium,Underallocated,66.8
ALC005043,EMP0194,PRJ0013,CLI0048,2026-01-08,2026-04-13,142.6,89.1,116.9,25.7,Analyst,Active,Critical,Allocated,92.8
ALC005044,EMP0633,PRJ0007,CLI0040,2026-06-13,2026-10-09,89.0,55.6,73.0,16.0,Lead,On Hold,Medium,Underallocated,66.6
ALC005045,EMP0294,PRJ0027,CLI0004,2026-05-18,2026-09-10,118.1,73.8,96.8,21.3,Support,On Hold,Medium,Allocated,92.4
ALC005046,EMP0658,PRJ0145,CLI0003,2026-02-20,2026-05-13,121.0,75.6,99.2,21.8,PM,Active,Critical,Allocated,80.1
ALC005047,EMP0598,PRJ0108,CLI0055,2026-01-10,2026-01-31,141.4,88.4,115.9,25.5,Tester,Active,High,Allocated,87.3
ALC005048,EMP0848,PRJ0018,CLI0024,2026-02-03,2026-04-29,178.4,111.5,146.3,32.1,Developer,On Hold,High,Overallocated,91.6
ALC005049,EMP0300,PRJ0076,CLI0055,2026-01-19,2026-03-02,136.3,85.2,111.8,24.5,Support,Completed,Medium,Allocated,85.9
ALC005050,EMP0104,PRJ0015,CLI0015,2026-06-18,2026-09-16,102.4,64.0,84.0,18.4,Designer,Active,Low,Allocated,83.7
ALC005051,EMP0093,PRJ0143,CLI0032,2026-02-21,2026-06-25,143.8,89.9,117.9,25.9,Support,Active,Medium,Allocated,89.8
ALC005052,EMP0015,PRJ0052,CLI0022,2026-03-03,2026-06-29,124.2,77.6,101.8,22.4,Tester,Completed,Critical,Allocated,73.7
ALC005053,EMP0655,PRJ0113,CLI0050,2026-02-14,2026-06-19,22.4,14.0,18.4,4.0,Developer,On Hold,High,Underallocated,67.1
ALC005054,EMP0815,PRJ0120,CLI0028,2026-05-17,2026-09-22,64.0,40.0,52.5,11.5,Designer,Completed,Low,Underallocated,79.2
ALC005055,EMP0274,,CLI0035,2026-05-21,2026-09-27,103.0,64.4,84.5,18.5,Lead,On Hold,Critical,Allocated,77.0
ALC005056,EMP0678,PRJ0027,CLI0004,2026-04-03,2026-07-11,88.6,55.4,72.7,15.9,Support,Completed,Low,Underallocated,82.7
ALC005057,EMP0457,PRJ0047,CLI0018,2026-05-06,2026-09-19,107.0,66.9,87.7,19.3,Developer,Active,Medium,Allocated,66.4
ALC005058,EMP0256,PRJ0146,CLI0006,2026-02-08,2026-03-23,14.9,9.3,12.2,2.7,PM,Completed,Critical,Underallocated,70.9
ALC005059,EMP0141,PRJ0161,CLI0056,2026-02-20,2026-04-20,145.6,91.0,119.4,26.2,Developer,On Hold,High,Allocated,66.5
ALC005060,EMP0110,PRJ0012,CLI0020,2026-06-04,2026-07-25,109.9,68.7,90.1,19.8,Lead,Active,Critical,Allocated,69.4
ALC005061,EMP0342,PRJ0066,CLI0051,2026-04-04,2026-07-04,160.6,100.4,131.7,28.9,PM,Active,High,Overallocated,76.3
ALC005062,EMP0646,PRJ0089,CLI0043,2026-01-03,2026-02-22,113.0,70.6,92.7,20.3,Support,On Hold,Medium,Allocated,67.0
ALC005063,EMP0591,PRJ0061,CLI0059,2026-01-20,2026-06-13,120.0,75.0,98.4,21.6,PM,Active,Critical,Allocated,91.8
ALC005064,EMP0750,PRJ0127,CLI0026,2026-04-19,2026-07-09,70.6,44.1,57.9,12.7,Analyst,Completed,Low,Underallocated,93.5
ALC005065,EMP0453,PRJ0010,CLI0035,2026-03-14,2026-07-01,63.8,39.9,52.3,11.5,Tester,Completed,High,Underallocated,90.5
ALC005066,EMP0719,PRJ0137,CLI0012,2026-01-14,2026-02-05,117.3,73.3,96.2,21.1,Support,Active,Low,Allocated,93.8
ALC005067,EMP0729,PRJ0024,CLI0041,2026-02-07,2026-05-17,112.2,70.1,92.0,20.2,Lead,Active,Medium,Allocated,86.3
ALC005068,EMP0494,PRJ0126,CLI0060,2026-06-05,2026-07-28,46.4,29.0,38.0,8.4,PM,Completed,Critical,Underallocated,94.5
ALC005069,EMP0762,PRJ0052,CLI0022,2026-03-06,2026-05-31,149.6,93.5,122.7,26.9,Support,On Hold,Medium,Allocated,65.0
ALC005070,EMP0399,PRJ0052,CLI0022,2026-06-07,2026-07-15,113.9,71.2,93.4,20.5,Analyst,On Hold,High,Allocated,72.2
ALC005071,EMP0122,PRJ0114,CLI0043,2026-03-02,2026-07-14,91.7,57.3,75.2,16.5,Analyst,Active,Low,Underallocated,79.4
ALC005072,EMP0196,PRJ0080,CLI0026,2026-04-02,2026-05-29,77.3,48.3,63.4,13.9,Support,Completed,Medium,Underallocated,69.9
ALC005073,EMP0227,PRJ0121,CLI0015,2026-02-18,2026-03-28,142.2,88.9,116.6,25.6,Analyst,Active,Critical,Allocated,91.7
ALC005074,EMP0313,PRJ0003,CLI0041,2026-02-08,2026-03-10,84.2,52.6,69.0,15.2,Tester,Completed,Critical,Underallocated,88.5
ALC005075,EMP0210,PRJ0092,CLI0007,2026-02-15,2026-05-24,121.4,75.9,99.5,21.9,Developer,Active,Medium,Allocated,71.8
ALC005076,EMP0107,PRJ0160,CLI0057,2026-06-03,2026-10-24,105.3,65.8,86.3,19.0,Designer,On Hold,High,Allocated,92.3
ALC005077,EMP0660,PRJ0090,CLI0041,2026-03-19,2026-05-31,90.7,56.7,74.4,16.3,Support,Completed,Medium,Underallocated,69.1
ALC005078,EMP0588,PRJ0021,CLI0060,2026-01-01,2026-05-19,60.0,37.5,49.2,10.8,Support,On Hold,Medium,Underallocated,86.3
ALC005079,EMP0215,PRJ0089,CLI0043,2026-03-05,2026-06-23,164.0,102.5,134.5,29.5,Developer,Completed,Medium,Overallocated,76.3
ALC005080,EMP0082,PRJ0054,CLI0021,2026-03-15,2026-06-14,71.8,44.9,58.9,12.9,Developer,Completed,High,Underallocated,65.1
ALC005081,EMP0798,PRJ0170,CLI0032,2026-03-10,2026-05-16,77.6,48.5,63.6,14.0,Support,Completed,Medium,Underallocated,88.5
ALC005082,EMP0036,PRJ0123,CLI0039,2026-02-17,2026-06-25,165.6,145.0,135.8,29.8,Designer,Active,Low,Overallocated,64.1
ALC005083,EMP0428,PRJ0169,CLI0060,2026-06-10,2026-10-20,108.0,67.5,88.6,19.4,Support,On Hold,Low,Allocated,84.3
ALC005084,EMP0540,PRJ0007,CLI0040,2026-01-20,2026-02-11,124.8,78.0,102.3,22.5,Tester,Active,Medium,Allocated,65.6
ALC005085,EMP0139,PRJ0155,CLI0042,2026-03-17,2026-06-24,172.6,107.9,141.5,31.1,Tester,Active,High,Overallocated,73.5
ALC005086,EMP0436,PRJ0160,CLI0057,2026-04-16,2026-06-26,171.5,107.2,140.6,30.9,Designer,On Hold,Critical,Overallocated,67.2
ALC005087,EMP0449,PRJ0117,CLI0006,2026-01-07,2026-06-05,90.1,56.3,73.9,16.2,Analyst,On Hold,Medium,Underallocated,75.7
ALC005088,EMP0700,PRJ0074,CLI0006,2026-04-10,2026-06-19,158.1,98.8,129.6,28.5,Analyst,Completed,Low,Allocated,92.5
ALC005089,EMP0058,PRJ0138,CLI0018,2026-06-04,2026-09-06,47.8,29.9,39.2,8.6,Lead,Completed,Medium,Underallocated,83.8
ALC005090,EMP0345,PRJ0032,CLI0053,2026-02-12,2026-07-02,41.6,26.0,34.1,7.5,Support,On Hold,Medium,Underallocated,73.5
ALC005091,EMP0148,PRJ0151,CLI0036,2026-01-16,2026-02-06,113.8,71.1,93.3,20.5,Lead,Active,Low,Allocated,93.4
ALC005092,EMP0039,PRJ0064,CLI0024,2026-01-05,2026-03-23,108.6,67.9,89.1,19.5,Tester,Active,Critical,Allocated,61.7
ALC005093,EMP0145,PRJ0157,CLI0044,2026-06-06,2026-09-21,137.9,86.2,113.1,24.8,Lead,Completed,Medium,Allocated,90.4
ALC005094,EMP0072,PRJ0095,CLI0017,2026-03-01,2026-06-13,133.8,83.6,109.7,24.1,Designer,Completed,Low,Allocated,67.2
ALC005095,EMP0656,PRJ0066,CLI0051,2026-01-12,2026-03-05,139.7,87.3,114.6,25.1,Lead,Active,High,Allocated,89.5
ALC005096,EMP0030,PRJ0166,CLI0028,2026-02-13,2026-05-02,176.2,110.1,144.5,31.7,Analyst,On Hold,Low,Overallocated,75.0
ALC005097,EMP0375,PRJ0064,CLI0024,2026-04-03,2026-05-16,190.6,119.1,156.3,34.3,Support,On Hold,Low,Overallocated,86.4
ALC005098,EMP0744,PRJ0074,CLI0006,2026-02-06,2026-06-18,147.0,91.9,120.5,26.5,Designer,On Hold,Critical,Allocated,92.1
ALC005099,EMP0509,PRJ0154,CLI0005,2026-04-06,2026-05-01,111.2,69.5,91.2,20.0,Developer,Completed,High,Allocated,86.2
ALC005100,EMP0410,PRJ0111,CLI0043,2026-05-09,2026-09-04,103.8,64.9,85.1,18.7,Support,Completed,High,Allocated,63.2
ALC005101,EMP0749,PRJ0021,CLI0060,2026-02-04,2026-05-26,111.4,69.6,91.3,20.1,Developer,On Hold,Medium,Allocated,64.2
ALC005102,EMP0445,PRJ0076,CLI0055,2026-01-13,2026-06-10,89.0,55.6,73.0,16.0,Developer,Active,Critical,Underallocated,72.8
ALC005103,EMP0569,PRJ0146,CLI0006,2026-02-15,2026-04-09,149.0,93.1,122.2,26.8,Tester,On Hold,Critical,Allocated,81.6
ALC005104,EMP0781,PRJ0052,CLI0022,2026-04-17,2026-05-11,153.6,96.0,126.0,27.6,PM,Completed,Low,Allocated,69.0
ALC005105,EMP0407,PRJ0055,CLI0015,2026-04-11,2026-05-24,86.6,54.1,71.0,15.6,Support,Completed,Low,Underallocated,93.1
ALC005106,EMP0099,PRJ0126,CLI0060,2026-01-05,2026-05-03,105.4,65.9,86.4,19.0,Analyst,Active,Low,Allocated,85.3
ALC005107,EMP0605,PRJ0166,CLI0028,2026-06-08,2026-09-29,41.3,25.8,33.9,7.4,Lead,On Hold,High,Underallocated,67.0
ALC005108,EMP0499,PRJ0071,CLI0036,2026-06-11,2026-07-11,108.3,67.7,88.8,19.5,Support,Completed,Medium,Allocated,75.6
ALC005109,EMP0134,PRJ0092,CLI0007,2026-06-07,2026-07-28,113.6,71.0,93.2,20.4,Designer,Active,Medium,Allocated,88.5
ALC005110,EMP0807,PRJ0130,CLI0056,2026-01-19,2026-05-17,67.7,42.3,55.5,12.2,Developer,Active,Low,Underallocated,76.5
ALC005111,EMP0799,PRJ0061,CLI0059,2026-06-09,2026-07-17,90.9,56.8,74.5,16.4,Support,On Hold,Critical,Underallocated,91.1
ALC005112,EMP0427,PRJ0057,CLI0043,2026-04-18,2026-05-31,65.9,41.2,54.0,11.9,Tester,Active,Medium,Underallocated,61.8
ALC005113,EMP0287,PRJ0118,CLI0008,2026-06-15,2026-10-30,49.0,30.6,40.2,8.8,Developer,Active,Low,Underallocated,92.1
ALC005114,EMP0109,PRJ0051,CLI0059,2026-03-06,2026-07-31,171.2,107.0,140.4,30.8,Developer,Completed,Critical,Overallocated,66.3
ALC005115,EMP0039,PRJ0130,CLI0056,2026-01-10,2026-05-04,49.1,,40.3,8.8,Support,Completed,Medium,Underallocated,71.9
ALC005116,EMP0404,PRJ0152,CLI0005,2026-03-12,2026-07-15,116.6,72.9,95.6,21.0,Tester,Active,High,Allocated,81.5
ALC005117,EMP0075,PRJ0046,CLI0048,2026-06-10,2026-07-02,151.0,94.4,123.8,27.2,Analyst,Active,Low,Allocated,83.9
ALC005118,EMP0722,PRJ0116,CLI0042,2026-01-18,2026-05-17,168.8,105.5,138.4,30.4,Lead,Active,Low,Overallocated,91.5
ALC005119,EMP0728,PRJ0021,CLI0060,2026-02-12,2026-06-12,69.6,43.5,57.1,12.5,Analyst,Completed,High,Underallocated,72.8
ALC005120,EMP0797,PRJ0012,CLI0020,2026-03-09,2026-06-27,163.0,101.9,133.7,29.3,Lead,Active,Critical,Overallocated,70.3
ALC005121,EMP0175,PRJ0089,CLI0043,2026-05-14,2026-09-20,118.4,74.0,97.1,21.3,Lead,Completed,High,Allocated,82.9
ALC005122,EMP0789,PRJ0058,CLI0020,2026-04-18,2026-06-21,134.9,84.3,110.6,24.3,Designer,Completed,High,Allocated,93.2
ALC005123,EMP0432,PRJ0025,CLI0003,2026-02-21,2026-07-05,182.4,114.0,149.6,32.8,Lead,Completed,Medium,Overallocated,61.4
ALC005124,EMP0307,PRJ0129,CLI0019,2026-05-19,2026-07-04,136.5,85.3,111.9,24.6,Support,Completed,Low,Allocated,85.5
ALC005125,EMP0499,PRJ0076,CLI0055,2026-04-11,2026-07-29,74.9,46.8,61.4,13.5,Lead,Active,High,Underallocated,86.3
ALC005126,EMP0070,PRJ0104,CLI0018,2026-06-13,2026-09-13,29.8,18.6,24.4,5.4,Lead,Active,Medium,Underallocated,63.6
ALC005127,EMP0650,PRJ0002,CLI0046,2026-04-07,2026-07-10,137.6,86.0,112.8,24.8,Support,Completed,Low,Allocated,87.4
ALC005128,EMP0488,PRJ0104,CLI0018,2026-02-11,2026-04-09,128.3,80.2,105.2,23.1,Tester,Active,Critical,Allocated,85.7
ALC005129,EMP0805,PRJ0040,CLI0014,2026-01-21,2026-05-06,80.2,50.1,65.8,14.4,Developer,On Hold,High,Underallocated,74.0
ALC005130,EMP0375,PRJ0054,CLI0021,2026-02-18,2026-05-04,119.4,74.6,97.9,21.5,Designer,Active,High,Allocated,74.7
ALC005131,EMP0485,PRJ0156,CLI0002,2026-02-01,2026-03-23,57.8,36.1,47.4,10.4,Tester,Completed,Critical,Underallocated,61.0
ALC005132,EMP0469,PRJ0025,CLI0003,2026-02-03,2026-03-12,126.4,79.0,103.6,22.8,Analyst,Completed,Critical,Allocated,65.8
ALC005133,EMP0589,PRJ0117,CLI0006,2026-04-03,2026-05-01,58.4,36.5,47.9,10.5,Analyst,Active,High,Underallocated,70.0
ALC005134,EMP0411,PRJ0096,CLI0056,2026-04-02,2026-06-11,160.3,100.2,131.4,28.9,Designer,On Hold,Medium,Overallocated,91.4
ALC005135,EMP0171,PRJ0138,CLI0018,2026-04-08,2026-08-31,196.0,122.5,160.7,35.3,Designer,Active,Critical,Overallocated,71.2
ALC005136,EMP0157,PRJ0095,CLI0017,2026-03-21,2026-04-20,123.5,77.2,101.3,22.2,Designer,Completed,Medium,Allocated,70.6
ALC005137,EMP0286,PRJ0121,CLI0015,2026-04-17,2026-09-10,127.5,79.7,104.5,22.9,Analyst,Active,Medium,Allocated,65.1
ALC005138,EMP0087,PRJ0176,CLI0014,2026-05-03,2026-08-17,135.5,84.7,111.1,24.4,Developer,On Hold,Low,Allocated,93.8
ALC005139,EMP0005,PRJ0155,CLI0042,2026-03-09,2026-05-21,123.0,76.9,100.9,22.1,Tester,Active,Low,Allocated,67.1
ALC005140,EMP0339,PRJ0164,CLI0018,2026-03-01,2026-06-05,68.2,42.6,55.9,12.3,Developer,Active,High,Underallocated,85.9
ALC005141,EMP0412,PRJ0175,CLI0054,2026-04-03,2026-07-04,168.5,105.3,138.2,30.3,Tester,Active,Critical,Overallocated,65.7
ALC005142,EMP0451,PRJ0050,CLI0039,2026-04-05,2026-08-01,130.1,81.3,106.7,23.4,Lead,Active,Low,Allocated,74.7
ALC005143,EMP0812,PRJ0129,CLI0019,2026-04-17,2026-08-13,134.4,84.0,110.2,24.2,PM,Completed,Medium,Allocated,92.3
ALC005144,EMP0214,PRJ0027,CLI0004,2026-02-06,2026-05-14,152.3,95.2,124.9,27.4,PM,Active,Medium,Allocated,68.0
ALC005145,EMP0484,PRJ0072,CLI0030,2026-05-15,2026-08-19,150.6,94.1,123.5,27.1,Lead,Active,Low,Allocated,73.5
ALC005146,EMP0520,PRJ0074,CLI0006,2026-04-05,2026-06-26,161.4,100.9,132.3,29.1,PM,Active,High,Overallocated,62.3
ALC005147,EMP0693,PRJ0058,CLI0020,2026-03-17,2026-04-27,130.2,81.4,106.8,23.4,Developer,Active,Medium,Allocated,90.4
ALC005148,EMP0741,PRJ0044,CLI0043,2026-06-20,2026-10-08,77.6,48.5,63.6,14.0,Lead,Active,High,Underallocated,81.1
ALC005149,EMP0548,PRJ0126,CLI0060,2026-02-02,2026-04-01,128.6,,105.5,23.1,PM,Completed,Medium,Allocated,84.5
ALC005150,EMP0140,PRJ0066,CLI0051,2026-01-20,2026-05-16,111.0,69.4,91.0,20.0,Support,Completed,Critical,Allocated,90.4
ALC005151,EMP0301,PRJ0112,CLI0006,2026-06-16,2026-10-09,77.0,48.1,63.1,13.9,Designer,Active,Medium,Underallocated,81.5
ALC005152,EMP0079,PRJ0028,CLI0011,2026-05-19,2026-08-03,170.1,106.3,139.5,30.6,Analyst,On Hold,Critical,Overallocated,67.9
ALC005153,EMP0067,PRJ0013,CLI0048,2026-06-03,2026-10-07,105.9,66.2,86.8,19.1,Designer,Completed,Medium,Allocated,66.7
ALC005154,EMP0595,PRJ0070,CLI0013,2026-05-06,2026-08-14,121.1,75.7,99.3,21.8,Developer,Active,High,Allocated,78.5
ALC005155,EMP0390,PRJ0107,CLI0032,2026-02-11,2026-03-14,82.9,51.8,68.0,14.9,Tester,Completed,High,Underallocated,73.6
ALC005156,EMP0515,PRJ0019,CLI0054,2026-03-15,2026-06-14,109.8,68.6,90.0,19.8,Analyst,Completed,High,Allocated,63.6
ALC005157,EMP0458,PRJ0139,CLI0008,2026-04-09,2026-06-22,149.3,93.3,122.4,26.9,Designer,Active,Low,Allocated,87.1
ALC005158,EMP0091,PRJ0045,CLI0011,2026-04-04,2026-05-02,193.8,121.1,158.9,34.9,Support,On Hold,Medium,Overallocated,91.7
ALC005159,EMP0663,PRJ0043,CLI0043,2026-02-05,2026-06-26,53.6,33.5,44.0,9.6,Analyst,Completed,High,Underallocated,71.5
ALC005160,EMP0194,PRJ0115,CLI0050,2026-01-11,2026-02-12,113.0,70.6,92.7,20.3,PM,Active,Critical,Allocated,70.6
ALC005161,EMP0833,PRJ0155,CLI0042,2026-06-06,2026-10-28,8.0,5.0,6.6,1.4,Designer,Active,Medium,Underallocated,93.9
ALC005162,EMP0677,PRJ0149,CLI0039,2026-03-03,2026-07-08,94.9,59.3,77.8,17.1,Support,Completed,Medium,Underallocated,70.6
ALC005163,EMP0030,PRJ0044,CLI0043,2026-06-15,2026-10-10,116.6,72.9,95.6,21.0,Lead,Active,Medium,Allocated,86.3
ALC005164,EMP0782,PRJ0105,CLI0056,2026-06-05,2026-10-12,118.6,74.1,97.3,21.3,Designer,Active,High,Allocated,90.3
ALC005165,EMP0360,PRJ0016,CLI0049,2026-06-10,2026-09-03,177.4,110.9,145.5,31.9,Tester,Active,Critical,Overallocated,75.1
ALC005166,EMP0135,PRJ0006,CLI0019,2026-05-18,2026-07-24,102.9,64.3,84.4,18.5,Designer,On Hold,Critical,Allocated,66.7
ALC005167,EMP0041,PRJ0151,CLI0036,2026-01-07,2026-03-30,174.4,109.0,143.0,31.4,Tester,Completed,Low,Overallocated,80.5
ALC005168,EMP0733,PRJ0069,CLI0021,2026-06-16,2026-09-12,121.9,76.2,100.0,21.9,PM,Completed,Medium,Allocated,73.7
ALC005169,EMP0300,PRJ0179,CLI0012,2026-03-01,2026-04-16,91.5,57.2,75.0,16.5,Lead,On Hold,Medium,Underallocated,88.6
ALC005170,EMP0316,PRJ0172,CLI0044,2026-03-11,2026-07-09,119.7,74.8,98.2,21.5,PM,Active,High,Allocated,80.3
ALC005171,EMP0277,PRJ0079,CLI0059,2026-04-18,2026-07-05,117.1,73.2,96.0,21.1,PM,Completed,Medium,Allocated,91.9
ALC005172,EMP0698,PRJ0005,CLI0011,2026-02-14,2026-03-16,120.0,75.0,98.4,21.6,Designer,Completed,Low,Allocated,79.8
ALC005173,EMP0430,PRJ0136,CLI0003,2026-02-09,2026-04-07,84.2,52.6,69.0,15.2,Lead,On Hold,Critical,Underallocated,60.2
ALC005174,EMP0706,PRJ0135,CLI0022,2026-06-10,2026-09-09,83.7,52.3,68.6,15.1,PM,Active,Critical,Underallocated,68.4
ALC005175,EMP0380,PRJ0029,CLI0058,2026-02-15,2026-05-24,157.4,98.4,129.1,28.3,Designer,On Hold,Medium,Allocated,85.2
ALC005176,EMP0362,PRJ0021,CLI0060,2026-04-14,2026-07-01,154.2,96.4,126.4,27.8,Developer,Active,High,Allocated,84.8
ALC005177,EMP0227,PRJ0095,CLI0017,2026-01-05,2026-03-26,78.9,49.3,64.7,14.2,Analyst,Completed,Critical,Underallocated,75.7
ALC005178,EMP0025,PRJ0179,CLI0012,2026-03-06,2026-04-26,106.6,66.6,87.4,19.2,PM,Active,Medium,Allocated,66.2
ALC005179,EMP0502,PRJ0124,CLI0045,2026-03-11,2026-06-01,127.4,79.6,104.5,22.9,Lead,On Hold,Low,Allocated,75.4
ALC005180,EMP0768,PRJ0166,CLI0028,2026-02-18,2026-03-21,144.6,90.4,118.6,26.0,Analyst,On Hold,Medium,Allocated,70.9
ALC005181,EMP0048,PRJ0103,CLI0001,2026-02-04,2026-04-26,119.5,74.7,98.0,21.5,Tester,On Hold,High,Allocated,63.1
ALC005182,EMP0038,PRJ0090,CLI0041,2026-05-16,2026-06-20,158.2,98.9,129.7,28.5,Support,On Hold,High,Allocated,71.7
ALC005183,EMP0003,PRJ0129,CLI0019,2026-02-20,2026-05-03,109.0,68.1,89.4,19.6,Designer,On Hold,Medium,Allocated,84.3
ALC005184,EMP0102,PRJ0139,CLI0008,2026-01-10,2026-04-21,173.9,108.7,142.6,31.3,Lead,Active,Low,Overallocated,85.6
ALC005185,EMP0607,PRJ0073,CLI0016,2026-06-11,2026-08-19,214.1,133.8,175.6,38.5,Lead,On Hold,High,Overallocated,75.7
ALC005186,EMP0419,PRJ0091,CLI0026,2026-04-11,2026-07-24,114.9,71.8,94.2,20.7,Analyst,On Hold,Medium,Allocated,80.1
ALC005187,EMP0651,PRJ0001,CLI0057,2026-04-06,2026-07-29,127.0,79.4,104.1,22.9,Developer,Completed,Low,Allocated,87.1
ALC005188,EMP0412,PRJ0173,CLI0012,2026-03-19,2026-07-26,74.4,46.5,61.0,13.4,PM,Active,Medium,Underallocated,78.4
ALC005189,EMP0850,PRJ0079,CLI0059,2026-06-03,2026-07-01,105.1,65.7,86.2,18.9,Designer,Completed,Low,Allocated,90.6
ALC005190,EMP0365,PRJ0156,CLI0002,2026-05-18,2026-06-28,119.2,74.5,97.7,21.5,Support,Completed,Medium,Allocated,61.2
ALC005191,EMP0068,PRJ0066,CLI0051,2026-01-19,2026-02-28,140.0,87.5,114.8,25.2,Analyst,On Hold,Critical,Allocated,80.8
ALC005192,EMP0108,PRJ0056,CLI0042,2026-06-14,2026-07-08,103.8,64.9,85.1,18.7,Lead,Completed,High,Allocated,94.8
ALC005193,EMP0423,PRJ0055,CLI0015,2026-03-21,2026-05-24,141.9,88.7,116.4,25.5,Developer,Active,Critical,Allocated,84.1
ALC005194,EMP0119,PRJ0057,CLI0043,2026-02-19,2026-04-08,97.0,60.6,79.5,17.5,Designer,Completed,High,Allocated,62.9
ALC005195,EMP0270,PRJ0010,CLI0035,2026-01-04,2026-04-09,152.3,95.2,124.9,27.4,PM,Completed,Medium,Allocated,82.7
ALC005196,EMP0428,PRJ0032,CLI0053,2026-04-03,2026-05-23,128.6,80.4,105.5,23.1,Lead,Active,Low,Allocated,67.0
ALC005197,EMP0834,PRJ0146,CLI0006,2026-02-13,2026-03-26,126.7,79.2,103.9,22.8,PM,Active,High,Allocated,90.4
ALC005198,EMP0721,PRJ0074,CLI0006,2026-05-01,2026-08-29,93.6,58.5,76.8,16.8,Designer,Completed,Critical,Underallocated,87.0
ALC005199,EMP0719,PRJ0003,CLI0041,2026-04-18,2026-08-19,108.6,67.9,89.1,19.5,Support,On Hold,Low,Allocated,82.9
ALC005200,EMP0436,PRJ0022,CLI0037,2026-03-01,2026-04-16,97.1,60.7,79.6,17.5,Support,Completed,Critical,Allocated,84.6
ALC005201,EMP0355,PRJ0164,CLI0018,2026-04-16,2026-08-12,146.7,91.7,120.3,26.4,PM,Completed,Medium,Allocated,66.8
ALC005202,EMP0026,PRJ0070,CLI0013,2026-01-13,2026-03-29,57.8,36.1,47.4,10.4,Designer,Active,Medium,Underallocated,85.9
ALC005203,EMP0850,PRJ0009,CLI0015,2026-04-05,2026-07-31,83.7,52.3,68.6,15.1,Developer,Completed,Medium,Underallocated,73.4
ALC005204,EMP0271,PRJ0044,CLI0043,2026-05-17,2026-09-03,160.3,100.2,131.4,28.9,Support,Completed,Low,Overallocated,86.8
ALC005205,EMP0202,PRJ0068,CLI0059,2026-05-19,2026-10-14,119.5,74.7,98.0,21.5,PM,Completed,High,Allocated,68.0
ALC005206,EMP0770,PRJ0175,CLI0054,2026-02-17,2026-03-15,161.0,100.6,132.0,29.0,PM,Active,Low,Overallocated,70.8
ALC005207,EMP0435,PRJ0022,CLI0037,2026-01-02,2026-05-31,145.1,90.7,119.0,26.1,PM,Active,High,Allocated,61.5
ALC005208,EMP0227,PRJ0095,CLI0017,2026-01-18,2026-04-17,149.3,93.3,122.4,26.9,PM,Completed,Critical,Allocated,64.1
ALC005209,EMP0696,PRJ0062,CLI0038,2026-06-21,2026-08-14,128.8,80.5,105.6,23.2,Support,Completed,Medium,Allocated,86.5
ALC005210,EMP0140,PRJ0009,CLI0015,2026-05-20,2026-08-26,85.8,53.6,70.4,15.4,PM,On Hold,Critical,Underallocated,62.3
ALC005211,EMP0677,PRJ0047,CLI0018,2026-02-03,2026-04-02,115.0,71.9,94.3,20.7,Developer,Active,Medium,Allocated,92.0
ALC005212,EMP0559,PRJ0027,CLI0004,2026-06-03,2026-10-29,62.1,38.8,50.9,11.2,Developer,Completed,Medium,Underallocated,62.4
ALC005213,EMP0660,PRJ0056,CLI0042,2026-01-09,2026-04-26,105.4,65.9,86.4,19.0,Designer,On Hold,High,Allocated,87.8
ALC005214,EMP0354,PRJ0099,CLI0038,2026-02-11,2026-03-22,90.2,56.4,74.0,16.2,Support,Completed,High,Underallocated,75.2
ALC005215,EMP0523,PRJ0170,CLI0032,2026-02-01,2026-06-27,37.6,23.5,30.8,6.8,PM,Active,Medium,Underallocated,81.9
ALC005216,EMP0650,PRJ0157,CLI0044,2026-06-15,2026-07-23,129.1,80.7,105.9,23.2,Support,Completed,Low,Allocated,68.1
ALC005217,EMP0453,PRJ0051,CLI0059,2026-06-04,2026-09-16,125.1,78.2,102.6,22.5,PM,Completed,Medium,Allocated,70.6
ALC005218,EMP0676,PRJ0086,CLI0017,2026-03-05,2026-04-28,162.6,101.6,133.3,29.3,Tester,Active,High,Overallocated,79.1
ALC005219,EMP0702,PRJ0015,CLI0015,2026-03-08,2026-03-31,63.0,39.4,51.7,11.3,Designer,On Hold,Low,Underallocated,83.6
ALC005220,EMP0029,PRJ0045,CLI0011,2026-02-15,2026-05-18,155.2,97.0,127.3,27.9,Designer,Active,Critical,Allocated,78.0
ALC005221,EMP0138,PRJ0130,CLI0056,2026-02-05,2026-05-27,19.2,12.0,15.7,3.5,Developer,On Hold,Low,Underallocated,94.1
ALC005222,EMP0157,PRJ0059,CLI0017,2026-06-07,2026-10-26,106.1,66.3,87.0,19.1,PM,Active,High,Allocated,91.2
ALC005223,EMP0396,PRJ0054,CLI0021,2026-05-20,2026-10-06,191.0,119.4,156.6,34.4,Developer,On Hold,Critical,Overallocated,92.3
ALC005224,EMP0190,PRJ0090,CLI0041,2026-04-05,2026-07-27,110.9,69.3,90.9,20.0,Tester,Active,Medium,Allocated,67.7
ALC005225,EMP0263,PRJ0024,CLI0041,2026-04-13,2026-08-21,82.6,51.6,67.7,14.9,Analyst,On Hold,High,Underallocated,83.5
ALC005226,EMP0488,PRJ0043,CLI0043,2026-02-16,2026-03-28,108.6,67.9,89.1,19.5,PM,On Hold,Critical,Allocated,62.6
ALC005227,EMP0496,PRJ0122,CLI0010,2026-04-08,2026-07-04,145.9,91.2,119.6,26.3,Support,Active,Critical,Allocated,91.6
ALC005228,EMP0356,PRJ0075,CLI0033,2026-05-09,2026-06-09,100.6,62.9,82.5,18.1,Lead,Active,High,Allocated,60.7
ALC005229,EMP0122,PRJ0082,CLI0013,2026-04-05,2026-06-08,127.7,79.8,104.7,23.0,Developer,Active,High,Allocated,75.2
ALC005230,EMP0258,PRJ0151,CLI0036,2026-06-18,2026-10-07,127.2,79.5,104.3,22.9,Support,Completed,Critical,Allocated,68.3
ALC005231,EMP0042,PRJ0111,CLI0043,2026-04-15,2026-06-05,133.9,83.7,109.8,24.1,Designer,On Hold,Critical,Allocated,83.5
ALC005232,EMP0524,PRJ0168,CLI0016,2026-03-02,2026-07-15,153.4,95.9,125.8,27.6,Developer,Active,Low,Allocated,79.1
ALC005233,EMP0273,PRJ0166,CLI0028,2026-05-09,2026-08-23,191.2,119.5,156.8,34.4,Designer,On Hold,Medium,Overallocated,60.6
ALC005234,EMP0221,PRJ0079,CLI0059,2026-03-10,2026-05-10,115.5,72.2,94.7,20.8,PM,Active,Low,Allocated,84.9
ALC005235,EMP0297,PRJ0166,CLI0028,2026-04-18,2026-08-28,125.0,78.1,102.5,22.5,Support,On Hold,High,Allocated,69.6
ALC005236,EMP0184,PRJ0047,CLI0018,2026-05-21,2026-09-18,64.5,40.3,52.9,11.6,Developer,On Hold,Low,Underallocated,73.4
ALC005237,EMP0657,PRJ0092,CLI0007,2026-01-20,2026-05-27,149.8,93.6,122.8,27.0,Support,Completed,Medium,Allocated,66.5
ALC005238,EMP0644,,CLI0052,2026-01-07,2026-05-08,166.4,104.0,136.4,30.0,Designer,Completed,High,Overallocated,71.8
ALC005239,EMP0518,PRJ0141,CLI0028,2026-02-17,2026-05-03,139.5,87.2,114.4,25.1,Lead,Active,High,Allocated,78.0
ALC005240,EMP0013,,CLI0060,2026-01-03,2026-03-21,56.5,35.3,46.3,10.2,Designer,Active,Critical,Underallocated,67.1
ALC005241,EMP0723,PRJ0171,CLI0001,2026-06-06,2026-08-24,95.8,59.9,78.6,17.2,Analyst,Completed,Critical,Underallocated,82.0
ALC005242,EMP0714,PRJ0057,CLI0043,2026-02-03,2026-03-08,114.1,71.3,93.6,20.5,Analyst,Active,Critical,Allocated,94.2
ALC005243,EMP0622,PRJ0089,CLI0043,2026-03-01,2026-05-03,77.8,48.6,63.8,14.0,Tester,On Hold,Critical,Underallocated,61.5
ALC005244,EMP0361,PRJ0082,CLI0013,2026-01-08,2026-05-25,197.8,123.6,162.2,35.6,Support,On Hold,High,Overallocated,67.8
ALC005245,EMP0472,PRJ0002,CLI0046,2026-03-17,2026-08-06,128.3,80.2,105.2,23.1,Support,Completed,Low,Allocated,62.7
ALC005246,EMP0533,PRJ0061,CLI0059,2026-03-20,2026-05-13,149.3,93.3,122.4,26.9,Analyst,Completed,Critical,Allocated,74.9
ALC005247,EMP0332,PRJ0073,CLI0016,2026-02-06,2026-04-11,149.9,93.7,122.9,27.0,Tester,Active,Medium,Allocated,91.6
ALC005248,EMP0057,PRJ0167,CLI0027,2026-01-14,2026-03-22,116.5,72.8,95.5,21.0,Tester,Completed,Low,Allocated,71.4
ALC005249,EMP0237,PRJ0088,CLI0011,2026-06-08,2026-08-01,64.0,40.0,52.5,11.5,Lead,Active,Medium,Underallocated,79.4
ALC005250,EMP0194,PRJ0028,CLI0011,2026-01-17,2026-02-25,143.5,89.7,117.7,25.8,Lead,Completed,Medium,Allocated,84.8
ALC005251,EMP0391,PRJ0024,CLI0041,2026-06-18,2026-08-06,192.5,120.3,157.8,34.6,Support,Active,Low,Overallocated,94.2
ALC005252,EMP0377,PRJ0095,CLI0017,2026-05-07,2026-08-09,96.8,60.5,79.4,17.4,Tester,On Hold,Critical,Allocated,81.9
ALC005253,EMP0076,PRJ0066,CLI0051,2026-05-06,2026-09-29,89.3,,73.2,16.1,Designer,Active,Medium,Underallocated,64.9
ALC005254,EMP0592,PRJ0163,CLI0044,2026-06-18,2026-09-20,145.6,91.0,119.4,26.2,Lead,On Hold,Medium,Allocated,62.6
ALC005255,EMP0082,PRJ0089,CLI0043,2026-05-19,2026-06-16,149.0,93.1,122.2,26.8,Support,Completed,High,Allocated,91.2
ALC005256,EMP0848,PRJ0071,CLI0036,2026-02-09,2026-05-25,157.8,98.6,129.4,28.4,Lead,On Hold,Medium,Allocated,94.4
ALC005257,EMP0493,PRJ0028,CLI0011,2026-04-10,2026-05-13,106.4,66.5,87.2,19.2,Analyst,Completed,High,Allocated,65.1
ALC005258,EMP0843,PRJ0077,CLI0025,2026-01-03,2026-03-15,106.2,66.4,87.1,19.1,PM,Completed,Low,Allocated,92.7
ALC005259,EMP0103,PRJ0077,CLI0025,2026-05-15,2026-07-24,8.0,5.0,6.6,1.4,Analyst,Active,Critical,Underallocated,72.4
ALC005260,EMP0272,PRJ0072,CLI0030,2026-01-08,2026-05-20,114.1,71.3,93.6,20.5,Tester,Active,Critical,Allocated,89.7
ALC005261,EMP0321,PRJ0059,CLI0017,2026-06-16,2026-09-04,89.4,55.9,73.3,16.1,Lead,Active,Low,Underallocated,82.8
ALC005262,EMP0756,,CLI0012,2026-02-19,2026-06-23,23.7,14.8,19.4,4.3,Lead,Completed,Low,Underallocated,74.8
ALC005263,EMP0145,PRJ0113,CLI0050,2026-01-04,2026-05-07,187.7,117.3,153.9,33.8,Tester,On Hold,Critical,Overallocated,88.4
ALC005264,EMP0010,PRJ0174,CLI0032,2026-03-21,2026-04-28,121.6,76.0,99.7,21.9,Lead,Active,Low,Allocated,71.0
ALC005265,EMP0746,PRJ0162,CLI0012,2026-06-09,2026-08-09,40.6,25.4,33.3,7.3,Support,Active,Low,Underallocated,63.3
ALC005266,EMP0429,PRJ0157,CLI0044,2026-04-06,2026-07-12,127.0,79.4,104.1,22.9,Support,Active,High,Allocated,60.5
ALC005267,EMP0412,PRJ0065,CLI0003,2026-01-04,2026-01-24,186.4,116.5,152.8,33.6,Support,Completed,Critical,Overallocated,64.1
ALC005268,EMP0019,PRJ0165,CLI0030,2026-04-06,2026-06-10,160.2,100.1,131.4,28.8,PM,Completed,Low,Overallocated,67.0
ALC005269,EMP0444,PRJ0092,CLI0007,2026-05-12,2026-08-08,150.7,94.2,123.6,27.1,Designer,Active,Low,Allocated,65.2
ALC005270,EMP0814,PRJ0122,CLI0010,2026-04-10,2026-07-27,62.7,39.2,51.4,11.3,Developer,Active,High,Underallocated,67.7
ALC005271,EMP0823,PRJ0035,CLI0016,2026-05-17,2026-07-31,90.2,56.4,74.0,16.2,PM,On Hold,Low,Underallocated,68.6
ALC005272,EMP0269,PRJ0139,CLI0008,2026-04-13,2026-05-11,77.3,48.3,63.4,13.9,PM,On Hold,Low,Underallocated,85.2
ALC005273,EMP0194,PRJ0061,CLI0059,2026-02-10,2026-04-03,112.8,70.5,92.5,20.3,Designer,On Hold,Critical,Allocated,93.0
ALC005274,EMP0346,PRJ0062,CLI0038,2026-02-03,2026-06-19,143.0,89.4,117.3,25.7,Analyst,Active,Low,Allocated,79.1
ALC005275,EMP0254,PRJ0046,CLI0048,2026-06-02,2026-10-06,129.4,80.9,106.1,23.3,Designer,Completed,High,Allocated,69.1
ALC005276,EMP0633,PRJ0107,CLI0032,2026-03-10,2026-07-05,75.7,47.3,62.1,13.6,PM,On Hold,High,Underallocated,71.1
ALC005277,EMP0353,PRJ0059,CLI0017,2026-04-17,2026-05-31,104.6,65.4,85.8,18.8,Support,Active,Low,Allocated,94.3
ALC005278,EMP0565,PRJ0078,CLI0031,2026-01-18,2026-05-16,153.8,96.1,126.1,27.7,Support,On Hold,Critical,Allocated,60.7
ALC005279,EMP0286,PRJ0045,CLI0011,2026-03-13,2026-07-11,132.5,82.8,108.6,23.8,Support,Completed,Critical,Allocated,61.6
ALC005280,EMP0241,PRJ0060,CLI0022,2026-04-07,2026-08-03,128.0,80.0,105.0,23.0,Designer,Active,High,Allocated,62.3
ALC005281,EMP0807,PRJ0013,CLI0048,2026-02-13,2026-06-29,77.0,48.1,63.1,13.9,Developer,Completed,Critical,Underallocated,67.1
ALC005282,EMP0605,PRJ0125,CLI0019,2026-04-01,2026-06-28,118.4,74.0,97.1,21.3,Tester,Completed,High,Allocated,78.6
ALC005283,EMP0741,PRJ0102,CLI0043,2026-01-01,2026-05-01,66.6,41.6,54.6,12.0,Developer,Active,Critical,Underallocated,67.5
ALC005284,EMP0181,PRJ0067,CLI0015,2026-04-03,2026-07-03,79.0,,64.8,14.2,Designer,On Hold,Critical,Underallocated,65.8
ALC005285,EMP0205,PRJ0045,CLI0011,2026-03-03,2026-05-25,52.8,33.0,43.3,9.5,Support,Active,Low,Underallocated,84.7
ALC005286,EMP0057,PRJ0142,CLI0026,2026-03-20,2026-08-10,181.1,113.2,148.5,32.6,Support,Active,Low,Overallocated,69.6
ALC005287,EMP0592,PRJ0179,CLI0012,2026-01-20,2026-06-10,182.7,114.2,149.8,32.9,Analyst,Active,Critical,Overallocated,74.6
ALC005288,EMP0188,PRJ0067,CLI0015,2026-04-19,2026-06-10,71.8,44.9,58.9,12.9,Developer,Active,Low,Underallocated,84.7
ALC005289,EMP0300,PRJ0039,CLI0024,2026-03-09,2026-03-29,81.0,50.6,66.4,14.6,PM,Active,Low,Underallocated,91.7
ALC005290,EMP0748,PRJ0026,CLI0019,2026-03-15,2026-05-01,99.4,62.1,81.5,17.9,Developer,Active,Medium,Allocated,67.7
ALC005291,EMP0588,PRJ0020,CLI0049,2026-02-10,2026-05-11,160.8,100.5,131.9,28.9,Designer,Completed,Medium,Overallocated,88.1
ALC005292,EMP0772,PRJ0164,CLI0018,2026-03-07,2026-05-25,136.3,85.2,111.8,24.5,Developer,Completed,Low,Allocated,88.4
ALC005293,EMP0781,PRJ0110,CLI0054,2026-05-12,2026-08-30,167.2,104.5,137.1,30.1,Support,On Hold,High,Overallocated,65.8
ALC005294,EMP0428,PRJ0030,CLI0043,2026-02-19,2026-06-03,179.5,112.2,147.2,32.3,Lead,On Hold,Medium,Overallocated,62.7
ALC005295,EMP0529,PRJ0114,CLI0043,2026-06-16,2026-08-01,131.4,82.1,107.7,23.7,PM,Completed,Medium,Allocated,73.2
ALC005296,EMP0793,PRJ0026,CLI0019,2026-01-21,2026-02-15,124.0,77.5,101.7,22.3,Analyst,On Hold,Critical,Allocated,75.8
ALC005297,EMP0538,PRJ0135,CLI0022,2026-02-12,2026-06-23,166.4,104.0,136.4,30.0,Analyst,On Hold,Low,Overallocated,95.0
ALC005298,EMP0113,PRJ0155,CLI0042,2026-04-17,2026-06-02,155.2,97.0,127.3,27.9,Analyst,On Hold,Critical,Allocated,65.3
ALC005299,EMP0046,PRJ0172,CLI0044,2026-04-21,2026-06-12,155.0,96.9,127.1,27.9,Developer,Completed,Low,Allocated,87.4
ALC005300,EMP0720,PRJ0137,CLI0012,2026-02-12,2026-05-08,131.0,81.9,107.4,23.6,Designer,On Hold,Medium,Allocated,77.3
ALC005301,EMP0549,PRJ0180,CLI0006,2026-02-14,2026-06-08,153.6,96.0,126.0,27.6,Analyst,Completed,Medium,Allocated,91.0
ALC005302,EMP0316,PRJ0127,CLI0026,2026-06-04,2026-10-07,100.0,62.5,82.0,18.0,Designer,On Hold,Critical,Allocated,77.2
ALC005303,EMP0327,PRJ0038,CLI0059,2026-06-19,2026-10-20,89.3,55.8,73.2,16.1,Designer,Active,High,Underallocated,75.4
ALC005304,EMP0438,PRJ0101,CLI0028,2026-03-05,2026-05-24,98.4,61.5,80.7,17.7,Support,On Hold,High,Allocated,94.1
ALC005305,EMP0210,PRJ0114,CLI0043,2026-03-05,2026-06-29,202.9,126.8,166.4,36.5,Developer,On Hold,High,Overallocated,65.3
ALC005306,EMP0769,PRJ0045,CLI0011,2026-02-05,2026-05-12,70.2,43.9,57.6,12.6,Designer,Active,Critical,Underallocated,75.0
ALC005307,EMP0078,PRJ0122,CLI0010,2026-03-12,2026-05-19,149.8,93.6,122.8,27.0,Analyst,Completed,High,Allocated,64.7
ALC005308,EMP0555,PRJ0172,CLI0044,2026-05-17,2026-07-22,191.2,119.5,156.8,34.4,Support,On Hold,Critical,Overallocated,88.2
ALC005309,EMP0790,PRJ0010,CLI0035,2026-05-15,2026-08-05,127.8,79.9,104.8,23.0,Designer,Active,High,Allocated,91.5
ALC005310,EMP0591,PRJ0002,CLI0046,2026-05-09,2026-09-22,99.2,62.0,81.3,17.9,Designer,Active,Critical,Allocated,70.5
ALC005311,EMP0068,PRJ0167,CLI0027,2026-05-18,2026-10-10,134.2,83.9,110.0,24.2,PM,On Hold,Low,Allocated,82.9
ALC005312,EMP0173,PRJ0103,CLI0001,2026-06-20,2026-08-25,92.3,57.7,75.7,16.6,Designer,On Hold,Medium,Underallocated,63.6
ALC005313,EMP0680,PRJ0054,CLI0021,2026-03-08,2026-07-17,75.7,47.3,62.1,13.6,PM,Completed,Low,Underallocated,61.2
ALC005314,EMP0078,PRJ0056,CLI0042,2026-06-14,2026-07-16,165.8,103.6,136.0,29.8,Developer,Completed,Critical,Overallocated,93.7
ALC005315,EMP0642,PRJ0178,CLI0030,2026-03-01,2026-03-30,163.2,102.0,133.8,29.4,Designer,On Hold,Low,Overallocated,81.5
ALC005316,EMP0247,PRJ0035,CLI0016,2026-04-03,2026-06-08,99.2,62.0,81.3,17.9,Designer,On Hold,Critical,Allocated,74.2
ALC005317,EMP0420,PRJ0119,CLI0048,2026-06-02,2026-08-19,92.5,57.8,75.8,16.6,Designer,Completed,High,Underallocated,86.0
ALC005318,EMP0018,PRJ0016,CLI0049,2026-02-11,2026-06-19,120.6,75.4,98.9,21.7,Lead,Active,Critical,Allocated,63.1
ALC005319,EMP0397,PRJ0179,CLI0012,2026-01-15,2026-05-22,108.2,67.6,88.7,19.5,Designer,Completed,High,Allocated,83.2
ALC005320,EMP0827,PRJ0128,CLI0044,2026-05-15,2026-07-19,79.4,49.6,65.1,14.3,Support,On Hold,Critical,Underallocated,69.1
ALC005321,EMP0412,PRJ0122,CLI0010,2026-01-05,2026-02-07,51.0,31.9,41.8,9.2,Lead,Active,High,Underallocated,78.8
ALC005322,EMP0110,PRJ0078,CLI0031,2026-04-20,2026-07-04,53.6,33.5,44.0,9.6,Designer,On Hold,Low,Underallocated,76.0
ALC005323,EMP0457,PRJ0054,CLI0021,2026-02-19,2026-04-22,64.0,40.0,52.5,11.5,Support,On Hold,Critical,Underallocated,85.1
ALC005324,EMP0522,PRJ0100,CLI0039,2026-01-02,2026-03-23,70.4,44.0,57.7,12.7,Lead,Active,High,Underallocated,79.2
ALC005325,EMP0313,PRJ0108,CLI0055,2026-04-03,2026-05-14,120.5,75.3,98.8,21.7,Lead,Active,Low,Allocated,72.8
ALC005326,EMP0560,PRJ0152,CLI0005,2026-02-10,2026-05-29,79.8,49.9,65.4,14.4,Lead,On Hold,Medium,Underallocated,61.6
ALC005327,EMP0452,PRJ0049,CLI0043,2026-06-05,2026-07-23,81.0,50.6,66.4,14.6,Developer,Active,Medium,Underallocated,87.7
ALC005328,EMP0029,PRJ0023,CLI0035,2026-04-08,2026-08-04,61.9,38.7,50.8,11.1,PM,Active,High,Underallocated,73.8
ALC005329,EMP0214,PRJ0173,CLI0012,2026-02-16,2026-06-18,62.6,39.1,51.3,11.3,PM,Active,Low,Underallocated,85.0
ALC005330,EMP0521,PRJ0130,CLI0056,2026-04-08,2026-08-23,61.4,38.4,50.3,11.1,Designer,On Hold,Medium,Underallocated,75.5
ALC005331,EMP0184,PRJ0107,CLI0032,2026-02-13,2026-04-19,108.8,68.0,89.2,19.6,PM,Active,High,Allocated,61.1
ALC005332,EMP0496,PRJ0007,CLI0040,2026-03-01,2026-06-20,153.8,96.1,126.1,27.7,Analyst,Active,Critical,Allocated,70.0
ALC005333,EMP0333,PRJ0133,CLI0044,2026-01-05,2026-02-14,172.2,107.6,141.2,31.0,PM,Active,Medium,Overallocated,81.1
ALC005334,EMP0780,PRJ0089,CLI0043,2026-04-16,2026-06-25,114.1,71.3,93.6,20.5,Support,Active,Critical,Allocated,80.8
ALC005335,EMP0785,PRJ0171,CLI0001,2026-05-01,2026-07-22,154.4,145.0,126.6,27.8,Designer,Active,Medium,Allocated,91.2
ALC005336,EMP0369,PRJ0030,CLI0043,2026-04-15,2026-07-12,80.6,50.4,66.1,14.5,Lead,On Hold,Critical,Underallocated,72.7
ALC005337,EMP0847,PRJ0037,CLI0057,2026-04-08,2026-07-20,134.7,84.2,110.5,24.2,PM,Completed,Low,Allocated,80.4
ALC005338,EMP0339,PRJ0024,CLI0041,2026-06-15,2026-08-04,77.1,48.2,63.2,13.9,PM,On Hold,Critical,Underallocated,84.3
ALC005339,EMP0308,PRJ0053,CLI0011,2026-02-20,2026-04-01,129.4,80.9,106.1,23.3,Tester,Active,Medium,Allocated,88.0
ALC005340,EMP0270,PRJ0157,CLI0044,2026-03-11,2026-06-18,79.2,49.5,64.9,14.3,Lead,On Hold,Low,Underallocated,86.1
ALC005341,EMP0113,PRJ0105,CLI0056,2026-05-18,2026-08-28,82.4,51.5,67.6,14.8,Tester,On Hold,High,Underallocated,60.9
ALC005342,EMP0848,PRJ0053,CLI0011,2026-03-03,2026-04-29,109.9,68.7,90.1,19.8,Designer,On Hold,High,Allocated,62.8
ALC005343,EMP0198,PRJ0017,CLI0050,2026-05-19,2026-10-01,176.8,110.5,145.0,31.8,Lead,Active,Low,Overallocated,87.6
ALC005344,EMP0378,PRJ0029,CLI0058,2026-02-12,2026-07-07,146.1,91.3,119.8,26.3,PM,On Hold,High,Allocated,88.0
ALC005345,EMP0536,PRJ0034,CLI0045,2026-04-03,2026-08-28,82.9,51.8,68.0,14.9,Lead,Completed,Medium,Underallocated,89.6
ALC005346,EMP0716,,CLI0043,2026-04-03,2026-06-24,,43.6,57.2,12.6,Designer,Completed,Critical,Underallocated,89.3
ALC005347,EMP0563,PRJ0121,CLI0015,2026-03-01,2026-07-25,79.4,49.6,65.1,14.3,Support,Completed,High,Underallocated,78.6
ALC005348,EMP0448,PRJ0142,CLI0026,2026-06-13,2026-08-28,137.8,86.1,113.0,24.8,PM,Active,Critical,Allocated,79.8
ALC005349,EMP0739,PRJ0038,CLI0059,2026-04-10,2026-08-10,120.8,75.5,99.1,21.7,Designer,Completed,High,Allocated,86.0
ALC005350,EMP0261,PRJ0112,CLI0006,2026-02-01,2026-05-11,138.1,86.3,113.2,24.9,Designer,Completed,Medium,Allocated,71.4
ALC005351,EMP0202,PRJ0136,CLI0003,2026-02-21,2026-04-24,91.5,57.2,75.0,16.5,Developer,On Hold,High,Underallocated,63.1
ALC005352,EMP0060,PRJ0172,CLI0044,2026-04-17,2026-06-14,125.4,78.4,102.8,22.6,Support,On Hold,Low,Allocated,67.7
ALC005353,EMP0354,PRJ0030,CLI0043,2026-05-20,2026-10-16,122.9,76.8,100.8,22.1,Tester,Active,Low,Allocated,81.4
ALC005354,EMP0452,PRJ0141,CLI0028,2026-01-14,2026-04-13,162.6,101.6,133.3,29.3,Support,On Hold,Critical,Overallocated,64.9
ALC005355,EMP0763,PRJ0015,CLI0015,2026-06-17,2026-07-18,175.2,109.5,143.7,31.5,Lead,Active,Critical,Overallocated,70.8
ALC005356,EMP0559,PRJ0126,CLI0060,2026-06-11,2026-08-28,148.2,92.6,121.5,26.7,Developer,On Hold,Critical,Allocated,90.6
ALC005357,EMP0794,PRJ0046,CLI0048,2026-04-10,2026-05-03,162.6,101.6,133.3,29.3,Lead,Completed,High,Overallocated,83.0
ALC005358,EMP0831,PRJ0139,CLI0008,2026-06-21,2026-10-27,111.2,69.5,91.2,20.0,Lead,On Hold,Low,Allocated,77.6
ALC005359,EMP0762,PRJ0099,CLI0038,2026-05-10,2026-10-03,84.0,52.5,68.9,15.1,Tester,On Hold,High,Underallocated,60.1
ALC005360,EMP0200,PRJ0062,CLI0038,2026-04-16,2026-08-13,,69.2,90.8,19.9,PM,Completed,Critical,Allocated,93.4
ALC005361,EMP0044,PRJ0064,CLI0024,2026-01-19,2026-06-10,106.7,66.7,87.5,19.2,Analyst,Completed,Medium,Allocated,73.4
ALC005362,EMP0215,PRJ0060,CLI0022,2026-02-16,2026-05-31,104.0,65.0,85.3,18.7,Analyst,Active,High,Allocated,94.0
ALC005363,EMP0166,PRJ0177,CLI0053,2026-05-21,2026-10-09,111.5,69.7,91.4,20.1,Support,Completed,Low,Allocated,74.0
ALC005364,EMP0596,PRJ0165,CLI0030,2026-04-13,2026-07-30,105.1,65.7,86.2,18.9,Tester,On Hold,Medium,Allocated,81.0
ALC005365,EMP0560,PRJ0173,CLI0012,2026-04-10,2026-08-06,93.8,58.6,76.9,16.9,Tester,On Hold,Low,Underallocated,79.8
ALC005366,EMP0481,PRJ0160,CLI0057,2026-03-13,2026-07-29,106.7,66.7,87.5,19.2,Lead,Completed,Critical,Allocated,93.6
ALC005367,EMP0314,PRJ0031,CLI0044,2026-05-14,2026-08-31,144.0,90.0,118.1,25.9,PM,On Hold,Medium,Allocated,82.7
ALC005368,EMP0200,PRJ0176,CLI0014,2026-02-10,2026-07-08,77.4,48.4,63.5,13.9,PM,Active,Low,Underallocated,77.1
ALC005369,EMP0829,PRJ0103,CLI0001,2026-05-01,2026-06-30,165.8,103.6,136.0,29.8,Lead,Completed,Low,Overallocated,91.0
ALC005370,EMP0845,PRJ0154,CLI0005,2026-02-13,2026-05-13,155.4,97.1,127.4,28.0,Tester,Active,Medium,Allocated,61.3
ALC005371,EMP0224,PRJ0014,CLI0026,2026-03-16,2026-05-09,115.5,72.2,94.7,20.8,Designer,Active,Low,Allocated,85.2
ALC005372,EMP0266,PRJ0155,CLI0042,2026-06-05,2026-10-08,16.6,10.4,13.6,3.0,Tester,Completed,Low,Underallocated,75.3
ALC005373,EMP0748,PRJ0149,CLI0039,2026-06-07,2026-09-03,25.0,15.6,20.5,4.5,Tester,Active,Medium,Underallocated,90.1
ALC005374,EMP0565,PRJ0082,CLI0013,2026-04-03,2026-07-02,116.5,72.8,95.5,21.0,Developer,Active,High,Allocated,60.4
ALC005375,EMP0583,PRJ0094,CLI0008,2026-05-17,2026-08-23,139.2,87.0,114.1,25.1,Support,On Hold,Low,Allocated,66.4
ALC005376,EMP0491,PRJ0098,CLI0044,2026-04-17,2026-09-08,182.9,114.3,150.0,32.9,Support,Active,Low,Overallocated,75.2
ALC005377,EMP0263,PRJ0086,CLI0017,2026-04-13,2026-09-09,95.8,59.9,78.6,17.2,Analyst,On Hold,Critical,Underallocated,79.1
ALC005378,EMP0666,PRJ0139,CLI0008,2026-01-08,2026-03-24,91.4,57.1,74.9,16.5,Tester,Active,Critical,Underallocated,68.7
ALC005379,EMP0455,PRJ0081,CLI0038,2026-04-14,2026-06-08,63.4,39.6,52.0,11.4,PM,Active,Medium,Underallocated,73.9
ALC005380,EMP0776,PRJ0027,CLI0004,2026-02-09,2026-06-15,136.0,85.0,111.5,24.5,Developer,Completed,Low,Allocated,81.7
ALC005381,EMP0482,PRJ0039,CLI0024,2026-04-21,2026-08-22,112.3,70.2,92.1,20.2,Analyst,On Hold,Critical,Allocated,92.8
ALC005382,EMP0123,PRJ0104,CLI0018,2026-04-12,2026-05-16,93.0,58.1,76.3,16.7,Designer,Completed,Critical,Underallocated,71.1
ALC005383,EMP0683,PRJ0095,CLI0017,2026-04-04,2026-07-12,113.0,70.6,92.7,20.3,Analyst,On Hold,Medium,Allocated,72.5
ALC005384,EMP0439,PRJ0050,CLI0039,2026-04-17,2026-08-31,108.2,67.6,88.7,19.5,Support,Completed,Medium,Allocated,67.9
ALC005385,EMP0516,PRJ0033,CLI0030,2026-04-08,2026-06-21,150.7,94.2,123.6,27.1,Designer,Completed,High,Allocated,92.3
ALC005386,EMP0178,PRJ0010,CLI0035,2026-01-11,2026-05-18,,59.3,77.8,17.1,Analyst,Completed,Medium,Underallocated,91.2
ALC005387,EMP0385,PRJ0121,CLI0015,2026-01-10,2026-04-05,111.8,69.9,91.7,20.1,Designer,On Hold,Low,Allocated,83.2
ALC005388,EMP0459,PRJ0076,CLI0055,2026-05-17,2026-07-21,145.9,91.2,119.6,26.3,PM,Active,Low,Allocated,82.8
ALC005389,EMP0482,PRJ0099,CLI0038,2026-01-20,2026-05-31,101.4,63.4,83.1,18.3,Analyst,Active,Low,Allocated,89.2
ALC005390,EMP0691,PRJ0031,CLI0044,2026-04-14,2026-05-11,82.4,51.5,67.6,14.8,Tester,On Hold,High,Underallocated,61.6
ALC005391,EMP0069,PRJ0006,CLI0019,2026-05-15,2026-09-11,60.8,38.0,49.9,10.9,Developer,On Hold,Medium,Underallocated,75.8
ALC005392,EMP0627,PRJ0033,CLI0030,2026-06-07,2026-07-27,70.4,44.0,57.7,12.7,Support,Completed,High,Underallocated,60.8
ALC005393,EMP0119,PRJ0061,CLI0059,2026-03-21,2026-06-13,86.2,53.9,70.7,15.5,Support,Active,Medium,Underallocated,62.2
ALC005394,EMP0282,PRJ0180,CLI0006,2026-01-18,2026-04-23,150.4,94.0,123.3,27.1,Analyst,Completed,Medium,Allocated,79.7
ALC005395,EMP0816,PRJ9999,CLI0032,2026-01-13,2026-02-10,82.6,51.6,67.7,14.9,PM,On Hold,High,Underallocated,76.6
ALC005396,EMP0494,PRJ0112,CLI0006,2026-02-12,2026-05-05,103.4,64.6,84.8,18.6,PM,On Hold,Low,Allocated,63.8
ALC005397,EMP0195,PRJ0009,CLI0015,2026-05-16,2026-09-23,70.9,44.3,58.1,12.8,PM,Completed,Medium,Underallocated,63.9
ALC005398,EMP0062,PRJ0070,CLI0013,2026-04-11,2026-09-05,114.1,71.3,93.6,20.5,Analyst,Completed,High,Allocated,89.0
ALC005399,EMP0676,PRJ0073,CLI0016,2026-02-02,2026-02-23,123.5,77.2,101.3,22.2,Designer,Completed,Critical,Allocated,80.8
ALC005400,EMP0202,PRJ0112,CLI0006,2026-01-20,2026-05-04,126.2,78.9,103.5,22.7,Lead,Completed,Critical,Allocated,64.6
ALC005401,EMP0404,PRJ0129,CLI0019,2026-06-07,2026-09-16,182.2,113.9,149.4,32.8,Developer,Completed,Medium,Overallocated,86.8
ALC005402,EMP0689,PRJ0009,CLI0015,2026-06-07,2026-09-11,111.4,69.6,91.3,20.1,Tester,Active,Low,Allocated,83.5
ALC005403,EMP0429,PRJ0032,CLI0053,2026-06-04,2026-09-26,123.7,77.3,101.4,22.3,Designer,Active,Medium,Allocated,74.2
ALC005404,EMP0039,PRJ0089,CLI0043,2026-03-05,2026-04-15,89.4,55.9,73.3,16.1,Lead,Completed,Low,Underallocated,71.0
ALC005405,EMP0782,PRJ0065,CLI0003,2026-05-04,2026-08-23,198.9,124.3,163.1,35.8,Analyst,On Hold,Medium,Overallocated,64.8
ALC005406,EMP0820,PRJ0066,CLI0051,2026-01-05,2026-04-30,145.9,91.2,119.6,26.3,Developer,Completed,Critical,Allocated,92.9
ALC005407,EMP0526,PRJ0092,CLI0007,2026-01-15,2026-06-02,147.4,92.1,120.9,26.5,Lead,Completed,Low,Allocated,65.5
ALC005408,EMP0392,PRJ0166,CLI0028,2026-02-21,2026-05-04,155.5,97.2,127.5,28.0,Support,Active,Low,Allocated,90.9
ALC005409,EMP0732,PRJ0139,CLI0008,2026-06-02,2026-07-02,141.9,88.7,116.4,25.5,Analyst,Completed,High,Allocated,64.2
ALC005410,EMP0177,PRJ0008,CLI0052,2026-01-07,2026-05-16,157.4,98.4,129.1,28.3,Developer,Completed,High,Allocated,92.7
ALC005411,EMP0565,PRJ0089,CLI0043,2026-05-17,2026-07-31,104.5,65.3,85.7,18.8,Developer,Active,Medium,Allocated,84.1
ALC005412,EMP0068,,CLI0016,2026-01-06,2026-02-17,202.6,126.6,166.1,36.5,Developer,Active,Low,Overallocated,79.3
ALC005413,EMP0009,PRJ0080,CLI0026,2026-01-17,2026-05-28,50.2,31.4,41.2,9.0,Analyst,Active,Medium,Underallocated,75.8
ALC005414,EMP0085,PRJ0117,CLI0006,2026-01-19,2026-02-12,101.0,63.1,82.8,18.2,Tester,Active,Critical,Allocated,87.5
ALC005415,EMP0479,PRJ0019,CLI0054,2026-02-15,2026-05-31,181.3,113.3,148.7,32.6,Analyst,On Hold,Medium,Overallocated,75.7
ALC005416,EMP0026,PRJ0003,CLI0041,2026-04-04,2026-07-19,105.1,65.7,86.2,18.9,Lead,Completed,High,Allocated,91.8
ALC005417,EMP0304,PRJ0154,CLI0005,2026-06-18,2026-10-04,138.6,86.6,113.7,24.9,Lead,Active,Critical,Allocated,78.3
ALC005418,EMP0059,PRJ0129,CLI0019,2026-01-06,2026-03-17,93.1,58.2,76.3,16.8,Tester,Completed,Medium,Underallocated,83.4
ALC005419,EMP0587,PRJ0127,CLI0026,2026-03-08,2026-07-11,129.9,81.2,106.5,23.4,Designer,Completed,High,Allocated,75.3
ALC005420,EMP0134,PRJ0038,CLI0059,2026-03-08,2026-04-28,97.6,61.0,80.0,17.6,Tester,On Hold,Low,Allocated,76.1
ALC005421,EMP0150,PRJ0139,CLI0008,2026-03-01,2026-04-25,158.7,99.2,130.1,28.6,PM,Active,Low,Allocated,60.8
ALC005422,EMP0701,PRJ0161,CLI0056,2026-05-02,2026-05-22,123.7,77.3,101.4,22.3,Support,Completed,Low,Allocated,88.0
ALC005423,EMP0805,PRJ0172,CLI0044,2026-02-02,2026-04-07,41.9,26.2,34.4,7.5,PM,Active,Medium,Underallocated,88.4
ALC005424,EMP0007,PRJ0080,CLI0026,2026-02-20,2026-06-11,79.5,49.7,65.2,14.3,PM,Completed,Low,Underallocated,75.3
ALC005425,EMP0478,PRJ0096,CLI0056,2026-02-20,2026-04-13,73.0,45.6,59.9,13.1,Tester,On Hold,Medium,Underallocated,93.6
ALC005426,EMP0192,PRJ0129,CLI0019,2026-06-19,2026-08-22,168.3,105.2,138.0,30.3,Developer,Active,High,Overallocated,81.9
ALC005427,EMP0648,PRJ0038,CLI0059,2026-04-08,2026-05-30,62.4,39.0,51.2,11.2,Designer,Active,Medium,Underallocated,84.6
ALC005428,EMP0594,PRJ0170,CLI0032,2026-02-04,2026-05-09,101.3,63.3,83.1,18.2,Support,Completed,Medium,Allocated,68.2
ALC005429,EMP0768,PRJ0003,CLI0041,2026-06-05,2026-09-18,196.5,122.8,161.1,35.4,Designer,Active,Low,Overallocated,63.9
ALC005430,EMP0740,PRJ0119,CLI0048,2026-06-12,2026-10-25,161.9,101.2,132.8,29.1,PM,Active,Critical,Overallocated,79.5
ALC005431,EMP0419,PRJ0050,CLI0039,2026-02-07,2026-05-01,77.8,48.6,63.8,14.0,Developer,Active,Critical,Underallocated,64.0
ALC005432,EMP0119,PRJ0136,CLI0003,2026-05-08,2026-07-03,76.6,47.9,62.8,13.8,Developer,Completed,High,Underallocated,63.9
ALC005433,EMP0149,PRJ0134,CLI0007,2026-06-03,2026-10-19,72.8,45.5,59.7,13.1,PM,Completed,Critical,Underallocated,92.5
ALC005434,EMP0565,PRJ0011,CLI0024,2026-04-15,2026-08-02,120.3,75.2,98.6,21.7,Support,Active,High,Allocated,74.8
ALC005435,EMP0528,PRJ0100,CLI0039,2026-05-12,2026-09-17,92.2,57.6,75.6,16.6,Designer,Active,Medium,Underallocated,87.8
ALC005436,EMP0238,PRJ0135,CLI0022,2026-03-01,2026-04-01,121.3,75.8,99.5,21.8,Tester,Active,High,Allocated,85.7
ALC005437,EMP0210,PRJ0155,CLI0042,2026-04-12,2026-08-04,124.3,77.7,101.9,22.4,Analyst,On Hold,High,Allocated,86.1
ALC005438,EMP0345,PRJ0082,CLI0013,2026-01-14,2026-05-16,113.9,71.2,93.4,20.5,Support,On Hold,High,Allocated,64.3
ALC005439,EMP0310,PRJ0167,CLI0027,2026-06-14,2026-07-23,117.9,73.7,96.7,21.2,Tester,On Hold,Critical,Allocated,75.8
ALC005440,EMP0412,PRJ0086,CLI0017,2026-02-03,2026-06-04,115.5,72.2,94.7,20.8,Analyst,Completed,Low,Allocated,91.4
ALC005441,EMP0075,PRJ0147,CLI0001,2026-04-06,2026-06-06,81.1,50.7,66.5,14.6,Lead,On Hold,High,Underallocated,82.5
ALC005442,EMP0591,PRJ0091,CLI0026,2026-04-18,2026-09-05,54.1,33.8,44.4,9.7,Analyst,Completed,Low,Underallocated,90.1
ALC005443,EMP0742,PRJ0153,CLI0030,2026-05-10,2026-08-25,114.2,71.4,93.6,20.6,Support,On Hold,Low,Allocated,70.1
ALC005444,EMP0111,PRJ0099,CLI0038,2026-04-04,2026-04-24,80.8,50.5,66.3,14.5,Designer,Active,High,Underallocated,69.1
ALC005445,EMP0715,PRJ0060,CLI0022,2026-05-03,2026-07-23,151.0,94.4,123.8,27.2,Developer,On Hold,Low,Allocated,85.3
ALC005446,EMP0706,PRJ0160,CLI0057,2026-02-16,2026-07-07,61.9,38.7,50.8,11.1,Designer,Completed,Medium,Underallocated,67.4
ALC005447,EMP0333,PRJ0117,CLI0006,2026-05-13,2026-09-23,97.8,61.1,80.2,17.6,Tester,On Hold,Low,Allocated,77.3
ALC005448,EMP0848,PRJ0095,CLI0017,2026-01-12,2026-03-07,118.2,73.9,96.9,21.3,Tester,Completed,Low,Allocated,92.5
ALC005449,EMP0470,PRJ0015,CLI0015,2026-04-06,2026-07-13,162.4,101.5,133.2,29.2,PM,On Hold,Low,Overallocated,81.6
ALC005450,EMP0068,PRJ0150,CLI0003,2026-04-14,2026-07-28,96.3,60.2,79.0,17.3,Developer,Active,Critical,Allocated,61.2
ALC005451,EMP0413,PRJ0139,CLI0008,2026-04-14,2026-07-19,119.4,74.6,97.9,21.5,PM,On Hold,Medium,Allocated,61.0
ALC005452,EMP0283,PRJ0061,CLI0059,2026-05-11,2026-06-02,136.6,85.4,112.0,24.6,PM,On Hold,Critical,Allocated,84.1
ALC005453,EMP0392,PRJ0098,CLI0044,2026-02-15,2026-04-20,142.6,89.1,116.9,25.7,Designer,On Hold,Low,Allocated,93.5
ALC005454,EMP0635,PRJ0064,CLI0024,2026-02-05,2026-05-03,126.7,79.2,103.9,22.8,Lead,Completed,Low,Allocated,83.0
ALC005455,EMP0007,PRJ0047,CLI0018,2026-03-15,2026-05-21,184.3,115.2,151.1,33.2,PM,Active,Low,Overallocated,73.7
ALC005456,EMP0190,PRJ0171,CLI0001,2026-03-14,2026-05-06,96.2,60.1,78.9,17.3,Support,Active,Medium,Allocated,77.8
ALC005457,EMP0641,PRJ0151,CLI0036,2026-03-15,2026-05-10,181.3,113.3,148.7,32.6,Lead,On Hold,Critical,Overallocated,84.0
ALC005458,EMP0020,PRJ0155,CLI0042,2026-06-21,2026-09-21,139.5,87.2,114.4,25.1,Developer,On Hold,Critical,Allocated,66.4
ALC005459,EMP0332,PRJ0149,CLI0039,2026-04-17,2026-06-03,121.8,76.1,99.9,21.9,Designer,On Hold,Medium,Allocated,65.7
ALC005460,EMP0753,PRJ0014,CLI0026,2026-03-13,2026-07-21,125.0,78.1,102.5,22.5,Analyst,Active,High,Allocated,79.8
ALC005461,EMP0248,PRJ0118,CLI0008,2026-01-06,2026-02-27,149.4,93.4,122.5,26.9,Designer,On Hold,Critical,Allocated,94.3
ALC005462,EMP0512,PRJ0121,CLI0015,2026-05-09,2026-09-05,83.2,52.0,68.2,15.0,Designer,Active,High,Underallocated,73.3
ALC005463,EMP0260,PRJ0176,CLI0014,2026-05-08,2026-06-06,117.8,73.6,96.6,21.2,Designer,On Hold,Medium,Allocated,80.3
ALC005464,EMP0295,PRJ0061,CLI0059,2026-01-06,2026-05-03,102.2,63.9,83.8,18.4,Developer,Active,High,Allocated,71.5
ALC005465,EMP0310,PRJ0110,CLI0054,2026-06-12,2026-10-26,176.2,110.1,144.5,31.7,Analyst,Active,High,Overallocated,93.7
ALC005466,EMP0608,PRJ0117,CLI0006,2026-04-18,2026-09-13,85.9,53.7,70.4,15.5,Designer,Active,Low,Underallocated,83.3
ALC005467,EMP0053,PRJ0139,CLI0008,2026-01-16,2026-03-05,191.8,119.9,157.3,34.5,Analyst,On Hold,Medium,Overallocated,78.1
ALC005468,EMP0037,PRJ0014,CLI0026,2026-06-18,2026-07-26,94.1,58.8,77.2,16.9,Support,Active,Critical,Underallocated,74.2
ALC005469,EMP0091,PRJ0101,CLI0028,2026-03-08,2026-07-27,56.5,35.3,46.3,10.2,Support,Completed,High,Underallocated,72.9
ALC005470,EMP0793,PRJ0071,CLI0036,2026-02-19,2026-03-15,77.1,48.2,63.2,13.9,Developer,Active,Low,Underallocated,87.9
ALC005471,EMP0538,PRJ0057,CLI0043,2026-05-02,2026-07-02,78.1,48.8,64.0,14.1,Support,Completed,Low,Underallocated,81.9
ALC005472,EMP0766,PRJ0069,CLI0021,2026-02-18,2026-06-04,178.2,111.4,146.1,32.1,PM,Completed,Critical,Overallocated,72.9
ALC005473,EMP0559,PRJ0082,CLI0013,2026-01-05,2026-02-01,58.2,36.4,47.7,10.5,Analyst,On Hold,High,Underallocated,76.9
ALC005474,EMP0090,PRJ0066,CLI0051,2026-02-14,2026-04-03,125.0,78.1,102.5,22.5,Lead,Active,High,Allocated,94.0
ALC005475,EMP0779,PRJ0031,CLI0044,2026-03-10,2026-06-30,170.7,106.7,140.0,30.7,Tester,Active,High,Overallocated,93.8
ALC005476,EMP0443,PRJ0137,CLI0012,2026-04-01,2026-08-13,222.9,139.3,182.8,40.1,PM,Completed,Medium,Overallocated,70.1
ALC005477,EMP0318,PRJ0171,CLI0001,2026-02-10,2026-06-29,107.5,67.2,88.1,19.3,Tester,Active,Low,Allocated,75.8
ALC005478,EMP0734,PRJ0157,CLI0044,2026-04-01,2026-06-06,116.5,72.8,95.5,21.0,Developer,Active,Medium,Allocated,64.1
ALC005479,EMP0731,PRJ0068,CLI0059,2026-01-03,2026-04-01,65.3,40.8,53.5,11.8,PM,Active,Medium,Underallocated,77.0
ALC005480,EMP0788,PRJ0077,CLI0025,2026-05-14,2026-09-22,96.8,60.5,79.4,17.4,Designer,Active,High,Allocated,72.4
ALC005481,EMP0051,PRJ0108,CLI0055,2026-03-05,2026-05-18,199.4,124.6,163.5,35.9,Designer,Active,High,Overallocated,71.5
ALC005482,EMP0836,PRJ0138,CLI0018,2026-01-07,2026-04-01,146.9,91.8,120.5,26.4,Analyst,Completed,Medium,Allocated,65.6
ALC005483,EMP0403,PRJ0116,CLI0042,2026-06-20,2026-10-19,160.6,100.4,131.7,28.9,PM,Active,Medium,Overallocated,72.1
ALC005484,EMP0408,PRJ0014,CLI0026,2026-05-15,2026-08-21,137.9,86.2,113.1,24.8,Analyst,On Hold,Low,Allocated,84.6
ALC005485,EMP0549,PRJ0069,CLI0021,2026-02-01,2026-06-19,154.7,96.7,126.9,27.8,Designer,On Hold,Medium,Allocated,65.7
ALC005486,EMP0413,PRJ0076,CLI0055,2026-06-06,2026-09-20,189.6,118.5,155.5,34.1,Analyst,Active,Medium,Overallocated,67.6
ALC005487,EMP0577,PRJ0119,CLI0048,2026-01-21,2026-04-27,93.8,58.6,76.9,16.9,Developer,Completed,Critical,Underallocated,68.4
ALC005488,EMP0632,PRJ0052,CLI0022,2026-04-20,2026-05-19,141.4,88.4,115.9,25.5,Designer,Active,High,Allocated,62.5
ALC005489,EMP0553,PRJ0029,CLI0058,2026-04-18,2026-09-06,84.3,52.7,69.1,15.2,Analyst,Completed,Medium,Underallocated,67.6
ALC005490,EMP0214,PRJ0175,CLI0054,2026-06-13,2026-10-09,30.6,19.1,25.1,5.5,Tester,Completed,Medium,Underallocated,74.6
ALC005491,EMP0321,PRJ0090,CLI0041,2026-06-15,2026-08-13,122.6,76.6,100.5,22.1,Analyst,Completed,Critical,Allocated,87.8
ALC005492,EMP0489,PRJ0011,CLI0024,2026-05-07,2026-06-27,117.0,73.1,95.9,21.1,Analyst,Completed,Critical,Allocated,83.3
ALC005493,EMP0732,PRJ0030,CLI0043,2026-04-04,2026-05-01,109.0,68.1,89.4,19.6,PM,Active,High,Allocated,63.2
ALC005494,EMP0177,PRJ0064,CLI0024,2026-06-18,2026-09-06,86.4,54.0,70.8,15.6,Developer,On Hold,High,Underallocated,92.6
ALC005495,EMP0213,PRJ0155,CLI0042,2026-02-19,2026-07-13,117.4,73.4,96.3,21.1,Tester,Active,High,Allocated,84.1
ALC005496,EMP0842,PRJ0074,CLI0006,2026-06-10,2026-09-13,129.0,80.6,105.8,23.2,Analyst,Completed,Low,Allocated,87.7
ALC005497,EMP0444,PRJ0127,CLI0026,2026-01-02,2026-04-11,190.4,119.0,156.1,34.3,Developer,Active,Critical,Overallocated,81.1
ALC005498,EMP0573,,CLI0024,2026-02-18,2026-04-09,133.4,83.4,109.4,24.0,Developer,Completed,High,Allocated,72.8
ALC005499,EMP0549,PRJ0015,CLI0015,2026-03-20,2026-05-27,,84.7,111.1,24.4,PM,On Hold,High,Allocated,78.2
ALC005500,EMP0753,PRJ0015,CLI0015,2026-01-11,2026-05-19,82.1,51.3,67.3,14.8,Lead,On Hold,Critical,Underallocated,60.4
ALC005501,EMP0706,PRJ0074,CLI0006,2026-03-21,2026-05-19,73.8,46.1,60.5,13.3,Analyst,On Hold,Critical,Underallocated,66.8
ALC005502,EMP0829,PRJ0168,CLI0016,2026-06-03,2026-09-27,72.8,45.5,59.7,13.1,Tester,Active,Critical,Underallocated,84.3
ALC005503,EMP0720,PRJ0166,CLI0028,2026-02-08,2026-03-21,100.2,62.6,82.2,18.0,PM,Active,High,Allocated,93.6
ALC005504,EMP0119,PRJ0137,CLI0012,2026-06-21,2026-10-12,114.4,71.5,93.8,20.6,Developer,Completed,Medium,Allocated,63.1
ALC005505,EMP0502,PRJ0092,CLI0007,2026-02-12,2026-06-15,120.6,75.4,98.9,21.7,Analyst,On Hold,High,Allocated,61.7
ALC005506,EMP0494,PRJ0073,CLI0016,2026-04-16,2026-08-04,79.4,49.6,65.1,14.3,Tester,Active,Low,Underallocated,73.5
ALC005507,EMP0671,PRJ0038,CLI0059,2026-01-16,2026-06-10,22.4,14.0,18.4,4.0,PM,On Hold,Critical,Underallocated,71.8
ALC005508,EMP0834,PRJ0038,CLI0059,2026-05-17,2026-08-12,95.2,59.5,78.1,17.1,Lead,Active,Medium,Underallocated,71.4
ALC005509,EMP0393,PRJ0107,CLI0032,2026-03-07,2026-07-25,149.4,93.4,122.5,26.9,Support,Active,Low,Allocated,77.5
ALC005510,EMP0699,PRJ0062,CLI0038,2026-02-14,2026-05-24,97.0,60.6,79.5,17.5,Lead,On Hold,Medium,Allocated,61.9
ALC005511,EMP0221,PRJ0034,CLI0045,2026-04-18,2026-07-08,109.0,68.1,89.4,19.6,Tester,Active,Critical,Allocated,63.5
ALC005512,EMP0165,PRJ0120,CLI0028,2026-06-15,2026-07-18,48.2,30.1,39.5,8.7,Analyst,On Hold,Medium,Underallocated,74.0
ALC005513,EMP0404,PRJ0001,CLI0057,2026-01-04,2026-02-03,,73.1,95.9,21.1,Tester,Completed,Critical,Allocated,73.1
ALC005514,EMP0780,PRJ0144,CLI0056,2026-05-03,2026-08-23,128.3,80.2,105.2,23.1,Developer,Active,Low,Allocated,62.7
ALC005515,EMP0498,PRJ0128,CLI0044,2026-06-18,2026-08-04,89.3,55.8,73.2,16.1,Lead,Completed,Medium,Underallocated,85.7
ALC005516,EMP0151,PRJ0175,CLI0054,2026-04-21,2026-09-11,150.6,94.1,123.5,27.1,PM,Completed,Critical,Allocated,66.9
ALC005517,EMP0388,PRJ0146,CLI0006,2026-01-14,2026-02-26,160.0,100.0,131.2,28.8,Lead,Completed,Medium,Allocated,65.0
ALC005518,EMP0603,PRJ0057,CLI0043,2026-02-06,2026-04-25,196.6,122.9,161.2,35.4,PM,Completed,Medium,Overallocated,73.5
ALC005519,EMP0441,PRJ0004,CLI0056,2026-03-02,2026-05-15,74.9,46.8,61.4,13.5,Lead,On Hold,Critical,Underallocated,74.5
ALC005520,EMP0700,PRJ0131,CLI0009,2026-03-09,2026-07-23,123.5,77.2,101.3,22.2,Support,Completed,Low,Allocated,82.6
ALC005521,EMP0040,PRJ0008,CLI0052,2026-02-12,2026-04-08,64.5,40.3,52.9,11.6,Lead,On Hold,High,Underallocated,79.4
ALC005522,EMP0049,PRJ0085,CLI0045,2026-06-13,2026-11-04,136.2,85.1,111.7,24.5,Tester,Completed,Low,Allocated,87.6
ALC005523,EMP0329,PRJ0067,CLI0015,2026-03-15,2026-05-10,131.4,82.1,107.7,23.7,Developer,Completed,Medium,Allocated,65.8
ALC005524,EMP0766,PRJ0047,CLI0018,2026-05-21,2026-06-17,34.9,21.8,28.6,6.3,Support,Active,High,Underallocated,60.2
ALC005525,EMP0779,PRJ0038,CLI0059,2026-03-08,2026-06-06,,76.8,100.8,22.1,PM,On Hold,Low,Allocated,67.4
ALC005526,EMP0295,PRJ0055,CLI0015,2026-05-07,2026-09-25,104.0,65.0,85.3,18.7,PM,Completed,High,Allocated,74.3
ALC005527,EMP0248,PRJ0046,CLI0048,2026-05-21,2026-07-26,64.6,40.4,53.0,11.6,PM,Completed,Medium,Underallocated,75.7
ALC005528,EMP0759,PRJ0129,CLI0019,2026-01-01,2026-03-18,,62.7,82.2,18.1,Lead,Active,Low,Allocated,78.2
ALC005529,EMP0079,PRJ0153,CLI0030,2026-01-17,2026-04-12,194.4,121.5,159.4,35.0,Analyst,Active,Critical,Overallocated,77.4
ALC005530,EMP0490,PRJ0171,CLI0001,2026-01-08,2026-04-25,134.9,84.3,110.6,24.3,Tester,Active,Critical,Allocated,70.5
ALC005531,EMP0360,PRJ0062,CLI0038,2026-04-02,2026-08-30,78.9,49.3,64.7,14.2,Analyst,Completed,Critical,Underallocated,76.9
ALC005532,EMP0792,PRJ0174,CLI0032,2026-06-13,2026-08-15,98.7,61.7,80.9,17.8,Developer,On Hold,Critical,Allocated,90.8
ALC005533,EMP0492,PRJ0111,CLI0043,2026-01-09,2026-04-14,34.6,21.6,28.4,6.2,Lead,On Hold,Critical,Underallocated,89.8
ALC005534,EMP0553,PRJ0062,CLI0038,2026-04-16,2026-07-31,68.8,43.0,56.4,12.4,Tester,On Hold,Low,Underallocated,67.0
ALC005535,EMP0185,PRJ0179,CLI0012,2026-03-16,2026-04-11,179.4,112.1,147.1,32.3,Analyst,On Hold,High,Overallocated,73.0
ALC005536,EMP0035,PRJ0114,CLI0043,2026-05-03,2026-05-27,148.6,92.9,121.9,26.7,Lead,On Hold,Medium,Allocated,75.5
ALC005537,EMP0059,PRJ0016,CLI0049,2026-02-19,2026-03-26,,81.3,106.7,23.4,Lead,Completed,High,Allocated,72.1
ALC005538,EMP0812,PRJ0013,CLI0048,2026-02-03,2026-04-20,127.7,79.8,104.7,23.0,Support,Completed,Low,Allocated,78.8
ALC005539,EMP0749,PRJ0042,CLI0026,2026-05-08,2026-08-16,168.6,105.4,138.3,30.3,Designer,Completed,Low,Overallocated,94.6
ALC005540,EMP0708,PRJ0056,CLI0042,2026-05-06,2026-09-11,124.8,78.0,102.3,22.5,Tester,On Hold,Medium,Allocated,62.4
ALC005541,EMP0486,PRJ0104,CLI0018,2026-01-08,2026-04-23,100.6,62.9,82.5,18.1,Designer,On Hold,Critical,Allocated,80.3
ALC005542,EMP0249,PRJ0100,CLI0039,2026-04-15,2026-06-28,108.3,67.7,88.8,19.5,Lead,Completed,Low,Allocated,93.2
ALC005543,EMP0413,PRJ0167,CLI0027,2026-03-05,2026-07-30,101.6,63.5,83.3,18.3,Lead,Completed,Critical,Allocated,87.1
ALC005544,EMP0154,PRJ0118,CLI0008,2026-06-03,2026-09-05,101.0,63.1,82.8,18.2,Developer,Completed,Medium,Allocated,68.3
ALC005545,EMP0034,PRJ0118,CLI0008,2026-05-14,2026-08-28,179.8,112.4,147.4,32.4,Lead,On Hold,Medium,Overallocated,60.5
ALC005546,EMP0116,PRJ0179,CLI0012,2026-04-09,2026-05-11,69.8,43.6,57.2,12.6,Developer,On Hold,Critical,Underallocated,79.5
ALC005547,EMP0372,PRJ0066,CLI0051,2026-06-17,2026-09-18,91.8,57.4,75.3,16.5,Analyst,Active,Low,Underallocated,78.2
ALC005548,EMP0169,PRJ0153,CLI0030,2026-01-12,2026-02-24,39.0,24.4,32.0,7.0,Developer,Active,Low,Underallocated,75.5
ALC005549,EMP0468,PRJ0047,CLI0018,2026-06-06,2026-08-20,152.5,95.3,125.0,27.4,Developer,On Hold,Critical,Allocated,66.7
ALC005550,EMP0219,PRJ0032,CLI0053,2026-02-04,2026-06-25,125.8,78.6,103.2,22.6,PM,Completed,Low,Allocated,88.5
ALC005551,EMP0597,PRJ0132,CLI0013,2026-02-09,2026-03-21,181.6,113.5,148.9,32.7,Lead,On Hold,Low,Overallocated,66.9
ALC005552,EMP0371,PRJ0056,CLI0042,2026-03-04,2026-04-30,86.4,54.0,70.8,15.6,Designer,Active,Critical,Underallocated,69.9
ALC005553,EMP0315,PRJ0043,CLI0043,2026-02-18,2026-04-09,80.2,50.1,65.8,14.4,Tester,Active,Low,Underallocated,78.5
ALC005554,EMP0788,PRJ0088,CLI0011,2026-05-17,2026-07-13,65.4,40.9,53.6,11.8,PM,Active,High,Underallocated,87.7
ALC005555,EMP0562,PRJ0089,CLI0043,2026-03-21,2026-05-17,130.2,81.4,106.8,23.4,Developer,Completed,Medium,Allocated,65.1
ALC005556,EMP0315,PRJ0009,CLI0015,2026-05-20,2026-09-04,97.9,61.2,80.3,17.6,Designer,Active,Low,Allocated,89.9
ALC005557,EMP0655,PRJ0132,CLI0013,2026-03-14,2026-06-16,124.0,77.5,101.7,22.3,Tester,Completed,Low,Allocated,63.9
ALC005558,EMP0231,PRJ0095,CLI0017,2026-01-15,2026-05-06,95.0,59.4,77.9,17.1,Designer,Completed,Critical,Underallocated,77.0
ALC005559,EMP0576,PRJ0085,CLI0045,2026-01-09,2026-02-23,169.6,106.0,139.1,30.5,Lead,On Hold,High,Overallocated,75.3
ALC005560,EMP0355,PRJ0125,CLI0019,2026-05-11,2026-06-18,162.6,101.6,133.3,29.3,Developer,On Hold,Critical,Overallocated,79.5
ALC005561,EMP0370,PRJ0042,CLI0026,2026-04-09,2026-08-10,115.5,72.2,94.7,20.8,Developer,Completed,Low,Allocated,84.1
ALC005562,EMP0210,PRJ0074,CLI0006,2026-04-09,2026-07-04,154.1,96.3,126.4,27.7,Analyst,Completed,High,Allocated,69.7
ALC005563,EMP0602,PRJ0168,CLI0016,2026-03-11,2026-05-09,106.7,66.7,87.5,19.2,Lead,On Hold,High,Allocated,66.6
ALC005564,EMP0290,PRJ0030,CLI0043,2026-01-02,2026-05-02,110.2,68.9,90.4,19.8,Developer,Completed,Medium,Allocated,94.3
ALC005565,EMP0786,PRJ0140,CLI0018,2026-02-01,2026-05-29,25.4,15.9,20.8,4.6,Analyst,Completed,High,Underallocated,74.3
ALC005566,EMP0523,PRJ0156,CLI0002,2026-01-14,2026-03-15,132.3,82.7,108.5,23.8,Developer,On Hold,Low,Allocated,66.8
ALC005567,EMP0565,PRJ0125,CLI0019,2026-06-10,2026-09-11,113.0,70.6,92.7,20.3,Developer,On Hold,Low,Allocated,81.6
ALC005568,EMP0315,PRJ0172,CLI0044,2026-03-18,2026-08-15,147.2,92.0,120.7,26.5,Tester,Active,Medium,Allocated,60.5
ALC005569,EMP0282,PRJ0119,CLI0048,2026-02-19,2026-04-02,140.6,87.9,115.3,25.3,Designer,On Hold,Medium,Allocated,63.1
ALC005570,EMP0180,PRJ0066,CLI0051,2026-06-19,2026-08-27,82.1,51.3,67.3,14.8,Tester,Completed,Low,Underallocated,67.4
ALC005571,EMP0546,PRJ0010,CLI0035,2026-02-04,2026-06-16,104.3,65.2,85.5,18.8,Developer,On Hold,Low,Allocated,84.3
ALC005572,EMP0599,PRJ0150,CLI0003,2026-02-13,2026-05-15,92.8,58.0,76.1,16.7,Developer,Completed,Critical,Underallocated,63.4
ALC005573,EMP0385,PRJ0139,CLI0008,2026-06-18,2026-11-11,153.8,96.1,126.1,27.7,PM,Active,High,Allocated,68.0
ALC005574,EMP0656,PRJ0132,CLI0013,2026-02-19,2026-04-28,174.9,109.3,143.4,31.5,Developer,Completed,Medium,Overallocated,76.7
ALC005575,EMP0385,PRJ0124,CLI0045,2026-02-10,2026-06-25,144.0,90.0,118.1,25.9,PM,Completed,Low,Allocated,82.9
ALC005576,EMP0524,PRJ0177,CLI0053,2026-05-02,2026-09-20,191.4,119.6,156.9,34.5,Analyst,Active,Critical,Overallocated,91.5
ALC005577,EMP0179,PRJ0111,CLI0043,2026-06-21,2026-07-30,133.0,83.1,109.1,23.9,Analyst,Completed,Medium,Allocated,60.8
ALC005578,EMP0090,PRJ0027,CLI0004,2026-06-12,2026-10-25,73.0,45.6,59.9,13.1,Developer,Completed,Critical,Underallocated,90.3
ALC005579,EMP0378,PRJ0042,CLI0026,2026-05-16,2026-07-28,56.5,35.3,46.3,10.2,Designer,Active,Low,Underallocated,61.6
ALC005580,EMP0290,PRJ0094,CLI0008,2026-04-02,2026-06-16,75.2,47.0,61.7,13.5,Support,Completed,Medium,Underallocated,74.6
ALC005581,EMP0348,PRJ0070,CLI0013,2026-02-18,2026-04-28,93.9,58.7,77.0,16.9,Developer,On Hold,Medium,Underallocated,68.7
ALC005582,EMP0785,PRJ0136,CLI0003,2026-02-09,2026-06-16,85.0,53.1,69.7,15.3,Analyst,Active,High,Underallocated,64.4
ALC005583,EMP0373,PRJ0062,CLI0038,2026-06-01,2026-10-23,114.2,71.4,93.6,20.6,Lead,Completed,Critical,Allocated,77.3
ALC005584,EMP0473,PRJ0172,CLI0044,2026-06-12,2026-10-30,104.8,65.5,85.9,18.9,Lead,Active,Medium,Allocated,87.6
ALC005585,EMP0030,PRJ0122,CLI0010,2026-02-11,2026-03-23,115.0,71.9,94.3,20.7,Designer,Completed,Medium,Allocated,81.6
ALC005586,EMP0506,PRJ0051,CLI0059,2026-01-19,2026-03-29,209.6,131.0,171.9,37.7,Tester,On Hold,Critical,Overallocated,88.2
ALC005587,EMP0796,PRJ0010,CLI0035,2026-02-12,2026-03-21,147.0,91.9,120.5,26.5,PM,Active,High,Allocated,69.9
ALC005588,EMP0663,PRJ0015,CLI0015,2026-01-13,2026-04-11,122.7,76.7,100.6,22.1,Analyst,Active,Low,Allocated,92.5
ALC005589,EMP0608,PRJ0084,CLI0016,2026-04-03,2026-05-22,154.4,96.5,126.6,27.8,Lead,Completed,Low,Allocated,79.0
ALC005590,EMP0674,PRJ0068,CLI0059,2026-02-19,2026-04-20,79.7,49.8,65.4,14.3,Lead,On Hold,Critical,Underallocated,94.7
ALC005591,EMP0004,PRJ0038,CLI0059,2026-03-10,2026-07-07,78.1,48.8,64.0,14.1,Lead,On Hold,High,Underallocated,85.0
ALC005592,EMP0362,PRJ0130,CLI0056,2026-03-07,2026-05-18,148.6,92.9,121.9,26.7,Tester,Completed,Low,Allocated,94.0
ALC005593,EMP0250,PRJ0050,CLI0039,2026-01-21,2026-05-31,112.0,70.0,91.8,20.2,Tester,On Hold,Low,Allocated,65.3
ALC005594,EMP0719,PRJ0038,CLI0059,2026-04-02,2026-06-21,117.0,73.1,95.9,21.1,Designer,Completed,High,Allocated,73.0
ALC005595,EMP0639,PRJ0180,CLI0006,2026-02-19,2026-05-19,66.2,41.4,54.3,11.9,Analyst,Completed,Medium,Underallocated,81.4
ALC005596,EMP0563,PRJ0127,CLI0026,2026-03-07,2026-08-04,93.1,58.2,76.3,16.8,Tester,Completed,Low,Underallocated,85.6
ALC005597,EMP0734,PRJ0150,CLI0003,2026-04-17,2026-07-29,95.7,59.8,78.5,17.2,Tester,Active,Critical,Underallocated,70.2
ALC005598,EMP0034,PRJ0009,CLI0015,2026-02-16,2026-04-10,92.8,58.0,76.1,16.7,Analyst,On Hold,Low,Underallocated,61.4
ALC005599,EMP0257,PRJ0055,CLI0015,2026-02-16,2026-03-13,197.8,123.6,162.2,35.6,Analyst,Active,Medium,Overallocated,76.2
ALC005600,EMP0732,PRJ0129,CLI0019,2026-01-18,2026-03-01,196.8,123.0,161.4,35.4,Lead,Active,High,Overallocated,74.9
ALC005601,EMP0455,PRJ0061,CLI0059,2026-06-02,2026-09-21,157.6,98.5,129.2,28.4,Designer,On Hold,Medium,Allocated,82.5
ALC005602,EMP0163,PRJ0145,CLI0003,2026-04-01,2026-05-12,115.8,72.4,95.0,20.8,Designer,Completed,Low,Allocated,62.2
ALC005603,EMP0492,PRJ0179,CLI0012,2026-02-06,2026-04-06,88.5,55.3,72.6,15.9,Support,Active,High,Underallocated,77.8
ALC005604,EMP0559,PRJ0025,CLI0003,2026-01-18,2026-05-13,70.6,44.1,57.9,12.7,Lead,Completed,Medium,Underallocated,65.4
ALC005605,EMP0542,PRJ0167,CLI0027,2026-01-12,2026-05-12,125.6,78.5,103.0,22.6,Developer,On Hold,Low,Allocated,62.6
ALC005606,EMP0594,PRJ0059,CLI0017,2026-05-11,2026-06-13,162.9,101.8,133.6,29.3,Support,Completed,Critical,Overallocated,74.3
ALC005607,EMP0715,PRJ0155,CLI0042,2026-06-13,2026-08-16,143.2,89.5,117.4,25.8,Support,On Hold,Critical,Allocated,83.5
ALC005608,EMP0505,PRJ0127,CLI0026,2026-02-05,2026-06-09,116.0,72.5,95.1,20.9,PM,Completed,Medium,Allocated,63.2
ALC005609,EMP0512,PRJ0102,CLI0043,2026-04-15,2026-07-21,138.7,86.7,113.7,25.0,Tester,Completed,Medium,Allocated,74.2
ALC005610,EMP0252,PRJ0091,CLI0026,2026-03-08,2026-07-28,111.2,69.5,91.2,20.0,Designer,On Hold,High,Allocated,82.5
ALC005611,EMP0072,PRJ0168,CLI0016,2026-06-15,2026-08-05,101.0,63.1,82.8,18.2,Tester,On Hold,Medium,Allocated,89.0
ALC005612,EMP0144,PRJ0017,CLI0050,2026-03-01,2026-05-01,71.5,44.7,58.6,12.9,Lead,Active,Medium,Underallocated,74.7
ALC005613,EMP0602,PRJ0179,CLI0012,2026-06-18,2026-09-09,98.9,61.8,81.1,17.8,Support,Active,Low,Allocated,65.9
ALC005614,EMP0372,PRJ0007,CLI0040,2026-06-07,2026-10-05,124.2,77.6,101.8,22.4,Tester,Completed,Critical,Allocated,91.2
ALC005615,EMP0092,PRJ0002,CLI0046,2026-02-21,2026-07-08,95.4,59.6,78.2,17.2,Designer,Active,Medium,Underallocated,86.7
ALC005616,EMP0318,PRJ0088,CLI0011,2026-02-15,2026-06-29,66.2,41.4,54.3,11.9,PM,Active,Critical,Underallocated,66.1
ALC005617,EMP0644,PRJ0071,CLI0036,2026-01-10,2026-04-09,116.6,72.9,95.6,21.0,Developer,Active,High,Allocated,61.4
ALC005618,EMP0219,PRJ0136,CLI0003,2026-02-16,2026-03-24,124.2,77.6,101.8,22.4,PM,Completed,Medium,Allocated,62.9
ALC005619,EMP0397,PRJ0050,CLI0039,2026-05-16,2026-10-09,97.3,60.8,79.8,17.5,Support,Completed,Critical,Allocated,83.7
ALC005620,EMP0331,PRJ0030,CLI0043,2026-03-01,2026-05-19,111.0,69.4,91.0,20.0,Developer,Active,Low,Allocated,86.0
ALC005621,EMP0274,PRJ0137,CLI0012,2026-02-12,2026-05-21,10.7,6.7,8.8,1.9,Support,On Hold,Medium,Underallocated,73.5
ALC005622,EMP0464,PRJ0031,CLI0044,2026-04-06,2026-07-23,141.6,88.5,116.1,25.5,Designer,Active,High,Allocated,63.4
ALC005623,EMP0663,PRJ0017,CLI0050,2026-06-04,2026-10-29,123.5,77.2,101.3,22.2,Support,Completed,High,Allocated,87.9
ALC005624,EMP0452,PRJ0153,CLI0030,2026-01-09,2026-04-28,168.6,105.4,138.3,30.3,Designer,On Hold,Medium,Overallocated,70.1
ALC005625,EMP0417,PRJ0075,CLI0033,2026-03-15,2026-05-31,103.5,64.7,84.9,18.6,Designer,On Hold,Low,Allocated,71.0
ALC005626,EMP0651,PRJ0028,CLI0011,2026-03-04,2026-07-28,141.3,88.3,115.9,25.4,Developer,Completed,Critical,Allocated,62.3
ALC005627,EMP0831,PRJ0168,CLI0016,2026-05-09,2026-06-16,159.2,99.5,130.5,28.7,Analyst,Completed,Critical,Allocated,72.5
ALC005628,EMP0466,PRJ0164,CLI0018,2026-02-15,2026-03-21,113.0,70.6,92.7,20.3,Lead,Active,High,Allocated,94.5
ALC005629,EMP0071,PRJ0131,CLI0009,2026-01-17,2026-05-03,125.8,78.6,103.2,22.6,Support,Active,Low,Allocated,81.5
ALC005630,EMP0245,PRJ0158,CLI0059,2026-02-12,2026-03-11,117.8,73.6,96.6,21.2,Designer,Completed,Medium,Allocated,91.4
ALC005631,EMP0217,PRJ0049,CLI0043,2026-05-09,2026-08-29,48.0,30.0,39.4,8.6,Developer,Completed,High,Underallocated,77.8
ALC005632,EMP0088,PRJ0105,CLI0056,2026-03-13,2026-08-01,127.5,79.7,104.5,22.9,Developer,Active,Medium,Allocated,66.9
ALC005633,EMP0688,PRJ0172,CLI0044,2026-06-13,2026-08-29,74.4,46.5,61.0,13.4,Developer,Active,Medium,Underallocated,64.4
ALC005634,EMP0221,PRJ0123,CLI0039,2026-06-06,2026-07-03,77.6,48.5,63.6,14.0,Support,On Hold,Critical,Underallocated,73.9
ALC005635,EMP0726,PRJ0170,CLI0032,2026-02-06,2026-03-26,133.0,83.1,109.1,23.9,Developer,Completed,Medium,Allocated,86.2
ALC005636,EMP0422,PRJ0012,CLI0020,2026-02-19,2026-04-26,163.7,102.3,134.2,29.5,PM,Active,Critical,Overallocated,92.0
ALC005637,EMP0082,PRJ0112,CLI0006,2026-02-15,2026-03-12,143.2,89.5,117.4,25.8,Tester,Active,Low,Allocated,84.3
ALC005638,EMP0623,PRJ0108,CLI0055,2026-04-19,2026-06-22,135.4,84.6,111.0,24.4,Designer,On Hold,Low,Allocated,65.0
ALC005639,EMP0666,PRJ0177,CLI0053,2026-04-17,2026-08-30,125.4,78.4,102.8,22.6,Tester,Active,Medium,Allocated,89.7
ALC005640,EMP0558,PRJ0064,CLI0024,2026-03-06,2026-05-08,146.7,91.7,120.3,26.4,Designer,Active,Low,Allocated,87.6
ALC005641,EMP0617,PRJ0137,CLI0012,2026-05-18,2026-08-07,179.4,112.1,147.1,32.3,PM,Active,Medium,Overallocated,82.2
ALC005642,EMP0682,PRJ0139,CLI0008,2026-02-14,2026-03-18,89.0,55.6,73.0,16.0,Analyst,On Hold,High,Underallocated,76.0
ALC005643,EMP0182,PRJ0026,CLI0019,2026-05-01,2026-09-10,90.2,56.4,74.0,16.2,Tester,On Hold,Critical,Underallocated,67.7
ALC005644,EMP0736,PRJ0137,CLI0012,2026-03-20,2026-05-27,141.3,88.3,115.9,25.4,Support,Active,Critical,Allocated,93.0
ALC005645,EMP0435,PRJ0019,CLI0054,2026-06-10,2026-10-30,43.8,27.4,35.9,7.9,PM,Completed,High,Underallocated,93.0
ALC005646,EMP0747,PRJ0162,CLI0012,2026-04-08,2026-08-01,108.0,67.5,88.6,19.4,Analyst,On Hold,High,Allocated,66.4
ALC005647,EMP0727,PRJ0027,CLI0004,2026-03-21,2026-05-29,122.4,76.5,100.4,22.0,Developer,Active,Low,Allocated,81.7
ALC005648,EMP0575,PRJ0090,CLI0041,2026-03-17,2026-07-01,90.2,56.4,74.0,16.2,Developer,Active,Critical,Underallocated,82.2
ALC005649,EMP0285,PRJ0012,CLI0020,2026-03-19,2026-06-26,35.4,22.1,29.0,6.4,Tester,Active,Medium,Underallocated,86.4
ALC005650,EMP0494,PRJ0177,CLI0053,2026-01-10,2026-05-04,167.4,104.6,137.3,30.1,Tester,On Hold,High,Overallocated,61.4
ALC005651,EMP0345,PRJ0003,CLI0041,2026-03-17,2026-05-24,88.0,55.0,72.2,15.8,Lead,Active,Low,Underallocated,87.7
ALC005652,EMP0550,PRJ0118,CLI0008,2026-06-06,2026-06-30,89.8,56.1,73.6,16.2,PM,On Hold,Critical,Underallocated,94.1
ALC005653,EMP0100,PRJ0097,CLI0018,2026-04-18,2026-08-28,165.1,103.2,135.4,29.7,PM,Active,Critical,Overallocated,78.7
ALC005654,EMP0617,PRJ0148,CLI0035,2026-05-12,2026-06-03,8.0,5.0,6.6,1.4,Tester,Completed,High,Underallocated,68.9
ALC005655,EMP0561,PRJ0087,CLI0046,2026-04-19,2026-07-10,172.5,107.8,141.4,31.0,Support,Completed,Low,Overallocated,89.9
ALC005656,EMP0213,PRJ0103,CLI0001,2026-05-19,2026-10-08,201.1,125.7,164.9,36.2,Developer,Completed,Critical,Overallocated,65.5
ALC005657,EMP0680,PRJ0173,CLI0012,2026-02-18,2026-06-19,76.5,47.8,62.7,13.8,Lead,Active,High,Underallocated,75.6
ALC005658,EMP0085,PRJ0050,CLI0039,2026-03-11,2026-04-16,92.5,57.8,75.8,16.6,Designer,Active,Medium,Underallocated,74.9
ALC005659,EMP0389,PRJ0157,CLI0044,2026-03-07,2026-04-18,131.5,82.2,107.8,23.7,Developer,Active,High,Allocated,72.4
ALC005660,EMP0534,PRJ0110,CLI0054,2026-02-02,2026-03-23,122.1,76.3,100.1,22.0,Developer,Completed,High,Allocated,64.6
ALC005661,EMP0440,PRJ0069,CLI0021,2026-03-16,2026-04-11,151.4,94.6,124.1,27.3,Designer,On Hold,High,Allocated,70.4
ALC005662,EMP0407,PRJ0109,CLI0010,2026-01-01,2026-04-20,131.8,82.4,108.1,23.7,PM,Active,High,Allocated,63.1
ALC005663,EMP0545,PRJ0100,CLI0039,2026-06-06,2026-07-11,145.3,90.8,119.1,26.2,Lead,Active,Critical,Allocated,87.2
ALC005664,EMP0833,PRJ0136,CLI0003,2026-04-02,2026-05-14,224.0,145.0,183.7,40.3,Tester,On Hold,Critical,Overallocated,71.7
ALC005665,EMP0690,PRJ0133,CLI0044,2026-01-18,2026-02-15,48.2,30.1,39.5,8.7,Designer,On Hold,Critical,Underallocated,86.2
ALC005666,EMP0747,PRJ0155,CLI0042,2026-04-04,2026-05-25,165.8,103.6,136.0,29.8,Analyst,On Hold,Medium,Overallocated,90.6
ALC005667,EMP0200,PRJ0173,CLI0012,2026-06-11,2026-09-10,171.2,107.0,140.4,30.8,Developer,Active,Medium,Overallocated,73.6
ALC005668,EMP0590,PRJ0015,CLI0015,2026-05-07,2026-07-03,68.2,42.6,55.9,12.3,Tester,Completed,Low,Underallocated,90.1
ALC005669,EMP0343,PRJ0068,CLI0059,2026-03-06,2026-06-11,80.0,50.0,65.6,14.4,Analyst,On Hold,Medium,Underallocated,94.8
ALC005670,EMP0118,PRJ0036,CLI0045,2026-05-20,2026-06-13,132.2,82.6,108.4,23.8,Lead,Active,Medium,Allocated,63.5
ALC005671,EMP0637,PRJ0003,CLI0041,2026-02-19,2026-06-14,62.1,,50.9,11.2,Developer,Active,Low,Underallocated,78.2
ALC005672,EMP0812,PRJ0045,CLI0011,2026-02-05,2026-04-07,87.4,54.6,71.7,15.7,PM,Active,High,Underallocated,77.0
ALC005673,EMP0428,PRJ0003,CLI0041,2026-02-06,2026-05-26,121.6,76.0,99.7,21.9,Support,Active,High,Allocated,91.2
ALC005674,EMP0828,PRJ0052,CLI0022,2026-06-10,2026-10-29,84.6,52.9,69.4,15.2,Tester,On Hold,Medium,Underallocated,92.4
ALC005675,EMP0045,PRJ0041,CLI0044,2026-02-18,2026-04-13,102.9,64.3,84.4,18.5,Tester,On Hold,Medium,Allocated,60.8
ALC005676,EMP0447,PRJ0016,CLI0049,2026-04-13,2026-05-31,77.3,48.3,63.4,13.9,Lead,Completed,Critical,Underallocated,68.4
ALC005677,EMP0327,PRJ0061,CLI0059,2026-01-06,2026-04-29,74.2,46.4,60.8,13.4,Analyst,Active,High,Underallocated,75.3
ALC005678,EMP0116,PRJ0175,CLI0054,2026-06-09,2026-09-22,130.9,81.8,107.3,23.6,Tester,On Hold,Low,Allocated,89.3
ALC005679,EMP0783,PRJ0089,CLI0043,2026-04-08,2026-07-04,108.0,67.5,88.6,19.4,Tester,Completed,Low,Allocated,63.3
ALC005680,EMP0335,PRJ0115,CLI0050,2026-01-19,2026-02-08,117.0,73.1,95.9,21.1,Designer,On Hold,Critical,Allocated,85.3
ALC005681,EMP0266,PRJ0056,CLI0042,2026-03-14,2026-07-07,140.2,87.6,115.0,25.2,Lead,Completed,Low,Allocated,60.5
ALC005682,EMP0155,PRJ0011,CLI0024,2026-06-02,2026-07-28,119.4,74.6,97.9,21.5,Support,Completed,Critical,Allocated,79.8
ALC005683,EMP0305,PRJ0149,CLI0039,2026-01-20,2026-02-14,98.6,61.6,80.9,17.7,Developer,Completed,Medium,Allocated,91.1
ALC005684,EMP0197,PRJ0076,CLI0055,2026-06-15,2026-08-29,76.8,48.0,63.0,13.8,Developer,Completed,Low,Underallocated,94.8
ALC005685,EMP0369,PRJ0014,CLI0026,2026-06-16,2026-09-19,129.9,81.2,106.5,23.4,Analyst,Active,Medium,Allocated,72.8
ALC005686,EMP0753,PRJ0173,CLI0012,2026-04-05,2026-08-25,191.8,119.9,157.3,34.5,Designer,On Hold,Critical,Overallocated,70.4
ALC005687,EMP0464,PRJ0050,CLI0039,2026-02-21,2026-05-04,147.2,92.0,120.7,26.5,PM,Completed,Critical,Allocated,79.4
ALC005688,EMP0224,PRJ0093,CLI0012,2026-05-01,2026-07-05,51.8,32.4,42.5,9.3,Lead,Completed,Critical,Underallocated,81.8
ALC005689,EMP0800,PRJ0117,CLI0006,2026-02-16,2026-04-26,31.0,19.4,25.4,5.6,Lead,Active,High,Underallocated,61.9
ALC005690,EMP0721,PRJ0002,CLI0046,2026-05-16,2026-09-06,82.6,51.6,67.7,14.9,Analyst,Active,Low,Underallocated,86.7
ALC005691,EMP0175,PRJ0168,CLI0016,2026-04-09,2026-05-03,50.6,31.6,41.5,9.1,Tester,Active,Medium,Underallocated,81.2
ALC005692,EMP0637,PRJ0049,CLI0043,2026-01-12,2026-05-10,60.6,37.9,49.7,10.9,Lead,Completed,Medium,Underallocated,61.5
ALC005693,EMP0469,PRJ0122,CLI0010,2026-03-16,2026-07-09,17.0,10.6,13.9,3.1,PM,Active,High,Underallocated,80.5
ALC005694,EMP0813,PRJ0011,CLI0024,2026-02-13,2026-05-08,121.3,75.8,99.5,21.8,Lead,Active,High,Allocated,87.5
ALC005695,EMP0840,PRJ0154,CLI0005,2026-03-09,2026-05-08,65.6,41.0,53.8,11.8,Lead,On Hold,Low,Underallocated,66.5
ALC005696,EMP0545,PRJ0148,CLI0035,2026-04-17,2026-05-07,65.3,40.8,53.5,11.8,Tester,On Hold,Medium,Underallocated,67.9
ALC005697,EMP0270,PRJ0064,CLI0024,2026-02-21,2026-06-14,85.4,53.4,70.0,15.4,Support,Active,High,Underallocated,88.0
ALC005698,EMP0827,PRJ0135,CLI0022,2026-03-02,2026-07-17,86.2,53.9,70.7,15.5,Analyst,Active,Medium,Underallocated,75.9
ALC005699,EMP0334,PRJ0136,CLI0003,2026-05-11,2026-10-03,101.4,63.4,83.1,18.3,Analyst,Active,Medium,Allocated,69.7
ALC005700,EMP0011,PRJ0039,CLI0024,2026-04-06,2026-08-18,56.0,35.0,45.9,10.1,Developer,Completed,High,Underallocated,75.8
ALC005701,EMP0770,PRJ0042,CLI0026,2026-05-16,2026-08-17,151.4,94.6,124.1,27.3,Tester,Active,Medium,Allocated,79.0
ALC005702,EMP0413,PRJ0137,CLI0012,2026-04-15,2026-08-27,123.2,77.0,101.0,22.2,Tester,On Hold,Medium,Allocated,75.5
ALC005703,EMP0152,PRJ0066,CLI0051,2026-05-21,2026-06-15,128.5,80.3,105.4,23.1,Tester,Completed,Low,Allocated,72.5
ALC005704,EMP0128,PRJ0171,CLI0001,2026-05-13,2026-09-22,94.4,59.0,77.4,17.0,Analyst,Completed,Low,Underallocated,64.0
ALC005705,EMP0479,PRJ0117,CLI0006,2026-05-19,2026-08-26,155.0,96.9,127.1,27.9,Designer,On Hold,Low,Allocated,78.7
ALC005706,EMP0016,PRJ0003,CLI0041,2026-01-16,2026-03-02,131.5,82.2,107.8,23.7,Support,Completed,Low,Allocated,94.2
ALC005707,EMP0375,PRJ0103,CLI0001,2026-04-01,2026-08-16,119.7,74.8,98.2,21.5,Tester,On Hold,Critical,Allocated,86.4
ALC005708,EMP0133,PRJ0152,CLI0005,2026-01-19,2026-05-05,152.0,95.0,124.6,27.4,PM,Completed,Low,Allocated,87.4
ALC005709,EMP0817,PRJ0049,CLI0043,2026-03-16,2026-06-21,45.1,28.2,37.0,8.1,Support,Active,High,Underallocated,90.3
ALC005710,EMP0551,PRJ0159,CLI0025,2026-05-01,2026-05-28,119.8,74.9,98.2,21.6,Lead,Completed,High,Allocated,74.8
ALC005711,EMP0811,PRJ0047,CLI0018,2026-05-11,2026-09-29,85.3,53.3,69.9,15.4,Lead,Active,Low,Underallocated,69.7
ALC005712,EMP0270,PRJ0062,CLI0038,2026-01-08,2026-02-09,82.9,51.8,68.0,14.9,Developer,Completed,Critical,Underallocated,70.2
ALC005713,EMP0731,PRJ0065,CLI0003,2026-02-20,2026-06-09,144.0,90.0,118.1,25.9,Developer,Completed,Critical,Allocated,91.3
ALC005714,EMP0036,PRJ0039,CLI0024,2026-01-16,2026-03-25,166.9,104.3,136.9,30.0,Developer,On Hold,Low,Overallocated,76.0
ALC005715,EMP0723,PRJ0113,CLI0050,2026-05-13,2026-07-09,162.9,101.8,133.6,29.3,Support,Active,Medium,Overallocated,73.6
ALC005716,EMP0087,PRJ0060,CLI0022,2026-01-01,2026-03-30,112.3,70.2,92.1,20.2,Developer,Active,Critical,Allocated,92.3
ALC005717,EMP0633,PRJ0103,CLI0001,2026-04-21,2026-08-01,99.0,61.9,81.2,17.8,Analyst,Active,High,Allocated,64.4
ALC005718,EMP0414,PRJ0014,CLI0026,2026-04-06,2026-08-18,161.6,101.0,132.5,29.1,Developer,Completed,Low,Overallocated,89.9
ALC005719,EMP0695,PRJ0049,CLI0043,2026-02-12,2026-04-03,72.8,45.5,59.7,13.1,Support,On Hold,Critical,Underallocated,60.2
ALC005720,EMP0731,PRJ0114,CLI0043,2026-02-06,2026-04-15,179.8,112.4,147.4,32.4,Lead,Completed,High,Overallocated,86.7
ALC005721,EMP0181,PRJ0121,CLI0015,2026-01-01,2026-05-29,96.5,60.3,79.1,17.4,Developer,On Hold,Critical,Allocated,79.4
ALC005722,EMP0667,PRJ0135,CLI0022,2026-04-06,2026-08-08,110.1,68.8,90.3,19.8,Support,Completed,Critical,Allocated,72.6
ALC005723,EMP0657,PRJ0107,CLI0032,2026-04-17,2026-05-13,90.7,56.7,74.4,16.3,Tester,Completed,Critical,Underallocated,67.8
ALC005724,EMP0209,PRJ0077,CLI0025,2026-05-10,2026-06-25,113.4,70.9,93.0,20.4,Lead,Completed,Medium,Allocated,83.3
ALC005725,EMP0676,PRJ0142,CLI0026,2026-01-12,2026-04-09,75.5,47.2,61.9,13.6,Analyst,Active,High,Underallocated,94.5
ALC005726,EMP0147,PRJ0049,CLI0043,2026-01-21,2026-05-28,97.1,60.7,79.6,17.5,Analyst,Active,Low,Allocated,90.6
ALC005727,EMP0777,PRJ0023,CLI0035,2026-03-18,2026-05-13,118.1,73.8,96.8,21.3,PM,Active,Low,Allocated,74.4
ALC005728,EMP0629,PRJ0105,CLI0056,2026-04-03,2026-08-05,107.7,67.3,88.3,19.4,PM,On Hold,Medium,Allocated,80.1
ALC005729,EMP0691,PRJ0035,CLI0016,2026-02-05,2026-05-17,12.5,7.8,10.2,2.2,Lead,On Hold,High,Underallocated,93.0
ALC005730,EMP0707,PRJ0052,CLI0022,2026-01-09,2026-02-10,210.9,131.8,172.9,38.0,Developer,Active,Medium,Overallocated,91.0
ALC005731,EMP0586,PRJ0024,CLI0041,2026-05-15,2026-10-06,175.2,109.5,143.7,31.5,Designer,Completed,Low,Overallocated,72.9
ALC005732,EMP0103,PRJ0134,CLI0007,2026-03-20,2026-06-03,65.4,40.9,53.6,11.8,PM,On Hold,High,Underallocated,74.4
ALC005733,EMP0762,PRJ0144,CLI0056,2026-06-17,2026-10-07,87.2,54.5,71.5,15.7,Analyst,Active,High,Underallocated,82.1
ALC005734,EMP0369,PRJ0176,CLI0014,2026-01-16,2026-05-06,105.1,65.7,86.2,18.9,Developer,On Hold,High,Allocated,74.6
ALC005735,EMP0252,PRJ0125,CLI0019,2026-04-02,2026-05-01,138.6,86.6,113.7,24.9,Analyst,Active,Medium,Allocated,91.8
ALC005736,EMP0182,PRJ0041,CLI0044,2026-05-03,2026-07-05,130.9,81.8,107.3,23.6,Lead,Active,Critical,Allocated,90.3
ALC005737,EMP0664,PRJ0012,CLI0020,2026-02-15,2026-07-06,,42.5,55.8,12.2,Tester,Completed,Critical,Underallocated,73.0
ALC005738,EMP0635,PRJ0177,CLI0053,2026-04-04,2026-06-19,205.8,128.6,168.8,37.0,Lead,Completed,Medium,Overallocated,64.0
ALC005739,EMP0799,PRJ0092,CLI0007,2026-03-02,2026-04-26,96.2,60.1,78.9,17.3,Tester,Completed,Critical,Allocated,77.0
ALC005740,EMP0718,PRJ0111,CLI0043,2026-06-03,2026-09-21,184.2,115.1,151.0,33.2,Developer,Completed,Low,Overallocated,74.8
ALC005741,EMP0003,PRJ0060,CLI0022,2026-01-11,2026-02-17,87.8,54.9,72.0,15.8,Lead,On Hold,Medium,Underallocated,85.8
ALC005742,EMP0464,PRJ0128,CLI0044,2026-03-18,2026-08-05,154.2,96.4,126.4,27.8,Support,Completed,Low,Allocated,79.1
ALC005743,EMP0510,PRJ0152,CLI0005,2026-02-12,2026-03-14,127.0,79.4,104.1,22.9,Support,Active,Medium,Allocated,66.7
ALC005744,EMP0262,PRJ0107,CLI0032,2026-05-15,2026-08-31,77.8,48.6,63.8,14.0,Support,Completed,Critical,Underallocated,71.9
ALC005745,EMP0263,PRJ0014,CLI0026,2026-04-15,2026-07-25,135.5,84.7,111.1,24.4,Tester,On Hold,Medium,Allocated,64.6
ALC005746,EMP0583,PRJ0072,CLI0030,2026-03-02,2026-05-14,119.4,74.6,97.9,21.5,Developer,Completed,Medium,Allocated,79.4
ALC005747,EMP0589,PRJ0120,CLI0028,2026-04-19,2026-07-21,149.0,93.1,122.2,26.8,Support,On Hold,High,Allocated,85.8
ALC005748,EMP0135,PRJ0042,CLI0026,2026-04-17,2026-07-02,81.0,50.6,66.4,14.6,Designer,On Hold,Low,Underallocated,68.6
ALC005749,EMP0350,PRJ0097,CLI0018,2026-04-11,2026-06-19,108.6,67.9,89.1,19.5,Lead,Completed,Low,Allocated,60.1
ALC005750,EMP0512,PRJ0177,CLI0053,2026-06-01,2026-09-15,144.3,90.2,118.3,26.0,Lead,Completed,Medium,Allocated,88.6
ALC005751,EMP0029,PRJ0079,CLI0059,2026-01-18,2026-02-10,38.9,24.3,31.9,7.0,Support,Completed,Low,Underallocated,71.0
ALC005752,EMP0641,PRJ0160,CLI0057,2026-05-09,2026-07-08,65.8,41.1,54.0,11.8,Tester,Active,High,Underallocated,82.6
ALC005753,EMP0503,PRJ0153,CLI0030,2026-06-17,2026-07-18,113.6,71.0,93.2,20.4,Tester,On Hold,Low,Allocated,84.1
ALC005754,EMP0143,PRJ0007,CLI0040,2026-06-12,2026-11-04,119.2,74.5,97.7,21.5,Support,Active,Low,Allocated,72.7
ALC005755,EMP0660,PRJ0031,CLI0044,2026-06-15,2026-10-08,108.2,67.6,88.7,19.5,Analyst,On Hold,Critical,Allocated,93.8
ALC005756,EMP0157,PRJ0113,CLI0050,2026-02-15,2026-05-14,144.0,90.0,118.1,25.9,Lead,Completed,Medium,Allocated,66.0
ALC005757,EMP0325,PRJ0062,CLI0038,2026-06-09,2026-08-01,108.0,67.5,88.6,19.4,Support,Active,Medium,Allocated,66.4
ALC005758,EMP0007,PRJ0152,CLI0005,2026-03-10,2026-04-07,153.0,95.6,125.5,27.5,Support,Completed,Critical,Allocated,78.6
ALC005759,EMP0292,PRJ0125,CLI0019,2026-06-02,2026-10-20,125.0,78.1,102.5,22.5,Tester,Active,Low,Allocated,84.2
ALC005760,EMP0010,PRJ0046,CLI0048,2026-01-10,2026-02-09,67.4,42.1,55.3,12.1,Developer,Active,High,Underallocated,90.8
ALC005761,EMP0644,PRJ0095,CLI0017,2026-04-16,2026-06-26,118.4,74.0,97.1,21.3,Analyst,Completed,Critical,Allocated,70.7
ALC005762,EMP0338,PRJ0106,CLI0041,2026-05-15,2026-09-21,108.8,68.0,89.2,19.6,Analyst,Active,High,Allocated,66.2
ALC005763,EMP0537,PRJ0148,CLI0035,2026-02-15,2026-04-30,85.1,53.2,69.8,15.3,PM,Active,High,Underallocated,75.9
ALC005764,EMP0369,PRJ0012,CLI0020,2026-02-02,2026-03-22,51.4,32.1,42.1,9.3,Developer,On Hold,Medium,Underallocated,63.4
ALC005765,EMP0231,PRJ0131,CLI0009,2026-03-13,2026-06-24,64.8,40.5,53.1,11.7,Support,Completed,Critical,Underallocated,74.4
ALC005766,EMP0812,PRJ0069,CLI0021,2026-04-17,2026-08-02,78.1,48.8,64.0,14.1,Lead,Active,Medium,Underallocated,80.7
ALC005767,EMP0788,PRJ0098,CLI0044,2026-03-09,2026-05-12,154.4,96.5,126.6,27.8,PM,On Hold,Low,Allocated,68.0
ALC005768,EMP0412,PRJ0145,CLI0003,2026-06-18,2026-09-30,99.0,61.9,81.2,17.8,Support,On Hold,Medium,Allocated,66.9
ALC005769,EMP0421,PRJ0101,CLI0028,2026-06-04,2026-07-27,161.0,100.6,132.0,29.0,PM,On Hold,Medium,Overallocated,85.7
ALC005770,EMP0546,PRJ0039,CLI0024,2026-06-08,2026-07-24,71.0,44.4,58.2,12.8,Designer,Active,Critical,Underallocated,81.4
ALC005771,EMP0041,PRJ0175,CLI0054,2026-05-01,2026-05-25,83.8,52.4,68.7,15.1,Lead,Completed,Critical,Underallocated,64.0
ALC005772,EMP0348,PRJ0075,CLI0033,2026-06-13,2026-07-17,89.4,55.9,73.3,16.1,Tester,On Hold,Critical,Underallocated,64.8
ALC005773,EMP0136,PRJ0176,CLI0014,2026-04-17,2026-08-07,100.3,62.7,82.2,18.1,Support,Active,Medium,Allocated,66.5
ALC005774,EMP0141,PRJ0007,CLI0040,2026-03-02,2026-06-27,121.6,76.0,99.7,21.9,PM,On Hold,High,Allocated,85.7
ALC005775,EMP0606,PRJ0042,CLI0026,2026-06-20,2026-08-13,137.1,85.7,112.4,24.7,PM,Active,Critical,Allocated,84.9
ALC005776,EMP0231,PRJ0135,CLI0022,2026-03-03,2026-07-28,162.2,101.4,133.0,29.2,PM,On Hold,High,Overallocated,64.3
ALC005777,EMP0076,PRJ0161,CLI0056,2026-01-18,2026-06-14,24.0,15.0,19.7,4.3,Lead,Active,Medium,Underallocated,74.6
ALC005778,EMP0194,PRJ0018,CLI0024,2026-04-05,2026-07-22,193.0,120.6,158.3,34.7,Analyst,Active,Critical,Overallocated,74.2
ALC005779,EMP0384,PRJ0177,CLI0053,2026-06-19,2026-09-14,69.6,43.5,57.1,12.5,PM,On Hold,Critical,Underallocated,61.7
ALC005780,EMP0531,PRJ0095,CLI0017,2026-01-15,2026-04-14,116.0,72.5,95.1,20.9,Support,Active,High,Allocated,88.4
ALC005781,EMP0641,PRJ0132,CLI0013,2026-04-06,2026-07-02,150.4,94.0,123.3,27.1,PM,Completed,Critical,Allocated,61.2
ALC005782,EMP0308,PRJ0059,CLI0017,2026-04-08,2026-08-22,137.8,86.1,113.0,24.8,Analyst,Active,Medium,Allocated,92.6
ALC005783,EMP0653,PRJ0046,CLI0048,2026-04-15,2026-05-19,156.8,98.0,128.6,28.2,Designer,Active,Medium,Allocated,79.1
ALC005784,EMP0478,PRJ0082,CLI0013,2026-05-18,2026-09-17,152.6,95.4,125.1,27.5,Lead,Active,High,Allocated,60.8
ALC005785,EMP0670,PRJ0148,CLI0035,2026-02-05,2026-06-09,128.6,80.4,105.5,23.1,Analyst,On Hold,Medium,Allocated,84.9
ALC005786,EMP0112,PRJ0076,CLI0055,2026-05-20,2026-06-24,142.1,88.8,116.5,25.6,Designer,On Hold,Medium,Allocated,64.7
ALC005787,EMP0089,PRJ0122,CLI0010,2026-03-16,2026-06-14,62.6,39.1,51.3,11.3,Lead,Completed,Medium,Underallocated,75.8
ALC005788,EMP0074,PRJ0105,CLI0056,2026-06-11,2026-08-20,83.5,52.2,68.5,15.0,Lead,Active,Critical,Underallocated,73.2
ALC005789,EMP0618,PRJ0113,CLI0050,2026-02-06,2026-05-10,73.1,45.7,59.9,13.2,Designer,Active,Low,Underallocated,66.0
ALC005790,EMP0261,PRJ0176,CLI0014,2026-03-07,2026-04-30,17.1,10.7,14.0,3.1,Designer,On Hold,Medium,Underallocated,76.6
ALC005791,EMP0515,PRJ0103,CLI0001,2026-02-03,2026-03-21,74.4,46.5,61.0,13.4,Lead,On Hold,Low,Underallocated,86.6
ALC005792,EMP0747,PRJ0034,CLI0045,2026-01-10,2026-05-23,70.6,44.1,57.9,12.7,Developer,Completed,Low,Underallocated,74.2
ALC005793,EMP0339,PRJ0116,CLI0042,2026-03-01,2026-07-18,74.7,46.7,61.3,13.4,PM,Active,Low,Underallocated,63.6
ALC005794,EMP0143,PRJ0162,CLI0012,2026-01-15,2026-03-09,138.7,86.7,113.7,25.0,Support,Active,Medium,Allocated,88.5
ALC005795,EMP0676,PRJ0081,CLI0038,2026-03-01,2026-07-29,81.3,50.8,66.7,14.6,Analyst,Completed,High,Underallocated,73.4
ALC005796,EMP0221,PRJ0154,CLI0005,2026-02-09,2026-06-14,145.8,91.1,119.6,26.2,Developer,Completed,Medium,Allocated,67.9
ALC005797,EMP0555,PRJ0117,CLI0006,2026-03-05,2026-04-04,49.3,30.8,40.4,8.9,Developer,On Hold,High,Underallocated,92.0
ALC005798,EMP0344,PRJ0054,CLI0021,2026-01-03,2026-05-14,85.9,53.7,70.4,15.5,Analyst,On Hold,High,Underallocated,89.1
ALC005799,EMP0087,PRJ0076,CLI0055,2026-02-19,2026-03-31,96.3,60.2,79.0,17.3,Support,On Hold,Medium,Allocated,62.9
ALC005800,EMP0478,PRJ0152,CLI0005,2026-02-15,2026-03-12,159.5,99.7,130.8,28.7,Lead,Active,Low,Allocated,67.0
ALC005801,EMP0020,PRJ0028,CLI0011,2026-05-15,2026-10-03,114.4,71.5,93.8,20.6,Tester,On Hold,High,Allocated,93.4
ALC005802,EMP0704,PRJ0091,CLI0026,2026-06-13,2026-07-31,123.7,77.3,101.4,22.3,Lead,Active,High,Allocated,79.8
ALC005803,EMP0353,,CLI0035,2026-01-01,2026-04-12,68.2,42.6,55.9,12.3,Analyst,Active,Low,Underallocated,88.8
ALC005804,EMP0667,,CLI0003,2026-03-12,2026-06-22,146.1,91.3,119.8,26.3,Developer,Active,Medium,Allocated,85.1
ALC005805,EMP0671,PRJ0056,CLI0042,2026-01-06,2026-04-25,109.6,68.5,89.9,19.7,Tester,Completed,High,Allocated,88.3
ALC005806,EMP0297,PRJ0158,CLI0059,2026-02-17,2026-03-29,41.9,26.2,34.4,7.5,Developer,On Hold,High,Underallocated,86.2
ALC005807,EMP0234,PRJ0143,CLI0032,2026-06-07,2026-08-08,140.0,87.5,114.8,25.2,Lead,Completed,High,Allocated,88.0
ALC005808,EMP0601,PRJ0155,CLI0042,2026-04-20,2026-08-27,123.7,77.3,101.4,22.3,PM,On Hold,Low,Allocated,85.4
ALC005809,EMP0271,PRJ0100,CLI0039,2026-05-01,2026-06-11,98.2,61.4,80.5,17.7,Analyst,On Hold,High,Allocated,65.8
ALC005810,EMP0278,PRJ0081,CLI0038,2026-02-18,2026-06-15,98.2,61.4,80.5,17.7,Tester,Completed,Medium,Allocated,92.6
ALC005811,EMP0304,PRJ0179,CLI0012,2026-06-12,2026-08-13,69.1,43.2,56.7,12.4,Analyst,On Hold,Critical,Underallocated,60.8
ALC005812,EMP0137,PRJ0176,CLI0014,2026-05-11,2026-06-08,158.4,99.0,129.9,28.5,PM,On Hold,High,Allocated,92.0
ALC005813,EMP0320,PRJ0093,CLI0012,2026-01-18,2026-04-10,141.1,88.2,115.7,25.4,PM,On Hold,High,Allocated,71.0
ALC005814,EMP0294,PRJ0147,CLI0001,2026-06-07,2026-10-15,69.6,43.5,57.1,12.5,Developer,On Hold,Low,Underallocated,65.0
ALC005815,EMP0220,PRJ0032,CLI0053,2026-04-14,2026-08-17,114.1,71.3,93.6,20.5,Analyst,Active,High,Allocated,65.0
ALC005816,EMP0129,PRJ0128,CLI0044,2026-03-19,2026-04-22,83.7,52.3,68.6,15.1,Designer,On Hold,Critical,Underallocated,91.0
ALC005817,EMP0417,PRJ0146,CLI0006,2026-01-06,2026-03-13,61.0,38.1,50.0,11.0,Support,Completed,Medium,Underallocated,78.7
ALC005818,EMP0750,PRJ0131,CLI0009,2026-03-18,2026-07-13,174.2,108.9,142.8,31.4,PM,Active,Low,Overallocated,62.0
ALC005819,EMP0689,PRJ0077,CLI0025,2026-01-05,2026-04-01,97.9,61.2,80.3,17.6,Support,Active,Critical,Allocated,65.6
ALC005820,EMP0436,PRJ0162,CLI0012,2026-01-14,2026-03-10,78.4,49.0,64.3,14.1,Tester,Completed,High,Underallocated,84.8
ALC005821,EMP0249,PRJ0151,CLI0036,2026-01-04,2026-03-11,64.3,40.2,52.7,11.6,Designer,Completed,Critical,Underallocated,78.8
ALC005822,EMP0122,PRJ0055,CLI0015,2026-05-12,2026-09-26,102.4,64.0,84.0,18.4,Analyst,Completed,Medium,Allocated,68.9
ALC005823,EMP0041,PRJ0026,CLI0019,2026-04-16,2026-08-12,27.2,17.0,22.3,4.9,Developer,Active,Critical,Underallocated,86.3
ALC005824,EMP0212,PRJ0019,CLI0054,2026-06-06,2026-09-07,105.9,66.2,86.8,19.1,Analyst,On Hold,Low,Allocated,80.1
ALC005825,EMP0495,PRJ0146,CLI0006,2026-02-03,2026-06-24,160.5,100.3,131.6,28.9,Analyst,Active,Critical,Overallocated,73.0
ALC005826,EMP0405,PRJ0138,CLI0018,2026-06-11,2026-07-04,149.1,93.2,122.3,26.8,PM,Active,Medium,Allocated,60.4
ALC005827,EMP0369,PRJ0105,CLI0056,2026-06-11,2026-10-15,131.2,82.0,107.6,23.6,Lead,Active,High,Allocated,71.9
ALC005828,EMP0596,PRJ0147,CLI0001,2026-02-04,2026-04-11,208.2,130.1,170.7,37.5,Developer,Active,Low,Overallocated,68.5
ALC005829,EMP0091,PRJ0178,CLI0030,2026-04-20,2026-07-23,122.2,76.4,100.2,22.0,PM,Active,Low,Allocated,77.8
ALC005830,EMP0085,PRJ0137,CLI0012,2026-05-12,2026-08-05,75.5,47.2,61.9,13.6,PM,On Hold,Critical,Underallocated,74.9
ALC005831,EMP0225,PRJ0156,CLI0002,2026-03-02,2026-05-30,145.4,90.9,119.2,26.2,Developer,On Hold,Low,Allocated,79.8
ALC005832,EMP0647,PRJ0165,CLI0030,2026-05-13,2026-06-06,117.4,73.4,96.3,21.1,Developer,Active,Low,Allocated,73.0
ALC005833,EMP0694,PRJ0174,CLI0032,2026-02-07,2026-03-06,113.6,71.0,93.2,20.4,Tester,On Hold,Medium,Allocated,69.3
ALC005834,EMP0608,PRJ0106,CLI0041,2026-06-13,2026-10-17,123.8,77.4,101.5,22.3,PM,Active,High,Allocated,63.7
ALC005835,EMP0650,PRJ0155,CLI0042,2026-02-16,2026-05-20,96.2,60.1,78.9,17.3,Designer,Active,Medium,Allocated,94.3
ALC005836,EMP0341,PRJ0105,CLI0056,2026-04-18,2026-06-09,186.7,116.7,153.1,33.6,Analyst,Completed,Low,Overallocated,68.9
ALC005837,EMP0413,PRJ0125,CLI0019,2026-06-17,2026-08-06,46.9,29.3,38.5,8.4,Support,On Hold,Low,Underallocated,61.8
ALC005838,EMP0188,PRJ0103,CLI0001,2026-06-15,2026-11-08,144.6,90.4,118.6,26.0,Tester,On Hold,High,Allocated,90.4
ALC005839,EMP0496,PRJ0107,CLI0032,2026-01-18,2026-06-13,117.3,73.3,96.2,21.1,Developer,Completed,High,Allocated,63.5
ALC005840,EMP0751,PRJ0133,CLI0044,2026-05-12,2026-09-16,130.2,81.4,106.8,23.4,Developer,On Hold,Critical,Allocated,75.0
ALC005841,EMP0058,PRJ0139,CLI0008,2026-05-09,2026-08-12,96.8,60.5,79.4,17.4,Support,On Hold,Critical,Allocated,73.4
ALC005842,EMP0668,PRJ0078,CLI0031,2026-05-08,2026-09-17,172.5,107.8,141.4,31.0,PM,Completed,Medium,Overallocated,67.0
ALC005843,EMP0367,PRJ0025,CLI0003,2026-04-19,2026-06-05,147.4,92.1,120.9,26.5,PM,Completed,Critical,Allocated,72.0
ALC005844,EMP0759,PRJ0160,CLI0057,2026-05-18,2026-07-27,81.1,50.7,66.5,14.6,PM,On Hold,Critical,Underallocated,74.5
ALC005845,EMP0396,PRJ0094,CLI0008,2026-06-14,2026-07-09,156.8,98.0,128.6,28.2,Developer,Completed,High,Allocated,61.2
ALC005846,EMP0170,PRJ0135,CLI0022,2026-06-11,2026-08-14,124.0,77.5,101.7,22.3,PM,Active,Medium,Allocated,71.3
ALC005847,EMP0088,PRJ0020,CLI0049,2026-02-18,2026-06-25,88.6,55.4,72.7,15.9,Analyst,Active,High,Underallocated,74.4
ALC005848,EMP0464,PRJ0071,CLI0036,2026-05-14,2026-09-12,44.3,27.7,36.3,8.0,PM,Active,High,Underallocated,67.7
ALC005849,EMP0033,PRJ0010,CLI0035,2026-03-18,2026-08-01,142.7,89.2,117.0,25.7,Designer,Active,High,Allocated,78.5
ALC005850,EMP0793,PRJ0173,CLI0012,2026-03-10,2026-06-30,83.0,51.9,68.1,14.9,PM,On Hold,High,Underallocated,81.2
ALC005851,EMP0242,PRJ0035,CLI0016,2026-05-14,2026-10-05,133.1,83.2,109.1,24.0,Support,Active,Medium,Allocated,71.3
ALC005852,EMP0598,PRJ0067,CLI0015,2026-06-19,2026-09-16,170.4,106.5,139.7,30.7,Support,Completed,Medium,Overallocated,75.2
ALC005853,EMP0089,PRJ0066,CLI0051,2026-03-18,2026-04-26,79.5,49.7,65.2,14.3,Lead,Completed,High,Underallocated,61.9
ALC005854,EMP0047,PRJ0080,CLI0026,2026-04-07,2026-07-27,165.8,103.6,136.0,29.8,Support,Completed,Low,Overallocated,92.8
ALC005855,EMP0758,PRJ0054,CLI0021,2026-03-05,2026-07-27,66.1,41.3,54.2,11.9,Developer,Completed,Critical,Underallocated,85.9
ALC005856,EMP0166,PRJ0158,CLI0059,2026-01-12,2026-06-04,171.4,107.1,140.5,30.9,Designer,Active,Critical,Overallocated,64.3
ALC005857,EMP0431,PRJ0176,CLI0014,2026-01-14,2026-04-16,184.8,115.5,151.5,33.3,PM,Active,Low,Overallocated,71.4
ALC005858,EMP0619,PRJ0095,CLI0017,2026-03-03,2026-05-21,148.0,92.5,121.4,26.6,Lead,On Hold,Critical,Allocated,78.1
ALC005859,EMP0838,PRJ0008,CLI0052,2026-03-09,2026-05-08,129.6,,106.3,23.3,Tester,On Hold,High,Allocated,62.6
ALC005860,EMP0200,PRJ0025,CLI0003,2026-05-19,2026-08-10,147.7,92.3,121.1,26.6,PM,Active,Medium,Allocated,68.3
ALC005861,EMP0093,PRJ0156,CLI0002,2026-03-13,2026-04-11,98.6,61.6,80.9,17.7,Lead,Completed,Medium,Allocated,74.8
ALC005862,EMP0795,PRJ0128,CLI0044,2026-03-20,2026-05-03,58.9,36.8,48.3,10.6,Tester,On Hold,High,Underallocated,76.4
ALC005863,EMP0534,PRJ0164,CLI0018,2026-05-16,2026-08-15,82.4,51.5,67.6,14.8,PM,On Hold,Critical,Underallocated,91.5
ALC005864,EMP0385,PRJ0018,CLI0024,2026-03-07,2026-05-03,203.5,127.2,166.9,36.6,PM,Completed,Critical,Overallocated,94.5
ALC005865,EMP0222,PRJ0071,CLI0036,2026-01-06,2026-05-07,65.4,40.9,53.6,11.8,PM,Active,Medium,Underallocated,61.1
ALC005866,EMP0078,PRJ0133,CLI0044,2026-05-13,2026-08-04,150.4,94.0,123.3,27.1,Analyst,Active,Medium,Allocated,85.3
ALC005867,EMP0698,PRJ0144,CLI0056,2026-01-05,2026-04-24,107.5,67.2,88.1,19.3,Designer,On Hold,Critical,Allocated,77.5
ALC005868,EMP0849,PRJ0042,CLI0026,2026-02-03,2026-06-19,97.8,61.1,80.2,17.6,PM,On Hold,Critical,Allocated,88.3
ALC005869,EMP0230,PRJ0079,CLI0059,2026-04-14,2026-08-26,179.5,112.2,147.2,32.3,PM,Completed,Critical,Overallocated,69.5
ALC005870,EMP0053,PRJ0074,CLI0006,2026-02-14,2026-03-16,115.7,72.3,94.9,20.8,PM,On Hold,Critical,Allocated,90.2
ALC005871,EMP0840,PRJ0052,CLI0022,2026-03-01,2026-06-23,149.3,93.3,122.4,26.9,Lead,Completed,Critical,Allocated,94.7
ALC005872,EMP0313,PRJ0142,CLI0026,2026-05-19,2026-08-12,208.0,130.0,170.6,37.4,Designer,Active,Critical,Overallocated,89.5
ALC005873,EMP0462,PRJ0150,CLI0003,2026-01-09,2026-03-18,103.7,64.8,85.0,18.7,Lead,On Hold,High,Allocated,74.3
ALC005874,EMP0794,PRJ0158,CLI0059,2026-02-07,2026-04-03,130.9,81.8,107.3,23.6,Lead,On Hold,Low,Allocated,76.9
ALC005875,EMP0738,PRJ0179,CLI0012,2026-01-13,2026-03-15,140.2,87.6,115.0,25.2,Lead,Active,High,Allocated,69.0
ALC005876,EMP0750,PRJ0169,CLI0060,2026-03-10,2026-04-18,99.0,61.9,81.2,17.8,Lead,On Hold,High,Allocated,77.2
ALC005877,EMP0475,PRJ0178,CLI0030,2026-03-07,2026-06-06,131.7,82.3,108.0,23.7,Lead,On Hold,High,Allocated,65.6
ALC005878,EMP0480,PRJ0012,CLI0020,2026-05-10,2026-10-07,157.1,98.2,128.8,28.3,Developer,Active,Critical,Allocated,92.0
ALC005879,EMP0813,PRJ0105,CLI0056,2026-04-21,2026-06-01,143.4,89.6,117.6,25.8,Lead,Active,Critical,Allocated,86.8
ALC005880,EMP0291,PRJ0081,CLI0038,2026-01-01,2026-03-02,116.6,72.9,95.6,21.0,Developer,On Hold,High,Allocated,88.4
ALC005881,EMP0026,PRJ0108,CLI0055,2026-04-01,2026-07-30,8.0,5.0,6.6,1.4,Analyst,Completed,High,Underallocated,83.6
ALC005882,EMP0439,PRJ0002,CLI0046,2026-05-08,2026-06-06,54.1,33.8,44.4,9.7,PM,Active,High,Underallocated,85.5
ALC005883,EMP0515,PRJ0004,CLI0056,2026-02-08,2026-07-06,185.4,115.9,152.0,33.4,Tester,On Hold,Critical,Overallocated,66.7
ALC005884,EMP0412,PRJ0173,CLI0012,2026-01-21,2026-02-14,73.8,46.1,60.5,13.3,Lead,Active,Critical,Underallocated,81.6
ALC005885,EMP0598,PRJ0038,CLI0059,2026-06-08,2026-09-04,158.7,99.2,130.1,28.6,Support,Active,Critical,Allocated,81.7
ALC005886,EMP0316,PRJ0005,CLI0011,2026-03-08,2026-04-27,62.9,39.3,51.6,11.3,Tester,On Hold,Medium,Underallocated,70.7
ALC005887,EMP0330,PRJ0132,CLI0013,2026-06-03,2026-08-12,73.4,45.9,60.2,13.2,Lead,Completed,Critical,Underallocated,78.2
ALC005888,EMP0516,PRJ0077,CLI0025,2026-05-17,2026-07-14,139.2,87.0,114.1,25.1,Developer,On Hold,Critical,Allocated,76.6
ALC005889,EMP0803,PRJ0127,CLI0026,2026-06-11,2026-09-28,174.2,108.9,142.8,31.4,Tester,On Hold,Critical,Overallocated,69.8
ALC005890,EMP0736,PRJ0063,CLI0016,2026-02-09,2026-03-13,138.1,86.3,113.2,24.9,Analyst,On Hold,Critical,Allocated,83.9
ALC005891,EMP0019,PRJ0174,CLI0032,2026-03-13,2026-05-28,126.2,78.9,103.5,22.7,Analyst,On Hold,Low,Allocated,68.1
ALC005892,EMP0263,PRJ0145,CLI0003,2026-01-20,2026-02-11,57.6,36.0,47.2,10.4,Analyst,Active,Low,Underallocated,84.0
ALC005893,EMP0815,PRJ0047,CLI0018,2026-01-06,2026-02-10,26.9,16.8,22.1,4.8,Designer,Completed,Critical,Underallocated,74.5
ALC005894,EMP0096,PRJ0157,CLI0044,2026-06-02,2026-08-17,94.7,59.2,77.7,17.0,Support,Active,Critical,Underallocated,83.9
ALC005895,EMP0372,PRJ0013,CLI0048,2026-04-20,2026-06-13,118.2,73.9,96.9,21.3,Developer,On Hold,Low,Allocated,79.7
ALC005896,EMP0574,PRJ0117,CLI0006,2026-01-14,2026-04-10,109.9,68.7,90.1,19.8,PM,On Hold,Low,Allocated,78.8
ALC005897,EMP0519,PRJ0170,CLI0032,2026-02-18,2026-07-17,200.5,125.3,164.4,36.1,Developer,Completed,Critical,Overallocated,67.3
ALC005898,EMP0188,PRJ0021,CLI0060,2026-06-02,2026-07-24,50.2,31.4,41.2,9.0,Lead,Active,Medium,Underallocated,74.6
ALC005899,EMP0817,PRJ0100,CLI0039,2026-05-01,2026-09-17,99.8,62.4,81.8,18.0,PM,Active,Low,Allocated,77.7
ALC005900,EMP0380,PRJ0018,CLI0024,2026-01-07,2026-05-31,178.9,111.8,146.7,32.2,Lead,On Hold,Critical,Overallocated,78.0
ALC005901,EMP0221,PRJ0017,CLI0050,2026-04-09,2026-08-11,138.1,86.3,113.2,24.9,PM,Active,High,Allocated,60.6
ALC005902,EMP0059,PRJ0140,CLI0018,2026-03-17,2026-06-25,68.2,42.6,55.9,12.3,Developer,On Hold,Critical,Underallocated,83.1
ALC005903,EMP0635,PRJ0041,CLI0044,2026-01-03,2026-02-10,23.4,14.6,19.2,4.2,Developer,Completed,Medium,Underallocated,70.9
ALC005904,EMP0288,PRJ0060,CLI0022,2026-01-01,2026-04-24,96.3,60.2,79.0,17.3,Analyst,Active,High,Allocated,85.7
ALC005905,EMP0264,PRJ0004,CLI0056,2026-02-07,2026-04-15,71.5,44.7,58.6,12.9,PM,Completed,Medium,Underallocated,62.8
ALC005906,EMP0357,PRJ0056,CLI0042,2026-04-21,2026-06-26,94.2,58.9,77.2,17.0,Designer,Active,Critical,Underallocated,81.7
ALC005907,EMP0072,PRJ0062,CLI0038,2026-06-19,2026-09-29,203.5,127.2,166.9,36.6,Designer,Active,High,Overallocated,73.8
ALC005908,EMP0714,PRJ0053,CLI0011,2026-02-10,2026-03-08,71.5,44.7,58.6,12.9,Tester,Active,Critical,Underallocated,89.0
ALC005909,EMP0605,PRJ0145,CLI0003,2026-05-14,2026-09-11,86.1,53.8,70.6,15.5,PM,Completed,Critical,Underallocated,83.7
ALC005910,EMP0143,PRJ0127,CLI0026,2026-03-11,2026-05-12,148.5,92.8,121.8,26.7,Lead,On Hold,Critical,Allocated,94.3
ALC005911,EMP0490,PRJ0129,CLI0019,2026-03-18,2026-04-26,123.8,77.4,101.5,22.3,Support,Completed,Critical,Allocated,65.8
ALC005912,EMP0809,PRJ0180,CLI0006,2026-03-07,2026-07-28,172.0,107.5,141.0,31.0,Analyst,Completed,Medium,Overallocated,60.7
ALC005913,EMP0533,,CLI0030,2026-06-11,2026-07-21,144.8,90.5,118.7,26.1,Analyst,Completed,Critical,Allocated,66.7
ALC005914,EMP0028,PRJ0048,CLI0035,2026-06-01,2026-08-20,84.3,52.7,69.1,15.2,PM,Completed,Medium,Underallocated,87.9
ALC005915,EMP0480,PRJ0072,CLI0030,2026-06-13,2026-09-29,132.6,82.9,108.7,23.9,Tester,Completed,High,Allocated,76.7
ALC005916,EMP0249,PRJ0161,CLI0056,2026-04-13,2026-08-15,116.6,72.9,95.6,21.0,PM,Active,Medium,Allocated,88.8
ALC005917,EMP0221,PRJ0094,CLI0008,2026-02-19,2026-06-05,41.6,26.0,34.1,7.5,PM,On Hold,Critical,Underallocated,84.4
ALC005918,EMP0288,PRJ0122,CLI0010,2026-04-11,2026-06-26,198.6,124.1,162.9,35.7,Designer,Active,High,Overallocated,73.7
ALC005919,EMP0286,PRJ0122,CLI0010,2026-02-11,2026-06-27,69.6,43.5,57.1,12.5,Lead,Completed,Low,Underallocated,60.1
ALC005920,EMP0518,PRJ0125,CLI0019,2026-01-10,2026-03-31,107.7,,88.3,19.4,PM,Active,Critical,Allocated,69.5
ALC005921,EMP0175,PRJ0065,CLI0003,2026-05-04,2026-09-05,93.1,58.2,76.3,16.8,Developer,On Hold,High,Underallocated,72.7
ALC005922,EMP0455,PRJ0110,CLI0054,2026-01-03,2026-02-16,116.6,72.9,95.6,21.0,Lead,Completed,Low,Allocated,85.6
ALC005923,EMP0121,PRJ0053,CLI0011,2026-06-05,2026-10-26,119.7,74.8,98.2,21.5,Designer,On Hold,Low,Allocated,70.1
ALC005924,EMP0721,,CLI0014,2026-02-03,2026-04-25,135.2,84.5,110.9,24.3,Lead,Completed,High,Allocated,91.6
ALC005925,EMP0773,PRJ0035,CLI0016,2026-05-09,2026-05-31,93.0,58.1,76.3,16.7,PM,On Hold,Low,Underallocated,67.3
ALC005926,EMP0410,PRJ0129,CLI0019,2026-03-01,2026-05-22,155.4,97.1,127.4,28.0,Designer,Completed,Low,Allocated,79.4
ALC005927,EMP0519,PRJ0050,CLI0039,2026-01-09,2026-03-01,84.8,53.0,69.5,15.3,Tester,Active,Low,Underallocated,63.6
ALC005928,EMP0709,PRJ0073,CLI0016,2026-03-17,2026-04-19,90.7,56.7,74.4,16.3,Designer,Active,High,Underallocated,93.4
ALC005929,EMP0450,PRJ0026,CLI0019,2026-03-12,2026-07-26,43.2,27.0,35.4,7.8,PM,Completed,High,Underallocated,60.9
ALC005930,EMP0673,PRJ0105,CLI0056,2026-03-11,2026-05-08,121.1,75.7,99.3,21.8,PM,Completed,Low,Allocated,81.2
ALC005931,EMP0312,PRJ0016,CLI0049,2026-06-07,2026-09-26,172.8,108.0,141.7,31.1,Support,Active,Low,Overallocated,75.8
ALC005932,EMP0217,PRJ0169,CLI0060,2026-04-12,2026-08-04,102.1,63.8,83.7,18.4,Designer,Active,Low,Allocated,65.9
ALC005933,EMP0081,PRJ0155,CLI0042,2026-06-17,2026-09-08,182.6,114.1,149.7,32.9,Tester,Active,Critical,Overallocated,73.0
ALC005934,EMP0021,PRJ0017,CLI0050,2026-04-11,2026-07-22,68.3,42.7,56.0,12.3,PM,Completed,Low,Underallocated,81.2
ALC005935,EMP0739,PRJ0041,CLI0044,2026-04-18,2026-08-08,57.8,36.1,47.4,10.4,Support,Active,Low,Underallocated,72.5
ALC005936,EMP0544,PRJ0103,CLI0001,2026-01-06,2026-03-16,167.5,104.7,137.3,30.1,Designer,On Hold,Low,Overallocated,72.4
ALC005937,EMP0618,PRJ0173,CLI0012,2026-05-13,2026-08-22,105.3,65.8,86.3,19.0,Developer,Completed,Critical,Allocated,64.1
ALC005938,EMP0190,PRJ0125,CLI0019,2026-02-07,2026-06-23,73.0,45.6,59.9,13.1,Designer,Active,High,Underallocated,86.5
ALC005939,EMP0491,PRJ0149,CLI0039,2026-01-05,2026-03-26,122.6,76.6,100.5,22.1,PM,Completed,Medium,Allocated,87.6
ALC005940,EMP0511,PRJ0017,CLI0050,2026-06-01,2026-09-22,125.3,78.3,102.7,22.6,Support,Completed,Medium,Allocated,81.8
ALC005941,EMP0439,PRJ0045,CLI0011,2026-02-02,2026-04-19,149.8,93.6,122.8,27.0,Analyst,Completed,Low,Allocated,88.2
ALC005942,EMP0689,PRJ0092,CLI0007,2026-05-13,2026-07-05,98.7,61.7,80.9,17.8,Developer,Active,Medium,Allocated,72.1
ALC005943,EMP0553,PRJ0080,CLI0026,2026-04-14,2026-07-23,57.8,36.1,47.4,10.4,Tester,Completed,High,Underallocated,77.1
ALC005944,EMP0710,PRJ0041,CLI0044,2026-04-03,2026-08-07,101.1,63.2,82.9,18.2,Analyst,Completed,Critical,Allocated,64.0
ALC005945,EMP0280,PRJ0102,CLI0043,2026-02-15,2026-03-30,111.2,69.5,91.2,20.0,Developer,Completed,Medium,Allocated,86.7
ALC005946,EMP0693,PRJ0099,CLI0038,2026-05-14,2026-06-07,157.1,98.2,128.8,28.3,Support,Active,Low,Allocated,93.6
ALC005947,EMP0601,PRJ0163,CLI0044,2026-05-05,2026-09-28,51.7,32.3,42.4,9.3,Lead,Active,Low,Underallocated,73.7
ALC005948,EMP0301,PRJ0155,CLI0042,2026-06-16,2026-08-01,97.0,60.6,79.5,17.5,Developer,Completed,Critical,Allocated,69.3
ALC005949,EMP0360,PRJ0108,CLI0055,2026-04-02,2026-06-25,123.7,77.3,101.4,22.3,Developer,Active,Medium,Allocated,62.7
ALC005950,EMP0366,PRJ0081,CLI0038,2026-03-11,2026-05-31,173.8,108.6,142.5,31.3,Tester,Completed,High,Overallocated,78.2
ALC005951,EMP0141,,CLI0024,2026-05-04,2026-06-28,85.3,53.3,69.9,15.4,Lead,On Hold,High,Underallocated,91.6
ALC005952,EMP0204,PRJ0051,CLI0059,2026-02-02,2026-05-15,79.5,49.7,65.2,14.3,Support,On Hold,Low,Underallocated,87.6
ALC005953,EMP0792,PRJ0059,CLI0017,2026-05-05,2026-06-19,138.6,86.6,113.7,24.9,Lead,Active,Low,Allocated,82.8
ALC005954,EMP0312,PRJ0026,CLI0019,2026-04-06,2026-08-26,21.0,13.1,17.2,3.8,PM,Active,Low,Underallocated,80.0
ALC005955,EMP0844,PRJ0028,CLI0011,2026-04-07,2026-09-04,89.3,55.8,73.2,16.1,Support,Active,High,Underallocated,91.3
ALC005956,EMP0667,PRJ0042,CLI0026,2026-04-19,2026-09-03,135.7,84.8,111.3,24.4,Support,On Hold,High,Allocated,72.4
ALC005957,EMP0300,PRJ0030,CLI0043,2026-05-15,2026-07-27,126.1,78.8,103.4,22.7,PM,On Hold,Medium,Allocated,67.5
ALC005958,EMP0363,PRJ0092,CLI0007,2026-01-17,2026-04-19,120.2,75.1,98.6,21.6,Analyst,On Hold,Medium,Allocated,92.6
ALC005959,EMP0382,PRJ0153,CLI0030,2026-02-14,2026-06-28,46.4,29.0,38.0,8.4,Support,Completed,Critical,Underallocated,64.9
ALC005960,EMP0670,PRJ0163,CLI0044,2026-05-14,2026-09-17,61.0,38.1,50.0,11.0,Designer,Completed,Low,Underallocated,94.5
ALC005961,EMP0025,PRJ0133,CLI0044,2026-05-19,2026-07-21,165.8,103.6,136.0,29.8,PM,Completed,Critical,Overallocated,76.5
ALC005962,EMP0343,PRJ0107,CLI0032,2026-02-04,2026-06-04,108.2,67.6,88.7,19.5,Lead,Completed,Low,Allocated,86.7
ALC005963,EMP0010,PRJ0109,CLI0010,2026-02-04,2026-05-17,103.2,64.5,84.6,18.6,Developer,Active,Low,Allocated,78.2
ALC005964,EMP0123,PRJ0101,CLI0028,2026-06-13,2026-08-17,80.5,50.3,66.0,14.5,PM,Active,Low,Underallocated,86.9
ALC005965,EMP0449,PRJ0055,CLI0015,2026-01-05,2026-02-25,112.8,70.5,92.5,20.3,Analyst,On Hold,Critical,Allocated,86.6
ALC005966,EMP0841,PRJ0161,CLI0056,2026-06-04,2026-06-25,92.5,57.8,75.8,16.6,Tester,On Hold,Critical,Underallocated,70.6
ALC005967,EMP0830,PRJ0118,CLI0008,2026-02-12,2026-04-07,146.2,91.4,119.9,26.3,Analyst,On Hold,Low,Allocated,64.1
ALC005968,EMP0601,PRJ0032,CLI0053,2026-06-01,2026-10-24,69.9,43.7,57.3,12.6,Developer,Completed,High,Underallocated,65.1
ALC005969,EMP0647,PRJ0084,CLI0016,2026-03-11,2026-06-08,145.4,90.9,119.2,26.2,Developer,On Hold,Medium,Allocated,62.6
ALC005970,EMP0581,PRJ0062,CLI0038,2026-03-11,2026-07-04,177.8,111.1,145.8,32.0,Designer,Completed,Low,Overallocated,90.1
ALC005971,EMP0741,PRJ0035,CLI0016,2026-05-01,2026-06-08,136.6,85.4,112.0,24.6,Developer,Completed,Low,Allocated,87.9
ALC005972,EMP0229,PRJ0039,CLI0024,2026-03-05,2026-07-17,62.6,39.1,51.3,11.3,Tester,Completed,High,Underallocated,74.7
ALC005973,EMP0716,PRJ0048,CLI0035,2026-03-14,2026-04-28,144.8,90.5,118.7,26.1,Analyst,On Hold,Critical,Allocated,64.1
ALC005974,EMP0600,PRJ0180,CLI0006,2026-03-07,2026-04-28,92.5,57.8,75.8,16.6,Lead,On Hold,Critical,Underallocated,70.6
ALC005975,EMP0275,PRJ0147,CLI0001,2026-05-02,2026-09-02,91.0,56.9,74.6,16.4,Support,On Hold,Medium,Underallocated,91.4
ALC005976,EMP0580,PRJ0053,CLI0011,2026-05-15,2026-06-20,117.4,73.4,96.3,21.1,Developer,On Hold,Medium,Allocated,86.0
ALC005977,EMP0630,PRJ0054,CLI0021,2026-04-10,2026-06-10,102.1,63.8,83.7,18.4,Developer,Active,Medium,Allocated,63.6
ALC005978,EMP0407,PRJ0171,CLI0001,2026-06-19,2026-09-18,93.4,58.4,76.6,16.8,PM,Active,High,Underallocated,75.1
ALC005979,EMP0015,PRJ0111,CLI0043,2026-05-02,2026-06-14,139.4,87.1,114.3,25.1,Tester,On Hold,Low,Allocated,92.9
ALC005980,EMP0234,PRJ0001,CLI0057,2026-01-21,2026-05-29,116.6,72.9,95.6,21.0,PM,Completed,Low,Allocated,86.3
ALC005981,EMP0286,PRJ0164,CLI0018,2026-05-11,2026-07-06,35.5,22.2,29.1,6.4,PM,Active,Critical,Underallocated,70.0
ALC005982,EMP0762,PRJ0150,CLI0003,2026-03-02,2026-05-13,153.0,95.6,125.5,27.5,Developer,Active,Critical,Allocated,82.8
ALC005983,EMP0698,PRJ0002,CLI0046,2026-05-15,2026-07-03,160.0,100.0,131.2,28.8,Analyst,Completed,Critical,Allocated,75.8
ALC005984,EMP0143,PRJ0009,CLI0015,2026-05-18,2026-09-07,136.0,145.0,111.5,24.5,Lead,Active,High,Allocated,94.1
ALC005985,EMP0456,PRJ0116,CLI0042,2026-02-13,2026-06-24,138.4,86.5,113.5,24.9,Tester,Active,Medium,Allocated,80.2
ALC005986,EMP0668,PRJ0126,CLI0060,2026-01-04,2026-03-29,103.0,64.4,84.5,18.5,Tester,On Hold,Critical,Allocated,88.4
ALC005987,EMP0570,PRJ0107,CLI0032,2026-06-14,2026-08-12,64.2,40.1,52.6,11.6,Tester,Active,Low,Underallocated,66.7
ALC005988,EMP0656,PRJ0049,CLI0043,2026-06-01,2026-09-19,119.0,74.4,97.6,21.4,Designer,Active,Low,Allocated,86.3
ALC005989,EMP0059,PRJ0006,CLI0019,2026-03-14,2026-05-29,173.9,108.7,142.6,31.3,Tester,Completed,Low,Overallocated,70.7
ALC005990,EMP0064,PRJ0035,CLI0016,2026-03-18,2026-05-15,122.9,76.8,100.8,22.1,Developer,Active,High,Allocated,81.2
ALC005991,EMP0752,PRJ0068,CLI0059,2026-06-15,2026-08-21,178.4,111.5,146.3,32.1,Lead,Active,Medium,Overallocated,64.7
ALC005992,EMP0368,PRJ0135,CLI0022,2026-05-12,2026-10-09,180.3,,147.8,32.5,Analyst,Active,Medium,Overallocated,92.5
ALC005993,EMP0355,PRJ0046,CLI0048,2026-01-04,2026-05-08,110.6,69.1,90.7,19.9,PM,On Hold,Critical,Allocated,68.2
ALC005994,EMP0578,PRJ0157,CLI0044,2026-01-03,2026-02-03,93.4,58.4,76.6,16.8,Support,Completed,Medium,Underallocated,91.5
ALC005995,EMP0402,PRJ0071,CLI0036,2026-01-21,2026-06-06,94.9,59.3,77.8,17.1,PM,Active,Medium,Underallocated,70.4
ALC005996,EMP0232,PRJ0133,CLI0044,2026-01-03,2026-04-07,106.9,66.8,87.7,19.2,PM,On Hold,Critical,Allocated,73.6
ALC005997,EMP0067,PRJ0023,CLI0035,2026-04-07,2026-08-23,73.1,45.7,59.9,13.2,Lead,Completed,High,Underallocated,80.5
ALC005998,EMP0023,PRJ0131,CLI0009,2026-04-10,2026-08-01,134.2,83.9,110.0,24.2,Developer,Active,High,Allocated,60.4
ALC005999,EMP0738,PRJ0097,CLI0018,2026-02-19,2026-04-13,150.2,93.9,123.2,27.0,Tester,Completed,Low,Allocated,89.5
ALC006000,EMP0154,PRJ0069,CLI0021,2026-05-21,2026-07-16,37.9,23.7,31.1,6.8,Designer,Completed,Medium,Underallocated,93.0
ALC006001,EMP0810,PRJ0135,CLI0022,2026-06-05,2026-09-10,183.4,114.6,150.4,33.0,Tester,Completed,Medium,Overallocated,71.0
ALC006002,EMP0274,PRJ0109,CLI0010,2026-04-02,2026-08-02,90.9,56.8,74.5,16.4,Analyst,Completed,Low,Underallocated,84.2
ALC006003,EMP0466,PRJ0140,CLI0018,2026-05-19,2026-07-12,100.2,62.6,82.2,18.0,Analyst,On Hold,High,Allocated,69.6
ALC006004,EMP0678,PRJ0041,CLI0044,2026-04-12,2026-07-16,124.3,77.7,101.9,22.4,Lead,Completed,Low,Allocated,86.9
ALC006005,EMP0823,PRJ0170,CLI0032,2026-01-17,2026-04-02,78.4,49.0,64.3,14.1,Tester,Completed,Medium,Underallocated,91.7
ALC006006,EMP0459,PRJ0112,CLI0006,2026-05-02,2026-06-19,88.3,55.2,72.4,15.9,Developer,Active,Critical,Underallocated,73.8
ALC006007,EMP0394,PRJ0042,CLI0026,2026-03-05,2026-07-16,78.7,49.2,64.5,14.2,Developer,On Hold,High,Underallocated,71.5
ALC006008,EMP0084,PRJ0057,CLI0043,2026-05-11,2026-08-07,112.0,70.0,91.8,20.2,Developer,On Hold,Critical,Allocated,70.2
ALC006009,EMP0787,PRJ0029,CLI0058,2026-02-20,2026-04-19,88.8,55.5,72.8,16.0,Tester,Active,Medium,Underallocated,88.8
ALC006010,EMP0704,PRJ0061,CLI0059,2026-04-03,2026-05-10,127.0,79.4,104.1,22.9,Developer,On Hold,Low,Allocated,90.4
ALC006011,EMP0496,PRJ0083,CLI0032,2026-02-21,2026-07-04,59.4,37.1,48.7,10.7,Designer,Completed,High,Underallocated,67.8
ALC006012,EMP0497,PRJ0121,CLI0015,2026-05-05,2026-07-24,129.8,81.1,106.4,23.4,Designer,On Hold,Low,Allocated,64.1
ALC006013,EMP0388,PRJ0171,CLI0001,2026-06-15,2026-08-12,66.9,41.8,54.9,12.0,Developer,Completed,High,Underallocated,93.1
ALC006014,EMP0476,PRJ0005,CLI0011,2026-01-19,2026-06-04,152.5,95.3,125.0,27.4,PM,Completed,Medium,Allocated,85.7
ALC006015,EMP0260,PRJ0149,CLI0039,2026-05-19,2026-10-13,144.5,90.3,118.5,26.0,Tester,Completed,Critical,Allocated,87.6
ALC006016,EMP0639,PRJ0163,CLI0044,2026-01-06,2026-04-26,26.4,16.5,21.6,4.8,Analyst,Active,Low,Underallocated,73.0
ALC006017,EMP0633,PRJ0162,CLI0012,2026-02-03,2026-06-11,145.8,91.1,119.6,26.2,Lead,Completed,Low,Allocated,74.0
ALC006018,EMP0614,PRJ0017,CLI0050,2026-06-04,2026-09-01,8.0,5.0,6.6,1.4,Analyst,Active,Medium,Underallocated,74.3
ALC006019,EMP0006,PRJ0054,CLI0021,2026-03-19,2026-07-06,65.1,40.7,53.4,11.7,Developer,Completed,Critical,Underallocated,92.6
ALC006020,EMP0830,PRJ0160,CLI0057,2026-03-10,2026-05-02,153.3,95.8,125.7,27.6,PM,On Hold,Medium,Allocated,83.7
ALC006021,EMP0650,PRJ0027,CLI0004,2026-04-08,2026-05-02,90.4,56.5,74.1,16.3,Lead,Active,High,Underallocated,71.7
ALC006022,EMP0345,PRJ0168,CLI0016,2026-04-04,2026-05-19,174.4,109.0,143.0,31.4,Support,Active,Medium,Overallocated,91.5
ALC006023,EMP0109,PRJ0015,CLI0015,2026-02-14,2026-04-17,140.3,87.7,115.0,25.3,Developer,Active,Medium,Allocated,89.0
ALC006024,EMP0235,PRJ0104,CLI0018,2026-03-20,2026-08-01,94.9,59.3,77.8,17.1,PM,On Hold,Critical,Underallocated,94.8
ALC006025,EMP0488,PRJ0041,CLI0044,2026-05-04,2026-08-26,89.1,55.7,73.1,16.0,Analyst,Completed,Low,Underallocated,93.5
ALC006026,EMP0155,PRJ0132,CLI0013,2026-03-02,2026-06-26,172.2,107.6,141.2,31.0,Designer,On Hold,High,Overallocated,82.2
ALC006027,EMP0577,PRJ0057,CLI0043,2026-01-01,2026-03-09,92.8,58.0,76.1,16.7,Lead,Active,Critical,Underallocated,88.9
ALC006028,EMP0041,PRJ0022,CLI0037,2026-05-10,2026-06-03,37.6,23.5,30.8,6.8,Support,On Hold,Critical,Underallocated,64.6
ALC006029,EMP0408,PRJ0097,CLI0018,2026-05-08,2026-06-12,74.9,46.8,61.4,13.5,Developer,Active,Medium,Underallocated,75.9
ALC006030,EMP0296,PRJ0002,CLI0046,2026-05-02,2026-06-14,117.0,73.1,95.9,21.1,Support,Active,Medium,Allocated,65.8
ALC006031,EMP0308,PRJ0054,CLI0021,2026-06-10,2026-11-06,80.6,50.4,66.1,14.5,Lead,Completed,Critical,Underallocated,65.3
ALC006032,EMP0133,PRJ0083,CLI0032,2026-01-11,2026-06-10,207.7,129.8,170.3,37.4,Designer,Active,Medium,Overallocated,83.3
ALC006033,EMP0228,PRJ0171,CLI0001,2026-01-07,2026-03-30,86.1,53.8,70.6,15.5,Support,On Hold,High,Underallocated,81.9
ALC006034,EMP0733,PRJ0104,CLI0018,2026-02-13,2026-04-28,87.0,54.4,71.3,15.7,Support,Active,Low,Underallocated,63.6
ALC006035,EMP0831,PRJ0020,CLI0049,2026-06-19,2026-09-08,72.6,45.4,59.5,13.1,Developer,Completed,Critical,Underallocated,71.6
ALC006036,EMP0741,PRJ0102,CLI0043,2026-02-15,2026-06-19,147.2,92.0,120.7,26.5,Tester,Active,Critical,Allocated,60.4
ALC006037,EMP0290,PRJ0127,CLI0026,2026-03-15,2026-06-15,100.8,63.0,82.7,18.1,Tester,Active,Critical,Allocated,63.9
ALC006038,EMP0189,PRJ0046,CLI0048,2026-05-20,2026-10-15,144.5,90.3,118.5,26.0,Analyst,Completed,Low,Allocated,70.7
ALC006039,EMP0230,PRJ0007,CLI0040,2026-01-18,2026-05-17,158.2,98.9,129.7,28.5,Analyst,Active,Critical,Allocated,89.9
ALC006040,EMP0227,PRJ0095,CLI0017,2026-06-14,2026-07-14,126.6,79.1,103.8,22.8,Developer,On Hold,High,Allocated,60.8
ALC006041,EMP0277,PRJ0006,CLI0019,2026-03-19,2026-05-26,124.3,77.7,101.9,22.4,Lead,On Hold,Critical,Allocated,75.0
ALC006042,EMP0256,PRJ0018,CLI0024,2026-06-13,2026-08-13,64.0,40.0,52.5,11.5,Analyst,Active,High,Underallocated,86.1
ALC006043,EMP0103,PRJ0107,CLI0032,2026-03-04,2026-04-19,51.4,32.1,42.1,9.3,Developer,Completed,High,Underallocated,76.5
ALC006044,EMP0616,PRJ0001,CLI0057,2026-03-21,2026-07-02,52.2,32.6,42.8,9.4,PM,On Hold,Critical,Underallocated,70.5
ALC006045,EMP0467,PRJ0078,CLI0031,2026-06-02,2026-09-28,114.9,71.8,94.2,20.7,Developer,On Hold,Low,Allocated,83.7
ALC006046,EMP0197,PRJ0122,CLI0010,2026-02-05,2026-06-26,204.2,127.6,167.4,36.8,PM,Active,Medium,Overallocated,84.1
ALC006047,EMP0790,PRJ0071,CLI0036,2026-02-04,2026-06-08,89.3,55.8,73.2,16.1,PM,Completed,Critical,Underallocated,89.2
ALC006048,EMP0662,PRJ0115,CLI0050,2026-06-18,2026-10-21,153.0,95.6,125.5,27.5,Tester,Active,Low,Allocated,91.4
ALC006049,EMP0465,PRJ0009,CLI0015,2026-03-20,2026-05-28,133.0,83.1,109.1,23.9,Developer,Completed,Critical,Allocated,86.4
ALC006050,EMP0615,PRJ0039,CLI0024,2026-04-18,2026-09-09,113.3,70.8,92.9,20.4,PM,Completed,Critical,Allocated,67.5
ALC006051,EMP0715,PRJ0160,CLI0057,2026-04-09,2026-08-30,102.2,63.9,83.8,18.4,Support,On Hold,Medium,Allocated,89.8
ALC006052,EMP0405,PRJ0112,CLI0006,2026-03-03,2026-07-23,94.7,59.2,77.7,17.0,Tester,Active,Critical,Underallocated,62.7
ALC006053,EMP0365,PRJ0018,CLI0024,2026-05-16,2026-06-21,94.1,58.8,77.2,16.9,Analyst,On Hold,High,Underallocated,82.3
ALC006054,EMP0815,PRJ0104,CLI0018,2026-03-15,2026-05-03,136.2,85.1,111.7,24.5,Support,Completed,High,Allocated,87.2
ALC006055,EMP0130,PRJ0095,CLI0017,2026-03-08,2026-04-15,146.4,91.5,120.0,26.4,Designer,Completed,High,Allocated,79.0
ALC006056,EMP0367,PRJ0124,CLI0045,2026-02-17,2026-07-07,95.0,59.4,77.9,17.1,Designer,Active,High,Underallocated,75.1
ALC006057,EMP0490,PRJ0067,CLI0015,2026-02-06,2026-06-18,94.6,59.1,77.6,17.0,Analyst,On Hold,High,Underallocated,87.3
ALC006058,EMP0642,PRJ0058,CLI0020,2026-05-06,2026-09-30,88.6,55.4,72.7,15.9,Analyst,Active,Medium,Underallocated,78.9
ALC006059,EMP0427,PRJ0119,CLI0048,2026-05-10,2026-07-12,152.0,95.0,124.6,27.4,Support,Completed,Critical,Allocated,76.2
ALC006060,EMP0833,,CLI0006,2026-01-09,2026-05-17,147.2,92.0,120.7,26.5,Designer,On Hold,Medium,Allocated,74.0
ALC006061,EMP0281,PRJ0054,CLI0021,2026-01-19,2026-04-23,171.0,106.9,140.2,30.8,Analyst,On Hold,Low,Overallocated,84.7
ALC006062,EMP0554,PRJ0078,CLI0031,2026-01-12,2026-03-01,79.5,49.7,65.2,14.3,Designer,Completed,Critical,Underallocated,61.4
ALC006063,EMP0442,PRJ0001,CLI0057,2026-03-06,2026-04-04,87.4,54.6,71.7,15.7,Designer,Active,Low,Underallocated,86.7
ALC006064,EMP0164,PRJ0113,CLI0050,2026-01-06,2026-02-10,178.2,111.4,146.1,32.1,Lead,Active,Critical,Overallocated,76.1
ALC006065,EMP0098,PRJ0113,CLI0050,2026-01-07,2026-02-24,165.0,103.1,135.3,29.7,Lead,On Hold,Low,Overallocated,71.9
ALC006066,EMP0833,PRJ0043,CLI0043,2026-05-21,2026-07-05,72.3,45.2,59.3,13.0,Analyst,Completed,High,Underallocated,71.2
ALC006067,EMP0801,PRJ0024,CLI0041,2026-01-08,2026-06-01,76.2,47.6,62.5,13.7,Developer,Active,Medium,Underallocated,82.2
ALC006068,EMP0053,PRJ0034,CLI0045,2026-04-12,2026-08-26,122.1,76.3,100.1,22.0,Lead,On Hold,High,Allocated,73.8
ALC006069,EMP0257,PRJ0171,CLI0001,2026-02-11,2026-04-23,161.6,101.0,132.5,29.1,PM,Completed,Critical,Overallocated,64.1
ALC006070,EMP0596,PRJ0175,CLI0054,2026-06-01,2026-07-09,75.8,47.4,62.2,13.6,Developer,On Hold,High,Underallocated,66.6
ALC006071,EMP0351,PRJ0142,CLI0026,2026-01-06,2026-03-07,115.5,72.2,94.7,20.8,PM,Completed,Low,Allocated,94.7
ALC006072,EMP0102,PRJ0095,CLI0017,2026-06-15,2026-07-17,155.5,97.2,127.5,28.0,Designer,On Hold,Critical,Allocated,91.2
ALC006073,EMP0702,,CLI0006,2026-03-01,2026-04-25,103.8,64.9,85.1,18.7,Analyst,Active,High,Allocated,78.1
ALC006074,EMP0163,PRJ0110,CLI0054,2026-05-12,2026-07-25,109.0,68.1,89.4,19.6,PM,Completed,High,Allocated,92.1
ALC006075,EMP0238,PRJ0065,CLI0003,2026-03-02,2026-04-16,168.8,105.5,138.4,30.4,Lead,Active,Low,Overallocated,87.7
ALC006076,EMP0369,PRJ0152,CLI0005,2026-05-12,2026-08-29,95.4,59.6,78.2,17.2,Lead,Active,High,Underallocated,93.1
ALC006077,EMP0667,PRJ0015,CLI0015,2026-05-01,2026-09-16,162.7,101.7,133.4,29.3,PM,Active,Critical,Overallocated,78.0
ALC006078,EMP0084,PRJ0067,CLI0015,2026-01-19,2026-05-24,106.1,66.3,87.0,19.1,Lead,Completed,Low,Allocated,71.9
ALC006079,EMP0730,PRJ0086,CLI0017,2026-03-12,2026-06-24,68.6,42.9,56.3,12.3,Analyst,Active,High,Underallocated,68.3
ALC006080,EMP0641,PRJ0023,CLI0035,2026-01-08,2026-02-28,134.2,83.9,110.0,24.2,Developer,Active,Medium,Allocated,93.6
ALC006081,EMP0217,PRJ0028,CLI0011,2026-02-21,2026-05-03,87.4,54.6,71.7,15.7,Lead,Active,Critical,Underallocated,79.4
ALC006082,EMP0201,PRJ0036,CLI0045,2026-03-17,2026-05-01,65.1,40.7,53.4,11.7,Support,Active,Medium,Underallocated,69.2
ALC006083,EMP0782,PRJ0046,CLI0048,2026-03-15,2026-04-08,190.6,119.1,156.3,34.3,Tester,Active,Critical,Overallocated,63.5
ALC006084,EMP0208,PRJ0016,CLI0049,2026-03-17,2026-05-20,128.8,80.5,105.6,23.2,Designer,Completed,Low,Allocated,79.7
ALC006085,EMP0106,PRJ0105,CLI0056,2026-01-16,2026-03-02,99.2,62.0,81.3,17.9,Tester,Active,High,Allocated,61.2
ALC006086,EMP0240,PRJ0132,CLI0013,2026-03-12,2026-06-22,100.0,62.5,82.0,18.0,Tester,On Hold,Medium,Allocated,64.4
ALC006087,EMP0803,PRJ0179,CLI0012,2026-06-15,2026-08-01,173.3,108.3,142.1,31.2,Designer,On Hold,High,Overallocated,75.3
ALC006088,EMP0699,PRJ0109,CLI0010,2026-01-01,2026-03-23,176.2,110.1,144.5,31.7,Developer,Active,Medium,Overallocated,77.7
ALC006089,EMP0422,PRJ0094,CLI0008,2026-01-06,2026-02-23,90.2,56.4,74.0,16.2,Developer,Completed,Critical,Underallocated,93.0
ALC006090,EMP0353,PRJ0044,CLI0043,2026-04-02,2026-05-21,122.6,76.6,100.5,22.1,Analyst,On Hold,Low,Allocated,78.3
ALC006091,EMP0784,PRJ0037,CLI0057,2026-01-09,2026-03-22,97.3,60.8,79.8,17.5,Developer,On Hold,Medium,Allocated,82.6
ALC006092,EMP0675,PRJ0117,CLI0006,2026-04-20,2026-06-11,142.7,89.2,117.0,25.7,Tester,On Hold,Critical,Allocated,90.4
ALC006093,EMP0078,PRJ0004,CLI0056,2026-03-10,2026-04-09,97.9,61.2,80.3,17.6,Support,Active,Medium,Allocated,87.6
ALC006094,EMP0599,PRJ0049,CLI0043,2026-02-18,2026-07-01,34.7,21.7,28.5,6.2,Support,On Hold,Low,Underallocated,92.0
ALC006095,EMP0405,PRJ0172,CLI0044,2026-02-13,2026-04-10,70.7,44.2,58.0,12.7,Designer,Active,Critical,Underallocated,74.3
ALC006096,EMP0554,PRJ0131,CLI0009,2026-04-17,2026-07-26,153.6,96.0,126.0,27.6,Lead,Active,Critical,Allocated,79.7
ALC006097,EMP0427,PRJ0024,CLI0041,2026-04-21,2026-07-03,83.2,52.0,68.2,15.0,Analyst,Completed,Low,Underallocated,63.6
ALC006098,EMP0613,PRJ0039,CLI0024,2026-03-14,2026-07-09,143.4,89.6,117.6,25.8,Support,Completed,High,Allocated,81.9
ALC006099,EMP0465,PRJ0142,CLI0026,2026-03-01,2026-07-28,126.9,79.3,104.1,22.8,Developer,Active,Critical,Allocated,90.9
ALC006100,EMP0168,PRJ0151,CLI0036,2026-02-20,2026-04-17,83.5,52.2,68.5,15.0,PM,On Hold,Critical,Underallocated,86.4
ALC006101,EMP0688,PRJ0132,CLI0013,2026-04-08,2026-06-26,105.8,66.1,86.8,19.0,Support,On Hold,Critical,Allocated,64.2
ALC006102,EMP0776,PRJ0123,CLI0039,2026-01-05,2026-03-01,87.0,54.4,71.3,15.7,Analyst,On Hold,Critical,Underallocated,79.5
ALC006103,EMP0744,PRJ0043,CLI0043,2026-02-02,2026-03-02,,60.5,79.4,17.4,Analyst,Active,Low,Allocated,80.9
ALC006104,EMP0460,PRJ0040,CLI0014,2026-05-14,2026-10-08,40.6,25.4,33.3,7.3,Support,Completed,Low,Underallocated,76.2
ALC006105,EMP0752,PRJ0002,CLI0046,2026-04-17,2026-05-07,107.4,67.1,88.1,19.3,Lead,Completed,Medium,Allocated,87.8
ALC006106,EMP0680,PRJ0137,CLI0012,2026-01-11,2026-03-14,88.8,55.5,72.8,16.0,Analyst,Completed,Critical,Underallocated,66.3
ALC006107,EMP0579,PRJ0134,CLI0007,2026-01-12,2026-03-09,115.0,71.9,94.3,20.7,Analyst,On Hold,High,Allocated,63.0
ALC006108,EMP0484,PRJ0034,CLI0045,2026-02-18,2026-03-12,133.1,83.2,109.1,24.0,Support,Active,Medium,Allocated,68.6
ALC006109,EMP0678,PRJ0090,CLI0041,2026-05-21,2026-09-28,136.8,85.5,112.2,24.6,Lead,Active,Low,Allocated,78.7
ALC006110,EMP0705,,CLI0012,2026-02-05,2026-06-11,89.3,55.8,73.2,16.1,PM,On Hold,Low,Underallocated,84.6
ALC006111,EMP0657,PRJ0176,CLI0014,2026-02-12,2026-03-15,86.2,53.9,70.7,15.5,Developer,Completed,Critical,Underallocated,84.6
ALC006112,EMP0817,PRJ0076,CLI0055,2026-04-17,2026-07-11,105.9,66.2,86.8,19.1,Analyst,Completed,High,Allocated,66.4
ALC006113,EMP0546,,CLI0055,2026-06-12,2026-08-25,155.7,97.3,127.7,28.0,Support,Completed,Critical,Allocated,62.8
ALC006114,EMP0298,PRJ0121,CLI0015,2026-06-03,2026-08-11,91.4,57.1,74.9,16.5,Designer,Active,High,Underallocated,91.2
ALC006115,EMP0799,PRJ0095,CLI0017,2026-01-02,2026-03-21,84.6,52.9,69.4,15.2,Tester,Completed,High,Underallocated,68.3
ALC006116,EMP0133,PRJ0014,CLI0026,2026-01-11,2026-04-12,68.0,42.5,55.8,12.2,Support,On Hold,Medium,Underallocated,69.3
ALC006117,EMP0515,PRJ0154,CLI0005,2026-06-14,2026-08-16,132.3,82.7,108.5,23.8,PM,On Hold,Medium,Allocated,91.2
ALC006118,EMP0578,PRJ0049,CLI0043,2026-02-03,2026-06-08,100.3,145.0,82.2,18.1,Tester,On Hold,Low,Allocated,93.0
ALC006119,EMP0579,PRJ0099,CLI0038,2026-05-11,2026-06-16,71.8,44.9,58.9,12.9,PM,Active,Low,Underallocated,82.7
ALC006120,EMP0166,PRJ0016,CLI0049,2026-04-20,2026-05-12,80.2,50.1,65.8,14.4,Tester,Active,Medium,Underallocated,69.2
ALC006121,EMP0257,PRJ0025,CLI0003,2026-05-12,2026-09-07,138.7,86.7,113.7,25.0,Developer,Completed,Medium,Allocated,76.1
ALC006122,EMP0425,PRJ0033,CLI0030,2026-05-02,2026-07-10,117.8,73.6,96.6,21.2,PM,On Hold,Low,Allocated,88.3
ALC006123,EMP0358,PRJ0047,CLI0018,2026-04-11,2026-05-07,85.3,53.3,69.9,15.4,Designer,Completed,Low,Underallocated,86.4
ALC006124,EMP0762,PRJ0005,CLI0011,2026-04-07,2026-09-01,135.0,84.4,110.7,24.3,Lead,Active,Critical,Allocated,80.8
ALC006125,EMP0568,PRJ0032,CLI0053,2026-05-17,2026-08-12,153.4,95.9,125.8,27.6,Support,Completed,High,Allocated,93.1
ALC006126,EMP0734,PRJ0094,CLI0008,2026-03-13,2026-05-11,138.2,86.4,113.3,24.9,Tester,On Hold,Medium,Allocated,68.2
ALC006127,EMP0506,PRJ0025,CLI0003,2026-06-10,2026-09-04,120.3,75.2,98.6,21.7,PM,Completed,Low,Allocated,62.3
ALC006128,EMP0167,PRJ0135,CLI0022,2026-01-10,2026-04-19,179.0,111.9,146.8,32.2,Developer,Completed,Low,Overallocated,93.5
ALC006129,EMP0210,PRJ0099,CLI0038,2026-03-09,2026-06-08,165.0,103.1,135.3,29.7,Tester,Active,Low,Overallocated,71.8
ALC006130,EMP0631,PRJ0152,CLI0005,2026-02-18,2026-04-16,114.6,71.6,94.0,20.6,Lead,Active,High,Allocated,67.2
ALC006131,EMP0098,PRJ0083,CLI0032,2026-06-21,2026-07-13,152.3,95.2,124.9,27.4,Designer,On Hold,Low,Allocated,77.8
ALC006132,EMP0510,PRJ0052,CLI0022,2026-04-19,2026-06-26,138.1,86.3,113.2,24.9,Developer,Completed,Low,Allocated,72.0
ALC006133,EMP0114,PRJ0027,CLI0004,2026-05-03,2026-07-04,90.7,56.7,74.4,16.3,Developer,Completed,High,Underallocated,81.5
ALC006134,EMP0738,PRJ0006,CLI0019,2026-05-13,2026-07-23,176.0,110.0,144.3,31.7,Developer,Completed,High,Overallocated,79.1
ALC006135,EMP0638,PRJ0176,CLI0014,2026-02-08,2026-06-24,179.5,112.2,147.2,32.3,PM,On Hold,High,Overallocated,80.5
ALC006136,EMP0170,PRJ0064,CLI0024,2026-05-04,2026-08-28,159.8,99.9,131.0,28.8,Designer,Active,Medium,Allocated,68.8
ALC006137,EMP0326,PRJ0161,CLI0056,2026-01-12,2026-05-29,137.3,85.8,112.6,24.7,Analyst,Completed,High,Allocated,85.1
ALC006138,EMP0656,PRJ0168,CLI0016,2026-06-07,2026-07-09,149.8,93.6,122.8,27.0,Tester,Completed,High,Allocated,67.4
ALC006139,EMP0564,PRJ0083,CLI0032,2026-01-05,2026-02-23,98.6,61.6,80.9,17.7,Lead,Completed,High,Allocated,65.1
ALC006140,EMP0834,PRJ0059,CLI0017,2026-06-09,2026-08-31,155.8,97.4,127.8,28.0,Lead,Completed,Medium,Allocated,72.1
ALC006141,EMP0307,PRJ0036,CLI0045,2026-06-05,2026-08-29,60.5,37.8,49.6,10.9,Designer,On Hold,Critical,Underallocated,60.3
ALC006142,EMP0622,PRJ0102,CLI0043,2026-05-06,2026-09-13,98.9,61.8,81.1,17.8,Developer,Active,Low,Allocated,89.6
ALC006143,EMP0603,PRJ0127,CLI0026,2026-06-21,2026-10-08,11.7,7.3,9.6,2.1,Designer,Active,Medium,Underallocated,90.4
ALC006144,EMP0447,PRJ0044,CLI0043,2026-01-21,2026-05-09,128.0,80.0,105.0,23.0,Lead,Active,Medium,Allocated,94.4
ALC006145,EMP0545,PRJ0112,CLI0006,2026-03-18,2026-04-09,153.1,95.7,125.5,27.6,Lead,On Hold,High,Allocated,67.0
ALC006146,EMP0210,PRJ0172,CLI0044,2026-01-14,2026-02-21,177.9,111.2,145.9,32.0,Designer,On Hold,Medium,Overallocated,84.2
ALC006147,EMP0051,PRJ0082,CLI0013,2026-01-11,2026-04-08,103.4,,84.8,18.6,Developer,Completed,Critical,Allocated,92.3
ALC006148,EMP0694,PRJ0041,CLI0044,2026-05-07,2026-09-17,121.3,75.8,99.5,21.8,Analyst,Completed,Medium,Allocated,88.0
ALC006149,EMP0484,PRJ0028,CLI0011,2026-01-02,2026-05-11,111.4,69.6,91.3,20.1,Developer,Active,Critical,Allocated,81.9
ALC006150,EMP0027,PRJ0142,CLI0026,2026-05-06,2026-09-06,184.3,145.0,151.1,33.2,Support,Active,High,Overallocated,68.9
ALC006151,EMP0108,PRJ0118,CLI0008,2026-02-21,2026-06-18,125.3,78.3,102.7,22.6,Support,On Hold,Low,Allocated,60.4
ALC006152,EMP0614,PRJ0097,CLI0018,2026-01-02,2026-02-20,186.2,116.4,152.7,33.5,Designer,Completed,Medium,Overallocated,85.3
ALC006153,EMP0613,PRJ0123,CLI0039,2026-05-19,2026-06-14,161.8,101.1,132.7,29.1,PM,On Hold,Medium,Overallocated,77.9
ALC006154,EMP0309,PRJ0178,CLI0030,2026-03-08,2026-06-20,142.1,88.8,116.5,25.6,Designer,Completed,Critical,Allocated,74.7
ALC006155,EMP0135,PRJ0148,CLI0035,2026-03-15,2026-06-03,89.8,56.1,73.6,16.2,Lead,Completed,High,Underallocated,74.9
ALC006156,EMP0206,PRJ0140,CLI0018,2026-05-17,2026-06-25,68.6,42.9,56.3,12.3,Analyst,Active,High,Underallocated,78.4
ALC006157,EMP0746,PRJ0008,CLI0052,2026-05-21,2026-08-06,115.5,72.2,94.7,20.8,Analyst,On Hold,Critical,Allocated,84.0
ALC006158,EMP0698,PRJ0015,CLI0015,2026-05-11,2026-09-14,115.8,72.4,95.0,20.8,PM,Completed,High,Allocated,83.7
ALC006159,EMP0017,PRJ0043,CLI0043,2026-03-09,2026-07-30,65.4,40.9,53.6,11.8,PM,Active,High,Underallocated,60.4
ALC006160,EMP0250,PRJ0144,CLI0056,2026-03-19,2026-08-06,155.4,145.0,127.4,28.0,PM,On Hold,Low,Allocated,84.3
ALC006161,EMP0766,PRJ0140,CLI0018,2026-04-03,2026-06-11,119.4,74.6,97.9,21.5,Tester,On Hold,Medium,Allocated,93.4
ALC006162,EMP0408,PRJ0143,CLI0032,2026-01-06,2026-05-01,135.5,84.7,111.1,24.4,Designer,Active,High,Allocated,70.9
ALC006163,EMP0408,PRJ0127,CLI0026,2026-05-17,2026-06-23,180.0,112.5,147.6,32.4,Lead,Active,Low,Overallocated,92.1
ALC006164,EMP0035,PRJ0144,CLI0056,2026-02-08,2026-05-23,81.0,50.6,66.4,14.6,Support,Completed,High,Underallocated,76.3
ALC006165,EMP0140,PRJ0066,CLI0051,2026-05-05,2026-06-21,28.6,17.9,23.5,5.1,Lead,Completed,Critical,Underallocated,71.1
ALC006166,EMP0441,PRJ0047,CLI0018,2026-03-21,2026-07-12,88.5,55.3,72.6,15.9,Designer,Completed,Low,Underallocated,70.4
ALC006167,EMP0012,,CLI0038,2026-03-20,2026-05-01,181.1,113.2,148.5,32.6,Designer,Active,High,Overallocated,85.7
ALC006168,EMP0299,PRJ0023,CLI0035,2026-05-08,2026-07-26,112.3,70.2,92.1,20.2,PM,On Hold,High,Allocated,67.1
ALC006169,EMP0025,PRJ0119,CLI0048,2026-01-16,2026-03-30,104.5,65.3,85.7,18.8,Developer,On Hold,Critical,Allocated,92.5
ALC006170,EMP0565,PRJ0156,CLI0002,2026-04-01,2026-07-10,91.4,57.1,74.9,16.5,Developer,Completed,Critical,Underallocated,66.8
ALC006171,EMP0461,PRJ0001,CLI0057,2026-06-06,2026-09-12,111.7,69.8,91.6,20.1,Designer,On Hold,Critical,Allocated,71.1
ALC006172,EMP0131,PRJ0002,CLI0046,2026-05-17,2026-08-01,89.1,,73.1,16.0,Developer,Active,Low,Underallocated,65.5
ALC006173,EMP0618,PRJ0157,CLI0044,2026-02-16,2026-06-30,92.3,57.7,75.7,16.6,Support,Completed,Medium,Underallocated,73.1
ALC006174,EMP0269,PRJ0049,CLI0043,2026-03-19,2026-07-02,153.9,96.2,126.2,27.7,PM,Completed,Medium,Allocated,68.4
ALC006175,EMP0513,PRJ0011,CLI0024,2026-01-08,2026-04-07,215.7,,176.9,38.8,Designer,Completed,Medium,Overallocated,64.9
ALC006176,EMP0792,PRJ0155,CLI0042,2026-05-17,2026-08-13,78.2,48.9,64.1,14.1,Designer,Completed,Low,Underallocated,90.8
ALC006177,EMP0115,PRJ0133,CLI0044,2026-04-19,2026-06-29,90.6,56.6,74.3,16.3,PM,On Hold,Low,Underallocated,70.3
ALC006178,EMP0117,PRJ0151,CLI0036,2026-01-10,2026-03-31,89.8,56.1,73.6,16.2,Tester,Completed,Medium,Underallocated,90.4
ALC006179,EMP0535,PRJ0070,CLI0013,2026-04-10,2026-08-10,175.7,109.8,144.1,31.6,Analyst,Active,High,Overallocated,92.9
ALC006180,EMP0803,PRJ0031,CLI0044,2026-05-19,2026-07-31,142.4,89.0,116.8,25.6,PM,On Hold,High,Allocated,80.7
ALC006181,EMP0379,PRJ0059,CLI0017,2026-04-07,2026-07-19,101.8,63.6,83.5,18.3,Lead,Active,Medium,Allocated,94.7
ALC006182,EMP0636,PRJ0136,CLI0003,2026-03-06,2026-04-12,91.8,57.4,75.3,16.5,PM,Completed,Medium,Underallocated,65.8
ALC006183,EMP0316,PRJ0114,CLI0043,2026-01-08,2026-05-15,174.6,109.1,143.2,31.4,Lead,Active,Critical,Overallocated,83.6
ALC006184,EMP0307,PRJ0029,CLI0058,2026-04-17,2026-07-02,113.6,71.0,93.2,20.4,Developer,Completed,Medium,Allocated,71.7
ALC006185,EMP0383,PRJ0139,CLI0008,2026-06-14,2026-10-23,110.4,69.0,90.5,19.9,Analyst,On Hold,Critical,Allocated,65.2
ALC006186,EMP0284,PRJ0054,CLI0021,2026-01-15,2026-05-21,25.6,16.0,21.0,4.6,Analyst,Completed,High,Underallocated,73.6
ALC006187,EMP0375,PRJ0030,CLI0043,2026-01-19,2026-03-06,143.8,89.9,117.9,25.9,Designer,Completed,Low,Allocated,91.7
ALC006188,EMP0843,PRJ0078,CLI0031,2026-01-06,2026-03-20,111.7,69.8,91.6,20.1,Analyst,On Hold,Low,Allocated,81.3
ALC006189,EMP0094,PRJ0091,CLI0026,2026-03-15,2026-06-22,116.3,72.7,95.4,20.9,Analyst,On Hold,Medium,Allocated,93.3
ALC006190,EMP0529,PRJ0038,CLI0059,2026-02-10,2026-07-06,116.2,72.6,95.3,20.9,PM,Completed,Critical,Allocated,60.4
ALC006191,EMP0122,PRJ0027,CLI0004,2026-06-14,2026-10-05,149.6,93.5,122.7,26.9,Support,On Hold,Low,Allocated,80.0
ALC006192,EMP0080,PRJ0177,CLI0053,2026-04-02,2026-08-11,22.7,14.2,18.6,4.1,PM,On Hold,Critical,Underallocated,62.2
ALC006193,EMP0529,PRJ0151,CLI0036,2026-05-19,2026-07-07,64.2,40.1,52.6,11.6,Support,Completed,Critical,Underallocated,85.6
ALC006194,EMP0633,PRJ0041,CLI0044,2026-03-18,2026-07-27,190.4,119.0,156.1,34.3,Developer,Completed,Critical,Overallocated,87.7
ALC006195,EMP0082,PRJ0070,CLI0013,2026-03-03,2026-07-09,62.9,39.3,51.6,11.3,Lead,Completed,Medium,Underallocated,73.1
ALC006196,EMP0687,PRJ0044,CLI0043,2026-01-19,2026-04-18,,50.9,66.7,14.7,Lead,Active,Critical,Underallocated,89.2
ALC006197,EMP0509,PRJ0167,CLI0027,2026-05-12,2026-06-19,162.1,101.3,132.9,29.2,Developer,Active,Low,Overallocated,62.7
ALC006198,EMP0554,PRJ0147,CLI0001,2026-03-18,2026-08-05,114.1,71.3,93.6,20.5,Developer,On Hold,Critical,Allocated,65.4
ALC006199,EMP0697,PRJ0164,CLI0018,2026-03-21,2026-04-21,114.4,71.5,93.8,20.6,PM,On Hold,High,Allocated,69.6
ALC006200,EMP0839,PRJ0144,CLI0056,2026-06-07,2026-07-09,175.7,109.8,144.1,31.6,Tester,Completed,Critical,Overallocated,83.5
ALC006201,EMP0313,PRJ0137,CLI0012,2026-06-09,2026-07-16,,55.6,73.0,16.0,PM,On Hold,Critical,Underallocated,71.7
ALC006202,EMP0350,PRJ0053,CLI0011,2026-04-01,2026-06-03,90.6,56.6,74.3,16.3,Analyst,On Hold,Low,Underallocated,63.1
ALC006203,EMP0491,PRJ0040,CLI0014,2026-04-04,2026-05-25,142.4,89.0,116.8,25.6,Tester,Active,High,Allocated,83.0
ALC006204,EMP0773,PRJ0046,CLI0048,2026-06-06,2026-10-26,118.4,74.0,97.1,21.3,Lead,On Hold,Medium,Allocated,80.9
ALC006205,EMP0069,PRJ0011,CLI0024,2026-01-02,2026-02-08,153.1,95.7,125.5,27.6,Developer,On Hold,Critical,Allocated,80.4
ALC006206,EMP0081,PRJ0116,CLI0042,2026-03-20,2026-06-18,86.2,53.9,70.7,15.5,Designer,On Hold,Medium,Underallocated,94.8
ALC006207,EMP0716,PRJ0130,CLI0056,2026-06-16,2026-08-31,120.0,75.0,98.4,21.6,Support,On Hold,Medium,Allocated,84.3
ALC006208,EMP0259,PRJ0144,CLI0056,2026-03-12,2026-04-09,109.1,68.2,89.5,19.6,Designer,On Hold,Medium,Allocated,93.0
ALC006209,EMP0742,PRJ0054,CLI0021,2026-05-14,2026-08-04,96.3,60.2,79.0,17.3,Lead,On Hold,Low,Allocated,80.8
ALC006210,EMP0023,PRJ0074,CLI0006,2026-05-01,2026-09-05,60.6,37.9,49.7,10.9,Developer,On Hold,Critical,Underallocated,90.6
ALC006211,EMP0564,PRJ0019,CLI0054,2026-05-14,2026-09-02,95.2,59.5,78.1,17.1,Tester,On Hold,Low,Underallocated,80.5
ALC006212,EMP0484,PRJ0066,CLI0051,2026-05-04,2026-10-01,90.4,56.5,74.1,16.3,Designer,Completed,Medium,Underallocated,79.3
ALC006213,EMP0071,PRJ0053,CLI0011,2026-05-09,2026-10-03,162.1,101.3,132.9,29.2,Support,On Hold,Low,Overallocated,65.0
ALC006214,EMP0355,PRJ0180,CLI0006,2026-03-14,2026-04-22,134.7,84.2,110.5,24.2,PM,Active,Critical,Allocated,85.9
ALC006215,EMP0701,PRJ0035,CLI0016,2026-03-04,2026-05-15,129.8,81.1,106.4,23.4,Lead,Completed,Low,Allocated,92.3
ALC006216,EMP0605,PRJ0158,CLI0059,2026-02-13,2026-06-28,104.6,65.4,85.8,18.8,PM,Completed,Critical,Allocated,89.5
ALC006217,EMP0019,PRJ0017,CLI0050,2026-03-10,2026-06-09,76.3,47.7,62.6,13.7,Developer,Active,Low,Underallocated,68.2
ALC006218,EMP0270,PRJ0170,CLI0032,2026-02-18,2026-05-18,121.0,75.6,99.2,21.8,Analyst,On Hold,Low,Allocated,80.7
ALC006219,EMP0798,PRJ0002,CLI0046,2026-03-12,2026-07-04,168.8,105.5,138.4,30.4,Lead,Completed,Medium,Overallocated,61.1
ALC006220,EMP0678,PRJ0055,CLI0015,2026-04-08,2026-05-26,77.6,48.5,63.6,14.0,PM,Completed,Critical,Underallocated,74.2
ALC006221,EMP0821,PRJ0125,CLI0019,2026-02-09,2026-05-27,130.1,81.3,106.7,23.4,Tester,Completed,Critical,Allocated,94.6
ALC006222,EMP0381,PRJ0098,CLI0044,2026-06-17,2026-09-24,93.9,58.7,77.0,16.9,PM,Active,Low,Underallocated,74.1
ALC006223,EMP0175,PRJ0103,CLI0001,2026-06-14,2026-09-02,111.8,,91.7,20.1,Designer,Active,High,Allocated,88.9
ALC006224,EMP0079,PRJ0110,CLI0054,2026-04-02,2026-07-06,105.8,66.1,86.8,19.0,Tester,On Hold,Medium,Allocated,70.5
ALC006225,EMP0267,PRJ0039,CLI0024,2026-02-16,2026-03-22,129.9,81.2,106.5,23.4,Analyst,On Hold,Low,Allocated,73.5
ALC006226,EMP0602,PRJ0119,CLI0048,2026-03-11,2026-04-17,105.8,66.1,86.8,19.0,Analyst,Active,Low,Allocated,94.3
ALC006227,EMP0126,PRJ0097,CLI0018,2026-05-18,2026-06-26,91.8,57.4,75.3,16.5,PM,Completed,Low,Underallocated,74.7
ALC006228,EMP0786,PRJ0063,CLI0016,2026-01-05,2026-03-06,49.0,30.6,40.2,8.8,Developer,Active,Medium,Underallocated,94.9
ALC006229,EMP0671,PRJ0055,CLI0015,2026-01-11,2026-02-14,120.8,75.5,99.1,21.7,Tester,On Hold,High,Allocated,67.2
ALC006230,EMP0613,PRJ0088,CLI0011,2026-03-05,2026-08-01,136.5,85.3,111.9,24.6,Developer,On Hold,High,Allocated,64.1
ALC006231,EMP0066,PRJ0079,CLI0059,2026-06-10,2026-07-29,114.6,71.6,94.0,20.6,Lead,Completed,Low,Allocated,61.7
ALC006232,EMP0305,PRJ0007,CLI0040,2026-03-19,2026-04-10,109.1,68.2,89.5,19.6,Designer,Completed,Low,Allocated,94.8
ALC006233,EMP0615,PRJ0026,CLI0019,2026-04-20,2026-05-28,171.5,107.2,140.6,30.9,PM,Completed,Low,Overallocated,82.8
ALC006234,EMP0197,PRJ0031,CLI0044,2026-03-18,2026-05-22,176.8,110.5,145.0,31.8,PM,Active,Low,Overallocated,75.4
ALC006235,EMP0505,PRJ0031,CLI0044,2026-06-02,2026-10-05,154.9,96.8,127.0,27.9,Analyst,Active,Critical,Allocated,90.2
ALC006236,EMP0017,PRJ0073,CLI0016,2026-01-14,2026-02-09,125.4,78.4,102.8,22.6,Lead,Active,Critical,Allocated,73.6
ALC006237,EMP0165,PRJ0112,CLI0006,2026-06-14,2026-10-22,115.8,72.4,95.0,20.8,Designer,On Hold,Critical,Allocated,86.1
ALC006238,EMP0099,PRJ0161,CLI0056,2026-04-12,2026-06-09,69.9,43.7,57.3,12.6,Tester,Active,Low,Underallocated,62.8
ALC006239,EMP0739,PRJ0007,CLI0040,2026-01-18,2026-05-31,35.8,22.4,29.4,6.4,Developer,Completed,Medium,Underallocated,60.5
ALC006240,EMP0033,PRJ0107,CLI0032,2026-01-06,2026-04-06,166.9,104.3,136.9,30.0,PM,Completed,High,Overallocated,64.5
ALC006241,EMP0385,PRJ0158,CLI0059,2026-05-13,2026-08-31,116.6,72.9,95.6,21.0,Support,Completed,Medium,Allocated,77.2
ALC006242,EMP0076,PRJ0095,CLI0017,2026-06-07,2026-07-31,224.0,140.0,183.7,40.3,PM,Completed,Medium,Overallocated,63.8
ALC006243,EMP0681,PRJ0105,CLI0056,2026-05-21,2026-09-15,88.6,55.4,72.7,15.9,Analyst,Completed,Low,Underallocated,66.9
ALC006244,EMP0661,PRJ0082,CLI0013,2026-04-17,2026-08-25,129.1,80.7,105.9,23.2,Analyst,On Hold,Low,Allocated,94.4
ALC006245,EMP0781,PRJ0010,CLI0035,2026-02-15,2026-04-19,152.8,95.5,125.3,27.5,PM,On Hold,Medium,Allocated,61.2
ALC006246,EMP0503,PRJ0029,CLI0058,2026-04-12,2026-07-31,85.9,53.7,70.4,15.5,Designer,Completed,Low,Underallocated,86.4
ALC006247,EMP0071,PRJ0037,CLI0057,2026-06-16,2026-10-12,101.3,63.3,83.1,18.2,Support,Active,High,Allocated,91.7
ALC006248,EMP0213,PRJ0172,CLI0044,2026-03-08,2026-06-06,104.2,65.1,85.4,18.8,Designer,Active,Medium,Allocated,68.8
ALC006249,EMP0619,PRJ0128,CLI0044,2026-02-05,2026-05-09,95.7,59.8,78.5,17.2,Designer,Active,Low,Underallocated,71.4
ALC006250,EMP0559,PRJ0131,CLI0009,2026-06-01,2026-08-06,128.0,80.0,105.0,23.0,PM,On Hold,High,Allocated,88.5
ALC006251,EMP0008,PRJ0113,CLI0050,2026-06-20,2026-10-02,114.2,71.4,93.6,20.6,Lead,Active,Critical,Allocated,75.4
ALC006252,EMP0507,PRJ0037,CLI0057,2026-06-04,2026-08-22,30.6,19.1,25.1,5.5,Lead,Active,High,Underallocated,80.0
ALC006253,EMP0011,PRJ0088,CLI0011,2026-03-16,2026-04-29,116.5,72.8,95.5,21.0,Designer,On Hold,Critical,Allocated,90.3
ALC006254,EMP0445,PRJ0111,CLI0043,2026-05-13,2026-08-24,126.9,79.3,104.1,22.8,Designer,Active,High,Allocated,91.2
ALC006255,EMP0525,PRJ0087,CLI0046,2026-06-13,2026-08-28,110.4,69.0,90.5,19.9,Support,Active,High,Allocated,70.0
ALC006256,EMP0366,PRJ0062,CLI0038,2026-02-03,2026-02-27,177.9,111.2,145.9,32.0,Analyst,Active,Low,Overallocated,79.3
ALC006257,EMP0117,PRJ0156,CLI0002,2026-05-16,2026-06-28,125.9,78.7,103.2,22.7,PM,Completed,Low,Allocated,82.7
ALC006258,EMP0227,PRJ0168,CLI0016,2026-05-13,2026-10-09,113.0,70.6,92.7,20.3,Support,On Hold,Medium,Allocated,84.8
ALC006259,EMP0572,PRJ0032,CLI0053,2026-02-19,2026-05-13,148.3,92.7,121.6,26.7,Tester,Completed,Low,Allocated,93.6
ALC006260,EMP0376,PRJ0044,CLI0043,2026-01-18,2026-02-22,202.7,126.7,166.2,36.5,Designer,Active,Medium,Overallocated,64.4
ALC006261,EMP0282,PRJ0099,CLI0038,2026-04-11,2026-06-09,106.2,,87.1,19.1,PM,Completed,Medium,Allocated,69.8
ALC006262,EMP0531,PRJ0027,CLI0004,2026-01-08,2026-06-01,154.1,96.3,126.4,27.7,Analyst,Completed,High,Allocated,85.7
ALC006263,EMP0379,PRJ0117,CLI0006,2026-06-08,2026-06-29,185.6,116.0,152.2,33.4,Tester,Active,Medium,Overallocated,76.0
ALC006264,EMP0612,PRJ0025,CLI0003,2026-06-05,2026-08-31,102.7,64.2,84.2,18.5,Developer,Completed,Low,Allocated,90.3
ALC006265,EMP0080,PRJ0102,CLI0043,2026-02-06,2026-02-28,65.1,40.7,53.4,11.7,Designer,On Hold,High,Underallocated,89.4
ALC006266,EMP0331,PRJ0152,CLI0005,2026-05-06,2026-08-20,129.6,81.0,106.3,23.3,Developer,Completed,Medium,Allocated,70.0
ALC006267,EMP0458,PRJ0042,CLI0026,2026-06-12,2026-08-18,165.9,103.7,136.0,29.9,Lead,Completed,Medium,Overallocated,60.4
ALC006268,EMP0366,PRJ0032,CLI0053,2026-01-15,2026-03-17,100.6,62.9,82.5,18.1,Developer,On Hold,Low,Allocated,68.9
ALC006269,EMP0766,PRJ0032,CLI0053,2026-05-20,2026-06-20,155.8,97.4,127.8,28.0,Designer,Active,Low,Allocated,65.8
ALC006270,EMP0348,PRJ0120,CLI0028,2026-02-10,2026-03-14,77.6,48.5,63.6,14.0,Analyst,Completed,Medium,Underallocated,60.8
ALC006271,EMP0497,PRJ0007,CLI0040,2026-06-06,2026-09-03,102.1,63.8,83.7,18.4,Analyst,On Hold,High,Allocated,71.1
ALC006272,EMP0165,PRJ0077,CLI0025,2026-01-20,2026-05-25,108.3,67.7,88.8,19.5,Developer,Completed,Low,Allocated,80.4
ALC006273,EMP0406,PRJ0056,CLI0042,2026-05-19,2026-08-04,106.4,66.5,87.2,19.2,Developer,Active,High,Allocated,62.5
ALC006274,EMP0472,PRJ0174,CLI0032,2026-01-11,2026-05-20,77.6,48.5,63.6,14.0,Analyst,Active,Critical,Underallocated,60.6
ALC006275,EMP0716,PRJ0002,CLI0046,2026-02-14,2026-04-08,98.6,61.6,80.9,17.7,Lead,Active,Medium,Allocated,64.2
ALC006276,EMP0501,PRJ0028,CLI0011,2026-02-06,2026-04-24,33.3,20.8,27.3,6.0,PM,On Hold,Low,Underallocated,86.3
ALC006277,EMP0843,PRJ0013,CLI0048,2026-05-20,2026-06-29,139.7,87.3,114.6,25.1,Developer,On Hold,Critical,Allocated,68.5
ALC006278,EMP0488,PRJ0156,CLI0002,2026-06-14,2026-09-04,113.4,70.9,93.0,20.4,PM,On Hold,Medium,Allocated,81.2
ALC006279,EMP0784,PRJ0037,CLI0057,2026-01-20,2026-04-28,157.9,98.7,129.5,28.4,Lead,Active,Low,Allocated,68.9
ALC006280,EMP0005,PRJ0145,CLI0003,2026-06-12,2026-10-11,108.5,67.8,89.0,19.5,Designer,On Hold,Medium,Allocated,61.7
ALC006281,EMP0633,PRJ0001,CLI0057,2026-03-16,2026-06-20,40.0,25.0,32.8,7.2,Lead,Completed,Critical,Underallocated,91.8
ALC006282,EMP0814,PRJ0006,CLI0019,2026-03-11,2026-04-16,124.8,78.0,102.3,22.5,Lead,Active,Critical,Allocated,93.5
ALC006283,EMP0615,PRJ0013,CLI0048,2026-02-08,2026-04-23,85.4,53.4,70.0,15.4,Developer,On Hold,Low,Underallocated,92.7
ALC006284,EMP0520,PRJ0050,CLI0039,2026-06-02,2026-07-13,154.7,96.7,126.9,27.8,Developer,Completed,Low,Allocated,85.9
ALC006285,EMP0716,PRJ0054,CLI0021,2026-02-08,2026-06-21,103.5,64.7,84.9,18.6,Developer,On Hold,Medium,Allocated,87.8
ALC006286,EMP0594,PRJ0043,CLI0043,2026-04-09,2026-05-16,192.6,120.4,157.9,34.7,Designer,Completed,Medium,Overallocated,63.1
ALC006287,EMP0407,PRJ0158,CLI0059,2026-06-15,2026-11-11,76.2,47.6,62.5,13.7,Developer,Active,High,Underallocated,75.3
ALC006288,EMP0274,PRJ0121,CLI0015,2026-04-10,2026-05-11,121.9,76.2,100.0,21.9,Tester,On Hold,Critical,Allocated,66.6
ALC006289,EMP0135,PRJ0142,CLI0026,2026-03-17,2026-04-13,136.0,85.0,111.5,24.5,Tester,On Hold,Low,Allocated,67.5
ALC006290,EMP0163,PRJ0088,CLI0011,2026-02-09,2026-03-24,98.7,61.7,80.9,17.8,Lead,Active,Critical,Allocated,88.9
ALC006291,EMP0136,PRJ0112,CLI0006,2026-03-13,2026-07-05,58.7,36.7,48.1,10.6,Analyst,On Hold,Low,Underallocated,87.7
ALC006292,EMP0455,PRJ0100,CLI0039,2026-04-15,2026-05-12,104.0,65.0,85.3,18.7,Developer,Completed,High,Allocated,60.6
ALC006293,EMP0423,PRJ0002,CLI0046,2026-04-15,2026-08-24,39.2,24.5,32.1,7.1,Support,Active,Medium,Underallocated,94.0
ALC006294,EMP0726,PRJ0107,CLI0032,2026-01-03,2026-05-26,84.0,52.5,68.9,15.1,Analyst,Completed,Critical,Underallocated,65.6
ALC006295,EMP0587,PRJ0121,CLI0015,2026-05-14,2026-08-12,104.8,65.5,85.9,18.9,Designer,Completed,High,Allocated,71.6
ALC006296,EMP0823,PRJ0098,CLI0044,2026-05-18,2026-07-22,152.0,95.0,124.6,27.4,Support,On Hold,High,Allocated,92.7
ALC006297,EMP0773,PRJ0164,CLI0018,2026-04-04,2026-04-30,123.2,77.0,101.0,22.2,Lead,On Hold,Low,Allocated,64.1
ALC006298,EMP0094,PRJ0129,CLI0019,2026-02-12,2026-07-10,95.8,59.9,78.6,17.2,Lead,Active,Medium,Underallocated,86.7
ALC006299,EMP0393,PRJ0154,CLI0005,2026-06-05,2026-10-10,93.4,58.4,76.6,16.8,Lead,On Hold,Critical,Underallocated,70.1
ALC006300,EMP0475,PRJ0131,CLI0009,2026-01-02,2026-03-15,89.9,56.2,73.7,16.2,Designer,On Hold,Critical,Underallocated,81.5
ALC006301,EMP0693,PRJ0173,CLI0012,2026-01-10,2026-03-08,148.8,93.0,122.0,26.8,Designer,On Hold,Low,Allocated,76.7
ALC006302,EMP0834,PRJ0085,CLI0045,2026-01-13,2026-02-25,52.6,32.9,43.1,9.5,Lead,Active,High,Underallocated,76.3
ALC006303,EMP0137,PRJ0091,CLI0026,2026-02-13,2026-05-22,78.1,,64.0,14.1,Designer,Active,High,Underallocated,92.1
ALC006304,EMP0784,PRJ0167,CLI0027,2026-02-01,2026-05-20,52.5,32.8,43.0,9.4,Support,Completed,Low,Underallocated,65.9
ALC006305,EMP0619,PRJ0048,CLI0035,2026-02-07,2026-05-13,135.4,84.6,111.0,24.4,Designer,On Hold,Critical,Allocated,60.9
ALC006306,EMP0503,PRJ0100,CLI0039,2026-02-04,2026-03-08,172.6,107.9,141.5,31.1,Designer,Completed,Critical,Overallocated,89.1
ALC006307,EMP0627,PRJ0048,CLI0035,2026-03-11,2026-08-07,134.9,84.3,110.6,24.3,Designer,On Hold,Low,Allocated,84.9
ALC006308,EMP0354,PRJ0155,CLI0042,2026-06-06,2026-10-06,137.9,86.2,113.1,24.8,Tester,Active,Critical,Allocated,63.9
ALC006309,EMP0696,PRJ0146,CLI0006,2026-04-03,2026-05-04,91.0,56.9,74.6,16.4,Tester,On Hold,Critical,Underallocated,88.3
ALC006310,EMP0600,PRJ0076,CLI0055,2026-02-20,2026-05-15,,82.2,107.8,23.7,Support,On Hold,Low,Allocated,80.4
ALC006311,EMP0642,PRJ0059,CLI0017,2026-01-05,2026-02-26,81.9,51.2,67.2,14.7,Analyst,Active,Critical,Underallocated,82.5
ALC006312,EMP0577,PRJ0093,CLI0012,2026-03-10,2026-04-21,89.0,55.6,73.0,16.0,Lead,Active,Critical,Underallocated,82.5
ALC006313,EMP0474,PRJ0115,CLI0050,2026-02-01,2026-04-13,110.6,69.1,90.7,19.9,Lead,Active,Critical,Allocated,71.3
ALC006314,EMP0225,PRJ0010,CLI0035,2026-03-05,2026-07-09,113.8,71.1,93.3,20.5,PM,Active,Low,Allocated,86.4
ALC006315,EMP0669,PRJ0043,CLI0043,2026-02-16,2026-04-20,183.7,114.8,150.6,33.1,Analyst,On Hold,Medium,Overallocated,66.0
ALC006316,EMP0241,PRJ0049,CLI0043,2026-02-20,2026-04-27,146.7,91.7,120.3,26.4,Support,Completed,Medium,Allocated,60.2
ALC006317,EMP0797,PRJ0002,CLI0046,2026-06-16,2026-08-28,116.6,72.9,95.6,21.0,Tester,On Hold,Critical,Allocated,73.2
ALC006318,EMP0464,PRJ0003,CLI0041,2026-03-01,2026-06-23,180.3,112.7,147.8,32.5,Developer,Active,Low,Overallocated,78.1
ALC006319,EMP0595,PRJ0131,CLI0009,2026-02-03,2026-04-05,208.2,130.1,170.7,37.5,Lead,On Hold,Critical,Overallocated,68.2
ALC006320,EMP0232,PRJ0061,CLI0059,2026-04-19,2026-07-21,112.8,70.5,92.5,20.3,Analyst,On Hold,Medium,Allocated,78.9
ALC006321,EMP0080,PRJ0104,CLI0018,2026-02-21,2026-05-27,127.4,79.6,104.5,22.9,Support,Completed,Low,Allocated,79.0
ALC006322,EMP0293,PRJ0158,CLI0059,2026-04-15,2026-06-18,62.4,39.0,51.2,11.2,Tester,On Hold,Low,Underallocated,65.2
ALC006323,EMP0055,PRJ0073,CLI0016,2026-03-09,2026-06-25,118.6,74.1,97.3,21.3,Support,On Hold,Critical,Allocated,82.8
ALC006324,EMP0360,PRJ0168,CLI0016,2026-03-09,2026-07-09,84.8,53.0,69.5,15.3,Developer,Completed,Critical,Underallocated,68.7
ALC006325,EMP0238,PRJ0103,CLI0001,2026-06-01,2026-09-15,36.5,22.8,29.9,6.6,Lead,Active,Critical,Underallocated,65.9
ALC006326,EMP0032,PRJ0007,CLI0040,2026-01-19,2026-04-24,151.5,94.7,124.2,27.3,Developer,On Hold,Medium,Allocated,74.8
ALC006327,EMP0745,PRJ0026,CLI0019,2026-03-16,2026-06-13,116.3,72.7,95.4,20.9,Designer,Active,Low,Allocated,66.9
ALC006328,EMP0277,PRJ0043,CLI0043,2026-01-13,2026-04-20,77.3,48.3,63.4,13.9,PM,Active,Critical,Underallocated,68.2
ALC006329,EMP0637,PRJ0106,CLI0041,2026-04-12,2026-08-06,38.9,24.3,31.9,7.0,Analyst,Active,High,Underallocated,64.1
ALC006330,EMP0825,PRJ0102,CLI0043,2026-02-10,2026-03-26,87.7,54.8,71.9,15.8,Lead,On Hold,Low,Underallocated,63.6
ALC006331,EMP0475,PRJ0068,CLI0059,2026-03-16,2026-07-11,85.0,53.1,69.7,15.3,PM,On Hold,Medium,Underallocated,77.0
ALC006332,EMP0116,PRJ0132,CLI0013,2026-03-13,2026-07-12,107.5,67.2,88.1,19.3,Analyst,Active,High,Allocated,81.9
ALC006333,EMP0110,PRJ0167,CLI0027,2026-05-15,2026-07-20,42.2,26.4,34.6,7.6,PM,Completed,Medium,Underallocated,90.9
ALC006334,EMP0210,PRJ0180,CLI0006,2026-03-11,2026-04-18,129.1,80.7,105.9,23.2,Lead,Active,High,Allocated,89.9
ALC006335,EMP0410,PRJ0042,CLI0026,2026-05-18,2026-06-10,137.6,86.0,112.8,24.8,Support,On Hold,Low,Allocated,68.6
ALC006336,EMP0821,PRJ0080,CLI0026,2026-03-16,2026-05-29,59.8,37.4,49.0,10.8,PM,On Hold,Low,Underallocated,91.6
ALC006337,EMP0751,PRJ0119,CLI0048,2026-06-12,2026-09-30,,27.6,36.2,8.0,Developer,Completed,Low,Underallocated,76.1
ALC006338,EMP0558,PRJ0142,CLI0026,2026-01-16,2026-02-14,152.6,95.4,125.1,27.5,Developer,On Hold,Low,Allocated,64.4
ALC006339,EMP0676,PRJ0092,CLI0007,2026-01-03,2026-05-11,106.1,66.3,87.0,19.1,PM,Completed,Medium,Allocated,80.5
ALC006340,EMP0409,PRJ0003,CLI0041,2026-06-13,2026-10-27,137.6,86.0,112.8,24.8,Analyst,Completed,Critical,Allocated,77.5
ALC006341,EMP0020,PRJ0063,CLI0016,2026-05-13,2026-09-28,116.5,72.8,95.5,21.0,PM,Active,Critical,Allocated,80.2
ALC006342,EMP0050,PRJ0156,CLI0002,2026-06-03,2026-06-24,108.5,67.8,89.0,19.5,Analyst,Active,High,Allocated,91.0
ALC006343,EMP0326,PRJ0174,CLI0032,2026-04-03,2026-06-21,153.4,95.9,125.8,27.6,PM,On Hold,Medium,Allocated,85.1
ALC006344,EMP0758,PRJ0112,CLI0006,2026-02-17,2026-06-07,145.6,91.0,119.4,26.2,Designer,Completed,Low,Allocated,91.4
ALC006345,EMP0110,PRJ0066,CLI0051,2026-01-09,2026-06-03,127.4,79.6,104.5,22.9,Tester,Active,High,Allocated,94.3
ALC006346,EMP0505,PRJ0104,CLI0018,2026-01-16,2026-03-15,130.1,81.3,106.7,23.4,Designer,On Hold,Critical,Allocated,78.1
ALC006347,EMP0538,PRJ0081,CLI0038,2026-05-19,2026-10-13,94.6,59.1,77.6,17.0,Analyst,Active,Critical,Underallocated,71.4
ALC006348,EMP0653,PRJ0029,CLI0058,2026-04-11,2026-06-19,134.2,83.9,110.0,24.2,PM,On Hold,Critical,Allocated,65.4
ALC006349,EMP0648,PRJ0090,CLI0041,2026-02-03,2026-04-16,174.1,108.8,142.8,31.3,Tester,On Hold,Medium,Overallocated,63.4
ALC006350,EMP0760,PRJ0097,CLI0018,2026-01-02,2026-02-17,153.0,95.6,125.5,27.5,Developer,Completed,High,Allocated,84.7
ALC006351,EMP0769,PRJ0174,CLI0032,2026-01-06,2026-04-05,37.1,23.2,30.4,6.7,Support,Active,Critical,Underallocated,81.2
ALC006352,EMP0250,PRJ0167,CLI0027,2026-01-04,2026-02-04,130.1,81.3,106.7,23.4,Designer,On Hold,Medium,Allocated,76.3
ALC006353,EMP0574,,CLI0044,2026-01-05,2026-03-10,133.4,83.4,109.4,24.0,PM,On Hold,High,Allocated,78.7
ALC006354,EMP0355,,CLI0012,2026-02-16,2026-06-18,157.3,98.3,129.0,28.3,Lead,On Hold,Medium,Allocated,94.7
ALC006355,EMP0725,PRJ0156,CLI0002,2026-06-03,2026-09-03,161.6,101.0,132.5,29.1,PM,Completed,Low,Overallocated,73.3
ALC006356,EMP0472,PRJ0037,CLI0057,2026-03-12,2026-04-19,131.8,82.4,108.1,23.7,Tester,Completed,Low,Allocated,62.6
ALC006357,EMP0834,PRJ0077,CLI0025,2026-06-04,2026-08-19,62.4,39.0,51.2,11.2,Support,On Hold,Low,Underallocated,85.4
ALC006358,EMP0179,PRJ0025,CLI0003,2026-03-16,2026-04-14,107.5,67.2,88.1,19.3,PM,Completed,Low,Allocated,94.0
ALC006359,EMP0003,PRJ0039,CLI0024,2026-03-05,2026-06-16,80.3,50.2,65.8,14.5,PM,Completed,Low,Underallocated,62.2
ALC006360,EMP0001,PRJ0043,CLI0043,2026-01-08,2026-06-03,65.4,40.9,53.6,11.8,Lead,Active,Critical,Underallocated,91.7
ALC006361,EMP0309,PRJ0005,CLI0011,2026-03-13,2026-04-27,167.8,104.9,137.6,30.2,Analyst,Completed,Medium,Overallocated,66.3
ALC006362,EMP0720,PRJ0094,CLI0008,2026-01-13,2026-03-20,93.4,58.4,76.6,16.8,Designer,Completed,Critical,Underallocated,85.6
ALC006363,EMP0327,PRJ0039,CLI0024,2026-05-14,2026-07-28,191.5,119.7,157.0,34.5,Tester,On Hold,High,Overallocated,75.8
ALC006364,EMP0577,PRJ0002,CLI0046,2026-01-14,2026-02-12,96.6,60.4,79.2,17.4,Designer,Completed,High,Allocated,70.0
ALC006365,EMP0625,PRJ0125,CLI0019,2026-04-01,2026-07-18,83.4,,68.4,15.0,Designer,Completed,Medium,Underallocated,81.7
ALC006366,EMP0120,PRJ0050,CLI0039,2026-02-04,2026-03-22,136.0,85.0,111.5,24.5,Tester,On Hold,High,Allocated,84.0
ALC006367,EMP0799,PRJ0151,CLI0036,2026-06-19,2026-11-09,108.8,68.0,89.2,19.6,Analyst,Completed,Medium,Allocated,86.7
ALC006368,EMP0309,PRJ0163,CLI0044,2026-06-04,2026-07-11,123.0,76.9,100.9,22.1,Developer,Active,High,Allocated,66.2
ALC006369,EMP0087,PRJ0015,CLI0015,2026-05-04,2026-07-09,90.4,56.5,74.1,16.3,PM,Active,High,Underallocated,88.8
ALC006370,EMP0402,PRJ0157,CLI0044,2026-05-19,2026-08-01,90.4,56.5,74.1,16.3,Support,Completed,Medium,Underallocated,92.4
ALC006371,EMP0544,PRJ0051,CLI0059,2026-05-15,2026-06-14,92.5,57.8,75.8,16.6,Developer,On Hold,Medium,Underallocated,94.7
ALC006372,EMP0664,PRJ0076,CLI0055,2026-06-09,2026-10-30,70.2,43.9,57.6,12.6,Lead,Active,Critical,Underallocated,61.0
ALC006373,EMP0365,PRJ0085,CLI0045,2026-06-09,2026-08-28,150.7,94.2,123.6,27.1,Analyst,Active,Critical,Allocated,60.5
ALC006374,EMP0754,PRJ0042,CLI0026,2026-04-01,2026-07-09,120.2,75.1,98.6,21.6,PM,Active,High,Allocated,87.4
ALC006375,EMP0560,PRJ0114,CLI0043,2026-02-01,2026-06-11,118.1,73.8,96.8,21.3,Developer,On Hold,Critical,Allocated,93.4
ALC006376,EMP0186,PRJ0170,CLI0032,2026-03-12,2026-04-17,138.7,86.7,113.7,25.0,Analyst,On Hold,Medium,Allocated,67.6
ALC006377,EMP0395,PRJ0131,CLI0009,2026-05-13,2026-07-25,126.2,78.9,103.5,22.7,Lead,Completed,Critical,Allocated,85.6
ALC006378,EMP0170,PRJ0086,CLI0017,2026-04-14,2026-05-17,202.6,126.6,166.1,36.5,Designer,Active,Low,Overallocated,84.5
ALC006379,EMP0268,PRJ0146,CLI0006,2026-06-10,2026-11-03,129.1,80.7,105.9,23.2,Developer,Active,High,Allocated,91.4
ALC006380,EMP0497,PRJ0123,CLI0039,2026-02-07,2026-07-03,29.9,18.7,24.5,5.4,Designer,On Hold,Low,Underallocated,89.8
ALC006381,EMP0413,PRJ0149,CLI0039,2026-04-03,2026-05-29,92.3,57.7,75.7,16.6,Tester,On Hold,Low,Underallocated,65.7
ALC006382,EMP0744,PRJ0147,CLI0001,2026-03-12,2026-05-06,74.7,46.7,61.3,13.4,Developer,Completed,Low,Underallocated,81.4
ALC006383,EMP0483,PRJ0175,CLI0054,2026-05-12,2026-06-16,130.7,81.7,107.2,23.5,Tester,Active,Medium,Allocated,63.4
ALC006384,EMP0239,PRJ0088,CLI0011,2026-04-01,2026-08-14,95.5,59.7,78.3,17.2,Developer,Completed,Medium,Underallocated,93.8
ALC006385,EMP0691,PRJ0052,CLI0022,2026-05-09,2026-06-21,132.0,82.5,108.2,23.8,Developer,Active,Critical,Allocated,71.6
ALC006386,EMP0361,PRJ0058,CLI0020,2026-05-10,2026-07-01,84.6,52.9,69.4,15.2,Support,On Hold,Critical,Underallocated,76.8
ALC006387,EMP0721,PRJ0008,CLI0052,2026-02-09,2026-07-08,119.8,74.9,98.2,21.6,Lead,Active,High,Allocated,81.2
ALC006388,EMP0775,PRJ0072,CLI0030,2026-03-12,2026-08-05,90.9,56.8,74.5,16.4,Support,Active,High,Underallocated,61.5
ALC006389,EMP0020,PRJ0046,CLI0048,2026-05-11,2026-08-05,98.4,61.5,80.7,17.7,Designer,Active,Critical,Allocated,71.7
ALC006390,EMP0022,PRJ0046,CLI0048,2026-05-20,2026-09-04,121.0,75.6,99.2,21.8,Lead,Completed,Critical,Allocated,72.5
ALC006391,EMP0220,PRJ0112,CLI0006,2026-06-18,2026-08-12,130.1,81.3,106.7,23.4,PM,Completed,Low,Allocated,67.2
ALC006392,EMP0021,PRJ0062,CLI0038,2026-03-10,2026-04-24,169.1,105.7,138.7,30.4,Tester,Active,Medium,Overallocated,64.6
ALC006393,EMP0656,PRJ0163,CLI0044,2026-02-13,2026-03-15,157.3,98.3,129.0,28.3,Developer,Completed,Critical,Allocated,88.8
ALC006394,EMP0448,PRJ0172,CLI0044,2026-05-16,2026-07-21,149.8,93.6,122.8,27.0,Tester,Completed,Critical,Allocated,71.5
ALC006395,EMP0543,PRJ0141,CLI0028,2026-06-15,2026-11-01,129.3,80.8,106.0,23.3,Tester,Completed,Low,Allocated,64.8
ALC006396,EMP0206,PRJ0067,CLI0015,2026-01-04,2026-03-06,92.5,57.8,75.8,16.6,Analyst,Completed,Critical,Underallocated,82.7
ALC006397,EMP0506,PRJ0010,CLI0035,2026-05-01,2026-06-30,137.0,85.6,112.3,24.7,Developer,Completed,Critical,Allocated,67.2
ALC006398,EMP0066,PRJ0089,CLI0043,2026-04-03,2026-05-23,159.8,99.9,131.0,28.8,Support,On Hold,High,Allocated,71.6
ALC006399,EMP0229,PRJ0167,CLI0027,2026-03-07,2026-05-18,159.8,99.9,131.0,28.8,PM,Completed,Medium,Allocated,94.8
ALC006400,EMP0004,PRJ0125,CLI0019,2026-03-18,2026-06-22,112.6,70.4,92.3,20.3,Developer,Active,High,Allocated,81.9
ALC006401,EMP0655,PRJ0079,CLI0059,2026-01-08,2026-04-30,98.2,145.0,80.5,17.7,Tester,Completed,Medium,Allocated,74.3
ALC006402,EMP0126,PRJ0034,CLI0045,2026-05-18,2026-10-08,143.7,89.8,117.8,25.9,Tester,On Hold,Medium,Allocated,77.2
ALC006403,EMP0076,PRJ0178,CLI0030,2026-03-14,2026-06-23,14.6,9.1,12.0,2.6,Tester,On Hold,High,Underallocated,84.1
ALC006404,EMP0085,PRJ0154,CLI0005,2026-03-14,2026-04-23,175.8,109.9,144.2,31.6,Support,On Hold,Low,Overallocated,77.6
ALC006405,EMP0232,PRJ0112,CLI0006,2026-01-18,2026-02-16,161.1,100.7,132.1,29.0,Support,Completed,Medium,Overallocated,64.7
ALC006406,EMP0524,PRJ0170,CLI0032,2026-03-19,2026-04-28,100.8,63.0,82.7,18.1,PM,Completed,High,Allocated,60.3
ALC006407,EMP0785,PRJ0016,CLI0049,2026-01-16,2026-04-23,98.7,61.7,80.9,17.8,Tester,On Hold,Medium,Allocated,87.4
ALC006408,EMP0412,PRJ0079,CLI0059,2026-01-03,2026-01-24,195.0,121.9,159.9,35.1,Developer,Completed,High,Overallocated,86.9
ALC006409,EMP0058,PRJ0085,CLI0045,2026-02-11,2026-03-12,70.6,44.1,57.9,12.7,Developer,On Hold,High,Underallocated,90.4
ALC006410,EMP0474,PRJ0008,CLI0052,2026-04-18,2026-08-19,101.6,63.5,83.3,18.3,Analyst,On Hold,High,Allocated,79.1
ALC006411,EMP0650,PRJ0177,CLI0053,2026-01-08,2026-04-05,182.1,113.8,149.3,32.8,Developer,Active,Low,Overallocated,64.0
ALC006412,EMP0573,PRJ0098,CLI0044,2026-06-10,2026-07-06,69.1,43.2,56.7,12.4,Analyst,Active,Medium,Underallocated,86.1
ALC006413,EMP0754,PRJ0119,CLI0048,2026-03-12,2026-07-25,118.4,74.0,97.1,21.3,Analyst,On Hold,Critical,Allocated,88.4
ALC006414,EMP0140,PRJ0097,CLI0018,2026-03-06,2026-08-02,102.4,64.0,84.0,18.4,Lead,Active,Medium,Allocated,66.6
ALC006415,EMP0051,PRJ0089,CLI0043,2026-02-09,2026-06-03,194.4,121.5,159.4,35.0,Tester,On Hold,High,Overallocated,93.9
ALC006416,EMP0754,PRJ0009,CLI0015,2026-06-20,2026-09-06,90.2,56.4,74.0,16.2,Analyst,On Hold,Low,Underallocated,65.6
ALC006417,EMP0648,PRJ0051,CLI0059,2026-04-04,2026-06-08,57.8,36.1,47.4,10.4,Tester,Completed,Medium,Underallocated,60.7
ALC006418,EMP0750,PRJ0064,CLI0024,2026-03-07,2026-07-30,121.6,76.0,99.7,21.9,Tester,Completed,Critical,Allocated,69.8
ALC006419,EMP0624,PRJ0166,CLI0028,2026-03-08,2026-05-22,90.2,56.4,74.0,16.2,PM,On Hold,Low,Underallocated,79.8
ALC006420,EMP0152,PRJ0125,CLI0019,2026-06-15,2026-09-24,135.8,84.9,111.4,24.4,Support,Completed,Low,Allocated,84.4
ALC006421,EMP0627,PRJ0010,CLI0035,2026-06-02,2026-08-05,129.3,80.8,106.0,23.3,Tester,On Hold,Medium,Allocated,78.8
ALC006422,EMP0568,PRJ0115,CLI0050,2026-02-13,2026-06-10,65.3,40.8,53.5,11.8,Support,Active,Medium,Underallocated,77.7
ALC006423,EMP0322,PRJ0027,CLI0004,2026-04-20,2026-09-02,185.6,116.0,152.2,33.4,Designer,On Hold,Low,Overallocated,89.7
ALC006424,EMP0003,PRJ0138,CLI0018,2026-05-21,2026-07-01,87.5,54.7,71.8,15.8,Designer,Completed,Critical,Underallocated,60.5
ALC006425,EMP0227,PRJ0175,CLI0054,2026-02-18,2026-04-29,91.8,,75.3,16.5,Designer,On Hold,Medium,Underallocated,80.7
ALC006426,EMP0361,PRJ0106,CLI0041,2026-06-08,2026-08-11,135.0,84.4,110.7,24.3,PM,Active,Low,Allocated,78.0
ALC006427,EMP0722,PRJ0040,CLI0014,2026-01-05,2026-03-08,177.3,110.8,145.4,31.9,Lead,Completed,Low,Overallocated,67.9
ALC006428,EMP0835,PRJ0062,CLI0038,2026-02-09,2026-06-21,60.5,37.8,49.6,10.9,Tester,On Hold,Low,Underallocated,85.2
ALC006429,EMP0446,PRJ0166,CLI0028,2026-01-04,2026-03-19,93.4,58.4,76.6,16.8,Designer,Active,Critical,Underallocated,78.6
ALC006430,EMP0814,PRJ0171,CLI0001,2026-04-14,2026-08-30,150.2,93.9,123.2,27.0,Tester,On Hold,Low,Allocated,86.9
ALC006431,EMP0620,PRJ0151,CLI0036,2026-05-08,2026-06-03,89.1,55.7,73.1,16.0,Developer,On Hold,Low,Underallocated,77.6
ALC006432,EMP0084,PRJ0175,CLI0054,2026-05-20,2026-07-13,118.2,73.9,96.9,21.3,PM,Active,Critical,Allocated,69.8
ALC006433,EMP0513,PRJ0092,CLI0007,2026-02-14,2026-03-10,95.5,59.7,78.3,17.2,Designer,On Hold,Medium,Underallocated,93.5
ALC006434,EMP0214,PRJ0062,CLI0038,2026-02-16,2026-06-07,131.8,82.4,108.1,23.7,Analyst,Completed,Low,Allocated,72.5
ALC006435,EMP0703,PRJ0060,CLI0022,2026-05-03,2026-06-08,62.1,38.8,50.9,11.2,Designer,Active,Low,Underallocated,72.8
ALC006436,EMP0075,PRJ0130,CLI0056,2026-02-15,2026-05-18,124.6,77.9,102.2,22.4,Support,On Hold,High,Allocated,91.7
ALC006437,EMP0738,PRJ0012,CLI0020,2026-06-16,2026-10-15,131.4,82.1,107.7,23.7,Support,On Hold,Medium,Allocated,84.7
ALC006438,EMP0003,PRJ0054,CLI0021,2026-02-15,2026-07-12,139.2,87.0,114.1,25.1,Analyst,Completed,Medium,Allocated,77.5
ALC006439,EMP0400,PRJ0134,CLI0007,2026-06-14,2026-09-01,91.0,56.9,74.6,16.4,Support,Active,High,Underallocated,60.4
ALC006440,EMP0383,PRJ0097,CLI0018,2026-03-12,2026-06-18,169.9,106.2,139.3,30.6,PM,Active,Critical,Overallocated,62.8
ALC006441,EMP0726,PRJ0178,CLI0030,2026-05-17,2026-10-13,28.0,17.5,23.0,5.0,Support,Completed,Critical,Underallocated,89.3
ALC006442,EMP0630,PRJ0041,CLI0044,2026-02-14,2026-03-13,85.4,53.4,70.0,15.4,Tester,Completed,Critical,Underallocated,69.2
ALC006443,EMP0142,PRJ0057,CLI0043,2026-06-01,2026-08-28,209.8,131.1,172.0,37.8,Designer,On Hold,Critical,Overallocated,88.1
ALC006444,EMP0531,PRJ0124,CLI0045,2026-02-18,2026-06-08,113.1,70.7,92.7,20.4,Lead,Completed,Critical,Allocated,66.9
ALC006445,EMP0066,PRJ0154,CLI0005,2026-06-02,2026-10-22,157.0,98.1,128.7,28.3,Lead,On Hold,Medium,Allocated,65.5
ALC006446,EMP0414,PRJ0097,CLI0018,2026-04-14,2026-08-27,119.5,74.7,98.0,21.5,Developer,On Hold,Low,Allocated,89.5
ALC006447,EMP0367,PRJ0113,CLI0050,2026-02-13,2026-06-15,181.6,113.5,148.9,32.7,Support,On Hold,Medium,Overallocated,82.3
ALC006448,EMP0198,PRJ0076,CLI0055,2026-02-05,2026-04-13,104.3,65.2,85.5,18.8,Support,On Hold,Low,Allocated,88.1
ALC006449,EMP0016,PRJ0029,CLI0058,2026-03-21,2026-07-28,121.0,75.6,99.2,21.8,PM,Completed,Low,Allocated,66.8
ALC006450,EMP0463,PRJ0110,CLI0054,2026-01-17,2026-04-21,147.0,91.9,120.5,26.5,Lead,On Hold,Critical,Allocated,69.2
ALC006451,EMP0246,PRJ0083,CLI0032,2026-03-18,2026-06-12,173.3,108.3,142.1,31.2,Developer,Completed,High,Overallocated,72.0
ALC006452,EMP0615,PRJ0168,CLI0016,2026-04-02,2026-06-09,38.2,23.9,31.3,6.9,Developer,Active,Low,Underallocated,79.0
ALC006453,EMP0699,PRJ0142,CLI0026,2026-03-10,2026-04-16,132.8,83.0,108.9,23.9,Analyst,Completed,Low,Allocated,63.4
ALC006454,EMP0762,PRJ0167,CLI0027,2026-05-19,2026-07-02,77.9,48.7,63.9,14.0,Support,Completed,High,Underallocated,73.0
ALC006455,EMP0051,PRJ0042,CLI0026,2026-05-08,2026-06-26,109.8,68.6,90.0,19.8,Support,On Hold,Medium,Allocated,84.2
ALC006456,EMP0437,PRJ0133,CLI0044,2026-06-04,2026-08-10,90.6,56.6,74.3,16.3,Analyst,Completed,Low,Underallocated,89.9
ALC006457,EMP0766,PRJ0120,CLI0028,2026-03-19,2026-06-05,22.4,14.0,18.4,4.0,Analyst,On Hold,Low,Underallocated,67.2
ALC006458,EMP0663,PRJ0111,CLI0043,2026-03-08,2026-07-14,154.2,96.4,126.4,27.8,Tester,Completed,Low,Allocated,72.8
ALC006459,EMP0227,PRJ0127,CLI0026,2026-05-13,2026-06-28,59.5,37.2,48.8,10.7,Developer,Active,High,Underallocated,88.8
ALC006460,EMP0828,PRJ0021,CLI0060,2026-04-03,2026-08-18,109.3,68.3,89.6,19.7,Lead,Completed,Medium,Allocated,71.7
ALC006461,EMP0511,PRJ0173,CLI0012,2026-05-03,2026-08-16,107.7,67.3,88.3,19.4,Analyst,Active,Medium,Allocated,68.2
ALC006462,EMP0068,PRJ0074,CLI0006,2026-06-07,2026-07-27,80.2,50.1,65.8,14.4,Developer,Active,Critical,Underallocated,84.4
ALC006463,EMP0314,PRJ0144,CLI0056,2026-01-02,2026-05-11,137.6,86.0,112.8,24.8,Lead,On Hold,Critical,Allocated,63.8
ALC006464,EMP0747,PRJ0149,CLI0039,2026-03-04,2026-06-30,97.4,60.9,79.9,17.5,Support,Active,Medium,Allocated,60.6
ALC006465,EMP0328,PRJ0074,CLI0006,2026-01-19,2026-04-26,83.4,52.1,68.4,15.0,Support,Active,Low,Underallocated,94.7
ALC006466,EMP0727,PRJ0065,CLI0003,2026-04-01,2026-07-13,53.8,33.6,44.1,9.7,Support,Active,High,Underallocated,91.8
ALC006467,EMP0249,PRJ0153,CLI0030,2026-02-04,2026-06-19,75.0,46.9,61.5,13.5,Designer,Completed,Low,Underallocated,65.6
ALC006468,EMP0290,PRJ0080,CLI0026,2026-02-09,2026-06-16,129.0,80.6,105.8,23.2,Support,Completed,Medium,Allocated,70.3
ALC006469,EMP0326,PRJ0153,CLI0030,2026-06-19,2026-11-16,32.0,20.0,26.2,5.8,Developer,On Hold,High,Underallocated,90.0
ALC006470,EMP0158,PRJ0029,CLI0058,2026-01-03,2026-03-11,179.0,111.9,146.8,32.2,Tester,Completed,High,Overallocated,82.6
ALC006471,EMP0425,PRJ0104,CLI0018,2026-01-04,2026-03-03,105.9,66.2,86.8,19.1,Tester,Completed,Critical,Allocated,88.1
ALC006472,EMP0825,PRJ0064,CLI0024,2026-06-16,2026-10-09,77.3,48.3,63.4,13.9,Designer,Active,Low,Underallocated,67.7
ALC006473,EMP0101,PRJ0076,CLI0055,2026-01-19,2026-03-15,135.8,84.9,111.4,24.4,Designer,Completed,Low,Allocated,62.0
ALC006474,EMP0237,PRJ0155,CLI0042,2026-04-17,2026-07-05,95.2,59.5,78.1,17.1,PM,Completed,Critical,Underallocated,91.2
ALC006475,EMP0582,PRJ0121,CLI0015,2026-06-15,2026-07-16,147.7,92.3,121.1,26.6,Developer,On Hold,High,Allocated,92.9
ALC006476,EMP0825,PRJ0059,CLI0017,2026-06-18,2026-10-29,69.4,43.4,56.9,12.5,Analyst,Completed,Low,Underallocated,65.5
ALC006477,EMP0707,PRJ0056,CLI0042,2026-01-08,2026-02-08,72.3,45.2,59.3,13.0,Developer,Completed,Medium,Underallocated,79.0
ALC006478,EMP0357,PRJ0135,CLI0022,2026-05-13,2026-07-29,135.8,84.9,111.4,24.4,PM,Completed,High,Allocated,63.7
ALC006479,EMP0147,PRJ0078,CLI0031,2026-02-04,2026-03-09,160.0,100.0,131.2,28.8,Support,On Hold,Medium,Allocated,87.8
ALC006480,EMP0392,PRJ0172,CLI0044,2026-01-08,2026-03-03,119.8,74.9,98.2,21.6,Analyst,Active,Critical,Allocated,63.5
ALC006481,EMP0787,PRJ0159,CLI0025,2026-05-06,2026-08-31,121.3,75.8,99.5,21.8,Support,Active,Medium,Allocated,79.0
ALC006482,EMP0439,PRJ0121,CLI0015,2026-03-01,2026-04-04,78.6,49.1,64.5,14.1,Tester,Completed,Medium,Underallocated,78.5
ALC006483,EMP0361,PRJ0150,CLI0003,2026-05-05,2026-09-10,91.4,57.1,74.9,16.5,Analyst,On Hold,Critical,Underallocated,91.8
ALC006484,EMP0380,PRJ0174,CLI0032,2026-05-06,2026-06-17,85.8,53.6,70.4,15.4,Analyst,Completed,Medium,Underallocated,76.7
ALC006485,EMP0084,PRJ0082,CLI0013,2026-04-21,2026-05-30,163.8,102.4,134.3,29.5,Lead,On Hold,Critical,Overallocated,94.3
ALC006486,EMP0312,PRJ0097,CLI0018,2026-03-04,2026-04-13,167.7,104.8,137.5,30.2,Lead,On Hold,High,Overallocated,65.8
ALC006487,EMP0466,PRJ0009,CLI0015,2026-01-09,2026-06-04,132.8,83.0,108.9,23.9,Support,Active,High,Allocated,68.1
ALC006488,EMP0498,PRJ0066,CLI0051,2026-06-02,2026-09-13,192.5,120.3,157.8,34.6,Support,Completed,Critical,Overallocated,91.5
ALC006489,EMP0510,PRJ0094,CLI0008,2026-05-02,2026-08-06,136.8,85.5,112.2,24.6,Lead,On Hold,Low,Allocated,87.0
ALC006490,EMP0099,PRJ0022,CLI0037,2026-06-20,2026-11-13,159.4,99.6,130.7,28.7,Support,Active,Low,Allocated,61.6
ALC006491,EMP0334,PRJ0175,CLI0054,2026-06-20,2026-10-05,103.2,64.5,84.6,18.6,Designer,On Hold,Low,Allocated,69.7
ALC006492,EMP0252,PRJ0004,CLI0056,2026-05-10,2026-07-20,105.8,66.1,86.8,19.0,Support,On Hold,High,Allocated,61.6
ALC006493,EMP0632,PRJ0055,CLI0015,2026-03-14,2026-06-22,105.8,66.1,86.8,19.0,PM,On Hold,High,Allocated,64.0
ALC006494,EMP0400,PRJ0024,CLI0041,2026-01-10,2026-05-02,74.6,46.6,61.2,13.4,Designer,On Hold,High,Underallocated,60.9
ALC006495,EMP0306,PRJ0150,CLI0003,2026-03-20,2026-07-31,94.4,59.0,77.4,17.0,Developer,Active,Medium,Underallocated,73.3
ALC006496,EMP0458,PRJ0076,CLI0055,2026-04-16,2026-05-31,125.1,78.2,102.6,22.5,PM,On Hold,Medium,Allocated,84.5
ALC006497,EMP0503,PRJ0088,CLI0011,2026-05-18,2026-09-16,88.0,55.0,72.2,15.8,Support,Completed,Low,Underallocated,79.8
ALC006498,EMP0702,PRJ0057,CLI0043,2026-04-16,2026-06-26,134.2,83.9,110.0,24.2,Developer,Completed,Low,Allocated,62.4
ALC006499,EMP0408,PRJ0003,CLI0041,2026-06-13,2026-09-07,82.4,51.5,67.6,14.8,Analyst,On Hold,Low,Underallocated,88.4
ALC006500,EMP0729,PRJ0034,CLI0045,2026-06-15,2026-08-25,80.5,50.3,66.0,14.5,Support,Active,Low,Underallocated,66.5
ALC006501,EMP0512,PRJ0064,CLI0024,2026-04-05,2026-04-25,112.5,70.3,92.2,20.2,Analyst,Completed,Medium,Allocated,74.4
ALC006502,EMP0824,PRJ0060,CLI0022,2026-04-12,2026-08-20,30.2,18.9,24.8,5.4,Developer,On Hold,Critical,Underallocated,85.5
ALC006503,EMP0228,PRJ0171,CLI0001,2026-06-18,2026-08-06,155.2,97.0,127.3,27.9,Analyst,Active,Low,Allocated,76.1
ALC006504,EMP0705,PRJ0117,CLI0006,2026-01-12,2026-02-12,140.3,87.7,115.0,25.3,Support,Completed,High,Allocated,76.4
ALC006505,EMP0486,PRJ0164,CLI0018,2026-05-07,2026-06-15,144.6,90.4,118.6,26.0,Tester,On Hold,Critical,Allocated,73.5
ALC006506,EMP0388,PRJ0142,CLI0026,2026-04-02,2026-05-04,141.8,88.6,116.3,25.5,Analyst,Completed,Low,Allocated,86.0
ALC006507,EMP0236,PRJ0158,CLI0059,2026-04-13,2026-05-14,107.4,67.1,88.1,19.3,Designer,Active,Medium,Allocated,82.1
ALC006508,EMP0293,PRJ0018,CLI0024,2026-06-07,2026-06-28,121.8,76.1,99.9,21.9,Tester,Active,Critical,Allocated,83.9
ALC006509,EMP0422,PRJ0159,CLI0025,2026-03-05,2026-05-25,127.5,79.7,104.5,22.9,Analyst,Completed,Low,Allocated,88.2
ALC006510,EMP0461,PRJ0167,CLI0027,2026-04-11,2026-06-13,53.9,33.7,44.2,9.7,Developer,On Hold,Medium,Underallocated,69.7
ALC006511,EMP0138,PRJ0109,CLI0010,2026-02-07,2026-03-18,120.0,75.0,98.4,21.6,Designer,On Hold,Low,Allocated,63.3
ALC006512,EMP0347,PRJ0024,CLI0041,2026-04-20,2026-05-24,97.0,60.6,79.5,17.5,PM,Active,Medium,Allocated,79.1
ALC006513,EMP0849,PRJ0013,CLI0048,2026-06-21,2026-11-17,185.9,116.2,152.4,33.5,Developer,Completed,Medium,Overallocated,70.3
ALC006514,EMP0386,PRJ0112,CLI0006,2026-05-15,2026-10-05,104.3,65.2,85.5,18.8,Analyst,Completed,High,Allocated,89.7
ALC006515,EMP0024,PRJ0124,CLI0045,2026-03-17,2026-07-15,107.0,66.9,87.7,19.3,Tester,Completed,Medium,Allocated,67.0
ALC006516,EMP0318,PRJ0173,CLI0012,2026-01-04,2026-03-21,63.2,39.5,51.8,11.4,Lead,Active,Low,Underallocated,92.3
ALC006517,EMP0398,PRJ0044,CLI0043,2026-04-02,2026-06-30,96.3,60.2,79.0,17.3,Tester,On Hold,Critical,Allocated,91.5
ALC006518,EMP0772,PRJ0132,CLI0013,2026-06-03,2026-09-16,27.4,17.1,22.5,4.9,Tester,Completed,Medium,Underallocated,78.9
ALC006519,EMP0152,PRJ0154,CLI0005,2026-03-06,2026-05-01,186.4,116.5,152.8,33.6,Lead,Active,Medium,Overallocated,74.3
ALC006520,EMP0421,PRJ0021,CLI0060,2026-01-18,2026-03-21,135.4,84.6,111.0,24.4,PM,Completed,Critical,Allocated,61.3
ALC006521,EMP0415,PRJ0102,CLI0043,2026-05-18,2026-10-15,97.3,60.8,79.8,17.5,Support,On Hold,High,Allocated,65.5
ALC006522,EMP0205,PRJ0095,CLI0017,2026-03-13,2026-05-29,132.2,82.6,108.4,23.8,Developer,Completed,High,Allocated,83.4
ALC006523,EMP0461,PRJ0029,CLI0058,2026-03-11,2026-06-19,73.6,46.0,60.4,13.2,Designer,Active,Critical,Underallocated,84.9
ALC006524,EMP0033,PRJ0097,CLI0018,2026-06-11,2026-10-29,104.8,65.5,85.9,18.9,Designer,On Hold,Critical,Allocated,82.5
ALC006525,EMP0260,PRJ0051,CLI0059,2026-04-04,2026-08-23,67.7,42.3,55.5,12.2,Tester,Completed,High,Underallocated,77.1
ALC006526,EMP0715,PRJ0057,CLI0043,2026-01-13,2026-04-04,50.7,31.7,41.6,9.1,Support,Active,Low,Underallocated,65.8
ALC006527,EMP0128,PRJ0175,CLI0054,2026-02-06,2026-05-24,142.6,89.1,116.9,25.7,Developer,Active,Critical,Allocated,84.0
ALC006528,EMP0627,PRJ0164,CLI0018,2026-01-01,2026-04-03,107.8,67.4,88.4,19.4,Lead,Completed,Low,Allocated,78.0
ALC006529,EMP0510,PRJ0125,CLI0019,2026-05-06,2026-07-11,42.9,26.8,35.2,7.7,Support,Active,Low,Underallocated,84.8
ALC006530,EMP0666,PRJ0040,CLI0014,2026-06-21,2026-08-08,78.9,49.3,64.7,14.2,Developer,Completed,Critical,Underallocated,70.0
ALC006531,EMP0606,PRJ0174,CLI0032,2026-02-05,2026-03-13,164.2,102.6,134.6,29.6,PM,Completed,High,Overallocated,83.2
ALC006532,EMP0524,PRJ0079,CLI0059,2026-05-19,2026-06-23,83.0,51.9,68.1,14.9,PM,On Hold,High,Underallocated,90.5
ALC006533,EMP0718,PRJ0138,CLI0018,2026-01-01,2026-03-26,137.0,85.6,112.3,24.7,Designer,Completed,High,Allocated,81.9
ALC006534,EMP0294,PRJ0058,CLI0020,2026-03-06,2026-05-09,82.6,51.6,67.7,14.9,Lead,Active,High,Underallocated,65.4
ALC006535,EMP0697,PRJ0123,CLI0039,2026-01-13,2026-02-09,121.8,76.1,99.9,21.9,Lead,Completed,Medium,Allocated,92.0
ALC006536,EMP0507,PRJ0074,CLI0006,2026-05-17,2026-08-23,133.0,83.1,109.1,23.9,Support,On Hold,Low,Allocated,66.1
ALC006537,EMP0643,PRJ0067,CLI0015,2026-06-04,2026-09-24,85.6,53.5,70.2,15.4,Lead,Active,Critical,Underallocated,68.3
ALC006538,EMP0445,PRJ0093,CLI0012,2026-04-12,2026-09-05,106.7,66.7,87.5,19.2,Support,Active,Critical,Allocated,82.1
ALC006539,EMP0569,PRJ0089,CLI0043,2026-03-13,2026-07-20,124.3,77.7,101.9,22.4,PM,Active,High,Allocated,88.9
ALC006540,EMP0010,PRJ0075,CLI0033,2026-06-07,2026-10-28,89.3,55.8,73.2,16.1,Tester,Completed,Low,Underallocated,69.6
ALC006541,EMP0752,PRJ0086,CLI0017,2026-01-13,2026-02-28,103.7,145.0,85.0,18.7,Designer,Completed,Low,Allocated,85.3
ALC006542,EMP0240,PRJ0128,CLI0044,2026-02-11,2026-07-02,74.2,46.4,60.8,13.4,Developer,Active,High,Underallocated,93.5
ALC006543,EMP0817,PRJ0076,CLI0055,2026-06-06,2026-10-11,116.2,72.6,95.3,20.9,PM,Completed,Low,Allocated,93.0
ALC006544,EMP0430,PRJ0108,CLI0055,2026-05-18,2026-06-12,155.0,96.9,127.1,27.9,Analyst,Active,Low,Allocated,64.2
ALC006545,EMP0224,PRJ0161,CLI0056,2026-02-17,2026-04-08,65.4,40.9,53.6,11.8,Developer,Active,High,Underallocated,90.9
ALC006546,EMP0036,PRJ0168,CLI0016,2026-05-02,2026-06-03,83.8,52.4,68.7,15.1,PM,On Hold,Low,Underallocated,90.3
ALC006547,EMP0513,PRJ0120,CLI0028,2026-01-03,2026-02-06,30.2,18.9,24.8,5.4,Analyst,Completed,Medium,Underallocated,62.7
ALC006548,EMP0703,PRJ0092,CLI0007,2026-03-09,2026-06-13,132.5,82.8,108.6,23.8,PM,Active,Low,Allocated,89.6
ALC006549,EMP0309,PRJ0178,CLI0030,2026-02-07,2026-04-29,48.0,30.0,39.4,8.6,Lead,Completed,Medium,Underallocated,70.1
ALC006550,EMP0381,PRJ0108,CLI0055,2026-01-15,2026-03-07,132.2,82.6,108.4,23.8,Tester,On Hold,Low,Allocated,91.2
ALC006551,EMP0766,PRJ0163,CLI0044,2026-05-17,2026-09-01,134.9,84.3,110.6,24.3,PM,On Hold,Critical,Allocated,77.0
ALC006552,EMP0784,PRJ0164,CLI0018,2026-02-08,2026-05-31,148.3,92.7,121.6,26.7,Designer,On Hold,Low,Allocated,70.6
ALC006553,EMP0699,PRJ0127,CLI0026,2026-04-20,2026-07-03,126.7,79.2,103.9,22.8,Analyst,On Hold,Medium,Allocated,94.6
ALC006554,EMP0092,PRJ0042,CLI0026,2026-02-14,2026-04-01,51.7,32.3,42.4,9.3,Lead,Completed,High,Underallocated,77.2
ALC006555,EMP0766,PRJ0041,CLI0044,2026-06-01,2026-06-28,106.7,66.7,87.5,19.2,Analyst,Completed,Low,Allocated,89.0
ALC006556,EMP0771,PRJ0127,CLI0026,2026-01-10,2026-04-15,119.8,74.9,98.2,21.6,Analyst,On Hold,Critical,Allocated,71.2
ALC006557,EMP0105,PRJ0057,CLI0043,2026-04-01,2026-07-18,133.3,83.3,109.3,24.0,Lead,Active,High,Allocated,72.1
ALC006558,EMP0261,PRJ0125,CLI0019,2026-03-11,2026-05-02,134.9,84.3,110.6,24.3,Support,Completed,Critical,Allocated,78.1
ALC006559,EMP0715,PRJ0037,CLI0057,2026-02-11,2026-04-07,94.9,59.3,77.8,17.1,Tester,Active,High,Underallocated,65.5
ALC006560,EMP0542,PRJ0121,CLI0015,2026-01-16,2026-05-16,107.7,67.3,88.3,19.4,Support,Active,Low,Allocated,87.8
ALC006561,EMP0620,PRJ0079,CLI0059,2026-01-12,2026-06-10,108.0,67.5,88.6,19.4,Support,On Hold,Low,Allocated,65.4
ALC006562,EMP0829,PRJ0013,CLI0048,2026-01-03,2026-05-07,61.3,38.3,50.3,11.0,Support,Completed,High,Underallocated,79.0
ALC006563,EMP0356,PRJ0017,CLI0050,2026-04-17,2026-07-19,73.3,45.8,60.1,13.2,Analyst,On Hold,Medium,Underallocated,92.9
ALC006564,EMP0032,PRJ0173,CLI0012,2026-03-19,2026-06-30,109.1,68.2,89.5,19.6,Designer,Completed,Medium,Allocated,90.9
ALC006565,EMP0756,PRJ0119,CLI0048,2026-05-17,2026-09-23,78.4,49.0,64.3,14.1,Support,Active,Low,Underallocated,61.6
ALC006566,EMP0401,PRJ0004,CLI0056,2026-02-15,2026-04-07,53.4,33.4,43.8,9.6,Support,On Hold,High,Underallocated,68.5
ALC006567,EMP0835,PRJ0096,CLI0056,2026-05-10,2026-08-31,51.2,32.0,42.0,9.2,Developer,On Hold,Critical,Underallocated,82.8
ALC006568,EMP0360,PRJ0143,CLI0032,2026-02-21,2026-05-09,139.8,87.4,114.6,25.2,PM,Completed,High,Allocated,63.1
ALC006569,EMP0373,PRJ0060,CLI0022,2026-06-11,2026-08-31,126.2,78.9,103.5,22.7,Developer,Active,Low,Allocated,76.0
ALC006570,EMP0576,PRJ0082,CLI0013,2026-05-06,2026-07-21,117.9,73.7,96.7,21.2,Developer,On Hold,Critical,Allocated,94.7
ALC006571,EMP0424,PRJ0129,CLI0019,2026-02-05,2026-03-24,98.9,61.8,81.1,17.8,Support,On Hold,Critical,Allocated,88.4
ALC006572,EMP0575,PRJ0095,CLI0017,2026-02-21,2026-04-19,88.8,55.5,72.8,16.0,PM,Completed,Critical,Underallocated,66.2
ALC006573,EMP0533,PRJ0129,CLI0019,2026-01-20,2026-03-24,31.4,19.6,25.7,5.7,Developer,On Hold,Low,Underallocated,69.8
ALC006574,EMP0236,PRJ0062,CLI0038,2026-03-16,2026-07-22,135.7,84.8,111.3,24.4,Lead,On Hold,Low,Allocated,65.5
ALC006575,EMP0830,PRJ0131,CLI0009,2026-02-03,2026-03-01,95.7,59.8,78.5,17.2,Support,On Hold,Low,Underallocated,90.1
ALC006576,EMP0680,PRJ0114,CLI0043,2026-04-18,2026-08-07,136.8,85.5,112.2,24.6,Designer,On Hold,Medium,Allocated,71.4
ALC006577,EMP0578,PRJ0045,CLI0011,2026-03-14,2026-07-21,74.6,46.6,61.2,13.4,Support,Active,High,Underallocated,62.8
ALC006578,EMP0597,PRJ0167,CLI0027,2026-01-19,2026-02-14,177.9,111.2,145.9,32.0,Tester,Active,Medium,Overallocated,71.0
ALC006579,EMP0435,PRJ0032,CLI0053,2026-05-17,2026-07-31,119.5,74.7,98.0,21.5,Developer,Completed,High,Allocated,71.7
ALC006580,EMP0656,PRJ0006,CLI0019,2026-05-05,2026-07-30,107.2,67.0,87.9,19.3,Tester,On Hold,Critical,Allocated,82.6
ALC006581,EMP0085,PRJ0050,CLI0039,2026-02-05,2026-03-27,71.2,44.5,58.4,12.8,Designer,On Hold,High,Underallocated,67.7
ALC006582,EMP0496,PRJ0065,CLI0003,2026-01-10,2026-03-07,118.6,74.1,97.3,21.3,Designer,Completed,Critical,Allocated,77.5
ALC006583,EMP0291,PRJ0171,CLI0001,2026-06-05,2026-08-22,136.6,85.4,112.0,24.6,Support,On Hold,Low,Allocated,93.2
ALC006584,EMP0660,PRJ0046,CLI0048,2026-01-01,2026-01-24,22.4,14.0,18.4,4.0,Support,Active,Low,Underallocated,92.6
ALC006585,EMP0586,PRJ0135,CLI0022,2026-05-07,2026-07-03,106.6,66.6,87.4,19.2,Developer,On Hold,Critical,Allocated,82.6
ALC006586,EMP0559,PRJ0015,CLI0015,2026-05-04,2026-07-17,107.2,67.0,87.9,19.3,Developer,Active,Low,Allocated,82.7
ALC006587,EMP0295,PRJ0024,CLI0041,2026-04-14,2026-05-10,130.1,81.3,106.7,23.4,Tester,Active,Low,Allocated,86.9
ALC006588,EMP0778,PRJ0037,CLI0057,2026-06-07,2026-10-24,45.0,28.1,36.9,8.1,Designer,Active,Critical,Underallocated,67.7
ALC006589,EMP0237,PRJ0090,CLI0041,2026-01-21,2026-03-15,144.0,90.0,118.1,25.9,Analyst,Active,Low,Allocated,65.1
ALC006590,EMP0007,PRJ0039,CLI0024,2026-03-04,2026-04-30,141.4,88.4,115.9,25.5,Lead,On Hold,High,Allocated,80.8
ALC006591,EMP0393,PRJ0117,CLI0006,2026-05-21,2026-06-23,143.0,89.4,117.3,25.7,Lead,On Hold,Medium,Allocated,74.8
ALC006592,EMP0849,PRJ0059,CLI0017,2026-03-12,2026-07-28,85.6,53.5,70.2,15.4,Support,Active,Medium,Underallocated,83.0
ALC006593,EMP0266,PRJ0111,CLI0043,2026-02-07,2026-05-05,157.0,98.1,128.7,28.3,Designer,Active,Medium,Allocated,82.5
ALC006594,EMP0328,PRJ0070,CLI0013,2026-06-08,2026-10-03,79.5,49.7,65.2,14.3,Developer,Completed,Low,Underallocated,81.1
ALC006595,EMP0094,PRJ0015,CLI0015,2026-03-05,2026-07-10,27.5,17.2,22.5,5.0,PM,Completed,Medium,Underallocated,94.4
ALC006596,EMP0752,PRJ0110,CLI0054,2026-06-17,2026-10-22,124.5,77.8,102.1,22.4,Analyst,Active,High,Allocated,81.1
ALC006597,EMP0744,PRJ0089,CLI0043,2026-03-09,2026-06-25,109.6,68.5,89.9,19.7,Designer,Active,High,Allocated,92.4
ALC006598,EMP0369,PRJ0128,CLI0044,2026-06-12,2026-10-10,160.8,100.5,131.9,28.9,Lead,Completed,Critical,Overallocated,85.3
ALC006599,EMP0255,PRJ0142,CLI0026,2026-03-10,2026-08-07,70.6,44.1,57.9,12.7,Tester,Active,Low,Underallocated,83.1
ALC006600,EMP0493,PRJ0093,CLI0012,2026-05-21,2026-08-23,98.2,61.4,80.5,17.7,Support,On Hold,Medium,Allocated,83.4
ALC006601,EMP0064,PRJ0052,CLI0022,2026-06-04,2026-09-13,94.6,59.1,77.6,17.0,Developer,Active,Low,Underallocated,65.6
ALC006602,EMP0111,PRJ0029,CLI0058,2026-04-21,2026-07-26,144.2,90.1,118.2,26.0,PM,Active,Critical,Allocated,92.3
ALC006603,EMP0432,PRJ0034,CLI0045,2026-05-11,2026-07-16,68.6,42.9,56.3,12.3,Analyst,Completed,Critical,Underallocated,78.3
ALC006604,EMP0256,PRJ0122,CLI0010,2026-05-06,2026-09-17,162.9,101.8,133.6,29.3,Analyst,Completed,High,Overallocated,80.4
ALC006605,EMP0525,PRJ0014,CLI0026,2026-03-19,2026-08-12,82.6,51.6,67.7,14.9,Designer,Active,High,Underallocated,65.0
ALC006606,EMP0727,PRJ0037,CLI0057,2026-06-14,2026-07-28,94.2,58.9,77.2,17.0,Lead,Completed,Critical,Underallocated,81.5
ALC006607,EMP0819,PRJ0136,CLI0003,2026-06-01,2026-08-07,113.6,71.0,93.2,20.4,Lead,Completed,Critical,Allocated,71.0
ALC006608,EMP0655,PRJ0179,CLI0012,2026-05-08,2026-08-18,71.4,44.6,58.5,12.9,PM,On Hold,Medium,Underallocated,68.0
ALC006609,EMP0472,PRJ0149,CLI0039,2026-06-14,2026-07-19,127.7,79.8,104.7,23.0,Lead,On Hold,Medium,Allocated,94.1
ALC006610,EMP0687,PRJ0174,CLI0032,2026-04-09,2026-05-15,122.6,76.6,100.5,22.1,Lead,On Hold,Medium,Allocated,62.8
ALC006611,EMP0162,PRJ0151,CLI0036,2026-06-14,2026-09-18,87.2,54.5,71.5,15.7,PM,Completed,High,Underallocated,92.3
ALC006612,EMP0039,PRJ0062,CLI0038,2026-01-16,2026-02-27,123.4,77.1,101.2,22.2,Developer,Active,High,Allocated,68.5
ALC006613,EMP0770,PRJ0094,CLI0008,2026-06-13,2026-10-11,124.5,77.8,102.1,22.4,Designer,Active,High,Allocated,60.1
ALC006614,EMP0377,PRJ0110,CLI0054,2026-06-01,2026-10-01,134.9,84.3,110.6,24.3,Support,Active,High,Allocated,83.5
ALC006615,EMP0242,PRJ0041,CLI0044,2026-05-12,2026-09-02,156.0,97.5,127.9,28.1,Lead,Completed,Low,Allocated,77.4
ALC006616,EMP0327,PRJ0083,CLI0032,2026-03-08,2026-04-28,128.6,80.4,105.5,23.1,Tester,On Hold,Medium,Allocated,63.1
ALC006617,EMP0632,PRJ0162,CLI0012,2026-04-08,2026-06-24,131.4,82.1,107.7,23.7,Support,Active,Critical,Allocated,80.8
ALC006618,EMP0399,PRJ0122,CLI0010,2026-05-17,2026-08-21,67.8,42.4,55.6,12.2,Tester,On Hold,Low,Underallocated,62.8
ALC006619,EMP0384,PRJ0160,CLI0057,2026-05-12,2026-10-08,50.7,31.7,41.6,9.1,Lead,Active,Low,Underallocated,70.6
ALC006620,EMP0697,PRJ0030,CLI0043,2026-04-02,2026-06-25,89.9,56.2,73.7,16.2,Tester,On Hold,Critical,Underallocated,79.3
ALC006621,EMP0516,PRJ0060,CLI0022,2026-01-18,2026-02-19,125.1,78.2,102.6,22.5,PM,Active,Low,Allocated,72.5
ALC006622,EMP0671,PRJ0093,CLI0012,2026-06-18,2026-08-02,,80.4,105.5,23.1,PM,On Hold,Low,Allocated,60.8
ALC006623,EMP0605,PRJ0161,CLI0056,2026-01-03,2026-04-13,11.0,6.9,9.0,2.0,Designer,On Hold,Low,Underallocated,66.1
ALC006624,EMP0588,PRJ0127,CLI0026,2026-02-11,2026-04-11,117.3,73.3,96.2,21.1,Designer,Active,Medium,Allocated,60.1
ALC006625,EMP0605,PRJ0017,CLI0050,2026-06-15,2026-08-16,157.0,98.1,128.7,28.3,Analyst,On Hold,High,Allocated,83.4
ALC006626,EMP0363,PRJ0173,CLI0012,2026-06-14,2026-08-04,202.4,126.5,166.0,36.4,Support,Active,Medium,Overallocated,94.5
ALC006627,EMP0813,PRJ0096,CLI0056,2026-05-02,2026-09-29,169.6,106.0,139.1,30.5,Designer,On Hold,Critical,Overallocated,71.0
ALC006628,EMP0688,PRJ0066,CLI0051,2026-04-17,2026-06-13,91.2,57.0,74.8,16.4,Designer,On Hold,Medium,Underallocated,62.6
ALC006629,EMP0570,PRJ0163,CLI0044,2026-04-14,2026-09-04,88.8,55.5,72.8,16.0,Analyst,On Hold,High,Underallocated,93.4
ALC006630,EMP0370,PRJ0099,CLI0038,2026-04-14,2026-08-16,131.7,82.3,108.0,23.7,Lead,Completed,Low,Allocated,60.6
ALC006631,EMP0589,PRJ0036,CLI0045,2026-05-01,2026-08-23,144.3,90.2,118.3,26.0,Tester,On Hold,Low,Allocated,82.1
ALC006632,EMP0168,PRJ0116,CLI0042,2026-04-13,2026-08-04,157.0,98.1,128.7,28.3,PM,Completed,Low,Allocated,82.7
ALC006633,EMP0497,PRJ0061,CLI0059,2026-05-09,2026-08-26,135.8,84.9,111.4,24.4,Analyst,On Hold,Critical,Allocated,70.8
ALC006634,EMP0126,PRJ0045,CLI0011,2026-02-03,2026-03-14,63.0,39.4,51.7,11.3,Developer,Completed,Low,Underallocated,63.9
ALC006635,EMP0393,PRJ0154,CLI0005,2026-03-02,2026-05-13,56.3,35.2,46.2,10.1,Tester,On Hold,Low,Underallocated,92.8
ALC006636,EMP0093,PRJ0015,CLI0015,2026-02-12,2026-05-11,170.4,106.5,139.7,30.7,Developer,On Hold,Critical,Overallocated,94.2
ALC006637,EMP0314,PRJ0108,CLI0055,2026-05-08,2026-07-06,105.4,65.9,86.4,19.0,Designer,Completed,Low,Allocated,63.5
ALC006638,EMP0830,PRJ0027,CLI0004,2026-01-04,2026-05-20,73.3,45.8,60.1,13.2,Developer,On Hold,Critical,Underallocated,94.1
ALC006639,EMP0095,PRJ0174,CLI0032,2026-06-05,2026-06-25,66.7,41.7,54.7,12.0,Tester,On Hold,High,Underallocated,85.5
ALC006640,EMP0796,PRJ0083,CLI0032,2026-06-09,2026-07-09,90.2,56.4,74.0,16.2,Tester,On Hold,Low,Underallocated,93.9
ALC006641,EMP0828,PRJ0086,CLI0017,2026-02-11,2026-05-16,175.7,109.8,144.1,31.6,Analyst,Active,Low,Overallocated,88.9
ALC006642,EMP0756,PRJ0078,CLI0031,2026-01-20,2026-05-28,102.2,63.9,83.8,18.4,Tester,Completed,Low,Allocated,89.3
ALC006643,EMP0087,PRJ0145,CLI0003,2026-03-09,2026-05-26,141.0,88.1,115.6,25.4,Tester,Active,Low,Allocated,80.2
ALC006644,EMP0640,,CLI0016,2026-05-03,2026-06-26,125.9,78.7,103.2,22.7,Tester,Active,High,Allocated,62.3
ALC006645,EMP0513,PRJ0140,CLI0018,2026-05-03,2026-06-19,109.6,68.5,89.9,19.7,Tester,On Hold,Low,Allocated,61.9
ALC006646,EMP0059,PRJ0096,CLI0056,2026-06-14,2026-09-24,33.0,20.6,27.1,5.9,Developer,Active,Low,Underallocated,84.4
ALC006647,EMP0044,PRJ0062,CLI0038,2026-03-17,2026-07-25,145.4,90.9,119.2,26.2,Analyst,On Hold,High,Allocated,64.0
ALC006648,EMP0395,PRJ0107,CLI0032,2026-01-08,2026-02-23,82.2,51.4,67.4,14.8,Analyst,Active,Critical,Underallocated,93.0
ALC006649,EMP0679,PRJ0021,CLI0060,2026-05-20,2026-10-15,45.8,28.6,37.6,8.2,PM,Completed,High,Underallocated,86.7
ALC006650,EMP0775,PRJ0086,CLI0017,2026-03-13,2026-06-27,38.1,23.8,31.2,6.9,Tester,On Hold,Critical,Underallocated,78.8
ALC006651,EMP0482,PRJ0104,CLI0018,2026-04-12,2026-08-22,135.5,84.7,111.1,24.4,Analyst,Active,High,Allocated,78.9
ALC006652,EMP0723,PRJ0001,CLI0057,2026-04-05,2026-08-16,144.3,90.2,118.3,26.0,PM,Active,High,Allocated,79.4
ALC006653,EMP0452,PRJ0142,CLI0026,2026-01-16,2026-04-12,20.6,12.9,16.9,3.7,PM,On Hold,High,Underallocated,92.9
ALC006654,EMP0096,PRJ0099,CLI0038,2026-02-14,2026-04-13,91.0,56.9,74.6,16.4,PM,Active,Medium,Underallocated,92.0
ALC006655,EMP0804,PRJ0022,CLI0037,2026-01-03,2026-05-01,126.6,79.1,103.8,22.8,PM,Active,High,Allocated,89.5
ALC006656,EMP0014,PRJ0015,CLI0015,2026-04-08,2026-05-26,118.2,73.9,96.9,21.3,Tester,On Hold,High,Allocated,67.7
ALC006657,EMP0362,PRJ0131,CLI0009,2026-02-09,2026-04-21,91.4,57.1,74.9,16.5,Developer,Completed,Low,Underallocated,79.4
ALC006658,EMP0785,PRJ0036,CLI0045,2026-03-15,2026-05-04,108.6,67.9,89.1,19.5,Designer,Completed,Critical,Allocated,85.7
ALC006659,EMP0331,PRJ0024,CLI0041,2026-05-13,2026-06-09,149.9,93.7,122.9,27.0,Tester,On Hold,Medium,Allocated,79.3
ALC006660,EMP0598,PRJ0109,CLI0010,2026-05-18,2026-07-24,129.4,80.9,106.1,23.3,Tester,Active,Critical,Allocated,62.3
ALC006661,EMP0482,PRJ0132,CLI0013,2026-03-12,2026-04-01,137.9,86.2,113.1,24.8,Lead,On Hold,Low,Allocated,69.6
ALC006662,EMP0767,PRJ0171,CLI0001,2026-01-14,2026-02-20,94.6,59.1,77.6,17.0,Support,Active,High,Underallocated,91.6
ALC006663,EMP0789,PRJ0026,CLI0019,2026-01-14,2026-05-22,61.1,38.2,50.1,11.0,Lead,Completed,Low,Underallocated,88.8
ALC006664,EMP0426,PRJ0176,CLI0014,2026-05-12,2026-07-24,121.8,76.1,99.9,21.9,Lead,On Hold,Critical,Allocated,71.6
ALC006665,EMP0579,PRJ0072,CLI0030,2026-02-01,2026-04-30,144.0,90.0,118.1,25.9,Tester,Active,High,Allocated,66.6
ALC006666,EMP0277,PRJ0009,CLI0015,2026-06-02,2026-09-03,85.0,53.1,69.7,15.3,PM,On Hold,High,Underallocated,92.9
ALC006667,EMP0203,PRJ0145,CLI0003,2026-01-21,2026-05-19,121.3,,99.5,21.8,Designer,Completed,High,Allocated,64.5
ALC006668,EMP0242,PRJ0055,CLI0015,2026-05-08,2026-07-08,111.8,69.9,91.7,20.1,Developer,Completed,Critical,Allocated,84.1
ALC006669,EMP0632,PRJ0097,CLI0018,2026-03-09,2026-07-25,45.4,28.4,37.2,8.2,Designer,On Hold,Low,Underallocated,65.0
ALC006670,EMP0846,PRJ0005,CLI0011,2026-04-13,2026-08-10,105.8,66.1,86.8,19.0,Developer,On Hold,Low,Allocated,81.8
ALC006671,EMP0216,PRJ0161,CLI0056,2026-06-09,2026-08-01,119.0,74.4,97.6,21.4,Developer,Completed,Low,Allocated,77.4
ALC006672,EMP0643,PRJ0143,CLI0032,2026-01-06,2026-02-12,93.4,58.4,76.6,16.8,Lead,On Hold,Critical,Underallocated,65.5
ALC006673,EMP0645,PRJ0027,CLI0004,2026-03-08,2026-06-24,155.7,97.3,127.7,28.0,Lead,Active,Critical,Allocated,61.7
ALC006674,EMP0054,PRJ0096,CLI0056,2026-03-15,2026-05-08,62.1,38.8,50.9,11.2,Support,Completed,High,Underallocated,91.9
ALC006675,EMP0143,PRJ0032,CLI0053,2026-01-14,2026-03-15,198.1,123.8,162.4,35.7,Tester,Active,Medium,Overallocated,78.7
ALC006676,EMP0630,PRJ0118,CLI0008,2026-04-02,2026-05-31,111.8,145.0,91.7,20.1,Lead,Active,High,Allocated,81.9
ALC006677,EMP0079,PRJ0080,CLI0026,2026-06-04,2026-07-12,104.3,65.2,85.5,18.8,Developer,Active,Medium,Allocated,76.1
ALC006678,EMP0501,PRJ0035,CLI0016,2026-01-19,2026-05-07,148.6,92.9,121.9,26.7,Analyst,Active,High,Allocated,95.0
ALC006679,EMP0198,PRJ0053,CLI0011,2026-02-05,2026-05-20,52.2,32.6,42.8,9.4,Analyst,Completed,Low,Underallocated,64.7
ALC006680,EMP0498,PRJ0010,CLI0035,2026-06-04,2026-07-09,203.0,126.9,166.5,36.5,Designer,Active,Critical,Overallocated,71.3
ALC006681,EMP0755,PRJ0137,CLI0012,2026-02-09,2026-04-17,84.6,52.9,69.4,15.2,Lead,Active,High,Underallocated,87.4
ALC006682,EMP0769,PRJ0071,CLI0036,2026-04-08,2026-06-30,147.5,92.2,120.9,26.6,Analyst,On Hold,Low,Allocated,64.7
ALC006683,EMP0642,PRJ0094,CLI0008,2026-04-17,2026-07-30,112.2,70.1,92.0,20.2,Developer,Active,Critical,Allocated,91.2
ALC006684,EMP0384,PRJ0006,CLI0019,2026-01-14,2026-04-18,71.4,44.6,58.5,12.9,Support,Active,Low,Underallocated,86.0
ALC006685,EMP0209,PRJ0152,CLI0005,2026-05-02,2026-09-16,152.8,95.5,125.3,27.5,Lead,On Hold,Low,Allocated,85.9
ALC006686,EMP0740,PRJ0153,CLI0030,2026-05-09,2026-09-28,133.1,83.2,109.1,24.0,Analyst,Completed,Critical,Allocated,77.0
ALC006687,EMP0431,PRJ0017,CLI0050,2026-05-06,2026-06-06,224.0,140.0,183.7,40.3,Analyst,On Hold,High,Overallocated,66.5
ALC006688,EMP0554,PRJ0096,CLI0056,2026-03-21,2026-06-16,127.5,79.7,104.5,22.9,Designer,Active,Critical,Allocated,81.4
ALC006689,EMP0359,PRJ0033,CLI0030,2026-06-04,2026-07-29,86.7,54.2,71.1,15.6,Support,On Hold,High,Underallocated,62.0
ALC006690,EMP0547,PRJ0123,CLI0039,2026-06-20,2026-08-15,37.8,23.6,31.0,6.8,PM,Completed,High,Underallocated,62.3
ALC006691,EMP0688,PRJ0026,CLI0019,2026-06-17,2026-08-12,82.2,51.4,67.4,14.8,PM,On Hold,Medium,Underallocated,84.0
ALC006692,EMP0647,PRJ0069,CLI0021,2026-02-20,2026-07-03,122.2,76.4,100.2,22.0,Support,Active,Critical,Allocated,94.4
ALC006693,EMP0379,PRJ0076,CLI0055,2026-03-21,2026-04-15,97.1,60.7,79.6,17.5,Tester,Active,Medium,Allocated,76.1
ALC006694,EMP0181,PRJ0023,CLI0035,2026-02-04,2026-06-11,142.6,89.1,116.9,25.7,Analyst,Completed,Medium,Allocated,82.8
ALC006695,EMP0506,PRJ0011,CLI0024,2026-06-01,2026-10-27,126.6,79.1,103.8,22.8,Support,On Hold,Low,Allocated,70.4
ALC006696,EMP0809,PRJ0080,CLI0026,2026-01-09,2026-02-28,62.1,38.8,50.9,11.2,Analyst,On Hold,Critical,Underallocated,63.2
ALC006697,EMP0484,PRJ0062,CLI0038,2026-02-21,2026-06-06,95.7,59.8,78.5,17.2,Designer,On Hold,Medium,Underallocated,86.0
ALC006698,EMP0608,PRJ0009,CLI0015,2026-06-09,2026-07-09,77.4,48.4,63.5,13.9,Developer,On Hold,Low,Underallocated,94.0
ALC006699,EMP0673,PRJ0157,CLI0044,2026-05-05,2026-07-16,125.8,78.6,103.2,22.6,PM,Active,Critical,Allocated,72.2
ALC006700,EMP0405,,CLI0044,2026-04-06,2026-08-17,129.3,80.8,106.0,23.3,Developer,On Hold,Critical,Allocated,88.7
ALC006701,EMP0808,PRJ0050,CLI0039,2026-05-02,2026-08-12,88.0,55.0,72.2,15.8,Support,On Hold,High,Underallocated,79.6
ALC006702,EMP0182,PRJ0017,CLI0050,2026-01-18,2026-03-07,46.4,29.0,38.0,8.4,Designer,Completed,Medium,Underallocated,75.0
ALC006703,EMP0054,PRJ0076,CLI0055,2026-02-07,2026-03-22,224.0,140.0,183.7,40.3,Tester,On Hold,High,Overallocated,68.4
ALC006704,EMP0778,PRJ0080,CLI0026,2026-04-15,2026-08-30,125.0,78.1,102.5,22.5,PM,On Hold,Medium,Allocated,69.2
ALC006705,EMP0361,PRJ0158,CLI0059,2026-01-01,2026-04-13,124.8,78.0,102.3,22.5,Developer,Active,Medium,Allocated,87.2
ALC006706,EMP0367,PRJ0162,CLI0012,2026-05-03,2026-07-12,37.0,23.1,30.3,6.7,Developer,Active,High,Underallocated,79.5
ALC006707,EMP0129,PRJ0152,CLI0005,2026-01-11,2026-03-02,141.0,88.1,115.6,25.4,Lead,Active,Low,Allocated,74.7
ALC006708,EMP0470,PRJ0147,CLI0001,2026-06-15,2026-09-05,154.6,96.6,126.8,27.8,Analyst,Active,High,Allocated,80.9
ALC006709,EMP0649,PRJ0163,CLI0044,2026-02-11,2026-04-05,125.6,78.5,103.0,22.6,Analyst,On Hold,High,Allocated,79.4
ALC006710,EMP0744,PRJ0151,CLI0036,2026-06-11,2026-09-13,117.4,73.4,96.3,21.1,Tester,On Hold,Critical,Allocated,84.7
ALC006711,EMP0213,PRJ0120,CLI0028,2026-04-08,2026-07-15,117.4,,96.3,21.1,Analyst,On Hold,Critical,Allocated,66.4
ALC006712,EMP0022,PRJ0127,CLI0026,2026-06-19,2026-11-10,76.5,47.8,62.7,13.8,Developer,On Hold,Critical,Underallocated,84.3
ALC006713,EMP0786,PRJ0033,CLI0030,2026-04-06,2026-06-04,84.2,52.6,69.0,15.2,Analyst,Completed,Medium,Underallocated,80.1
ALC006714,EMP0418,PRJ0054,CLI0021,2026-05-21,2026-07-09,102.7,64.2,84.2,18.5,Designer,On Hold,Critical,Allocated,84.2
ALC006715,EMP0184,PRJ0009,CLI0015,2026-02-03,2026-03-15,156.0,97.5,127.9,28.1,Tester,Active,High,Allocated,77.9
ALC006716,EMP0294,PRJ0074,CLI0006,2026-01-19,2026-04-15,122.7,76.7,100.6,22.1,Lead,On Hold,Medium,Allocated,91.2
ALC006717,EMP0846,PRJ0154,CLI0005,2026-01-06,2026-03-17,82.4,51.5,67.6,14.8,Support,Active,Medium,Underallocated,91.5
ALC006718,EMP0136,PRJ0042,CLI0026,2026-04-19,2026-06-08,86.1,53.8,70.6,15.5,Designer,Completed,Medium,Underallocated,68.8
ALC006719,EMP0619,PRJ0119,CLI0048,2026-05-20,2026-09-16,25.4,15.9,20.8,4.6,Lead,Active,High,Underallocated,82.9
ALC006720,EMP0006,PRJ0024,CLI0041,2026-02-12,2026-03-05,129.9,81.2,106.5,23.4,Designer,Active,Low,Allocated,80.5
ALC006721,EMP0510,PRJ0114,CLI0043,2026-05-14,2026-07-16,103.7,64.8,85.0,18.7,Designer,Active,High,Allocated,91.0
ALC006722,EMP0248,PRJ0162,CLI0012,2026-04-10,2026-05-29,119.5,74.7,98.0,21.5,Designer,Completed,Low,Allocated,69.4
ALC006723,EMP0116,PRJ0061,CLI0059,2026-03-11,2026-04-23,224.0,140.0,183.7,40.3,Tester,On Hold,Low,Overallocated,71.4
ALC006724,EMP0086,PRJ0143,CLI0032,2026-06-18,2026-11-03,94.1,58.8,77.2,16.9,Developer,On Hold,High,Underallocated,84.0
ALC006725,EMP0626,PRJ0165,CLI0030,2026-03-14,2026-04-11,120.6,75.4,98.9,21.7,Developer,On Hold,Medium,Allocated,73.1
ALC006726,EMP0352,PRJ0023,CLI0035,2026-01-01,2026-05-20,86.7,54.2,71.1,15.6,PM,On Hold,Critical,Underallocated,69.5
ALC006727,EMP0140,PRJ0166,CLI0028,2026-05-14,2026-08-01,105.3,65.8,86.3,19.0,Lead,Active,Critical,Allocated,79.4
ALC006728,EMP0013,PRJ0062,CLI0038,2026-06-04,2026-08-08,73.1,45.7,59.9,13.2,Tester,On Hold,High,Underallocated,77.3
ALC006729,EMP0489,PRJ0022,CLI0037,2026-02-10,2026-04-17,68.0,42.5,55.8,12.2,Developer,Active,Critical,Underallocated,75.7
ALC006730,EMP0468,PRJ0098,CLI0044,2026-01-10,2026-03-13,39.8,24.9,32.6,7.2,Tester,On Hold,Low,Underallocated,68.2
ALC006731,EMP0254,PRJ0052,CLI0022,2026-05-18,2026-06-19,68.6,42.9,56.3,12.3,Developer,On Hold,High,Underallocated,65.8
ALC006732,EMP0187,PRJ0031,CLI0044,2026-04-20,2026-08-27,121.3,75.8,99.5,21.8,Developer,Active,High,Allocated,71.2
ALC006733,EMP0076,PRJ0020,CLI0049,2026-05-19,2026-08-20,99.5,62.2,81.6,17.9,Tester,Active,Critical,Allocated,74.6
ALC006734,EMP0474,PRJ0078,CLI0031,2026-06-17,2026-11-09,103.2,64.5,84.6,18.6,Lead,Completed,Low,Allocated,90.8
ALC006735,EMP0163,PRJ0011,CLI0024,2026-06-12,2026-09-06,93.9,58.7,77.0,16.9,Designer,On Hold,Low,Underallocated,74.2
ALC006736,EMP0533,PRJ0095,CLI0017,2026-06-04,2026-10-28,118.2,73.9,96.9,21.3,Designer,Active,Medium,Allocated,70.9
ALC006737,EMP0537,PRJ0081,CLI0038,2026-01-19,2026-04-08,115.7,72.3,94.9,20.8,Designer,On Hold,Medium,Allocated,89.5
ALC006738,EMP0488,PRJ0120,CLI0028,2026-04-09,2026-08-25,113.3,70.8,92.9,20.4,Analyst,Active,Low,Allocated,86.5
ALC006739,EMP0374,PRJ0130,CLI0056,2026-03-18,2026-07-22,99.0,61.9,81.2,17.8,PM,On Hold,Low,Allocated,79.9
ALC006740,EMP0191,PRJ0172,CLI0044,2026-04-03,2026-08-30,141.1,88.2,115.7,25.4,Analyst,Completed,High,Allocated,70.3
ALC006741,EMP0584,PRJ0038,CLI0059,2026-02-01,2026-05-24,31.7,19.8,26.0,5.7,Support,Active,High,Underallocated,71.8
ALC006742,EMP0477,PRJ0108,CLI0055,2026-04-11,2026-08-27,81.4,50.9,66.7,14.7,Developer,Completed,High,Underallocated,65.6
ALC006743,EMP0645,PRJ0079,CLI0059,2026-04-07,2026-08-08,80.2,50.1,65.8,14.4,Lead,On Hold,Low,Underallocated,88.0
ALC006744,EMP0377,PRJ0091,CLI0026,2026-04-18,2026-06-24,137.8,86.1,113.0,24.8,Developer,Completed,Medium,Allocated,87.3
ALC006745,EMP0682,PRJ0016,CLI0049,2026-03-21,2026-04-23,90.4,56.5,74.1,16.3,Developer,On Hold,Medium,Underallocated,61.2
ALC006746,EMP0379,PRJ0003,CLI0041,2026-05-05,2026-08-18,73.1,45.7,59.9,13.2,Developer,On Hold,Low,Underallocated,90.8
ALC006747,EMP0798,PRJ0080,CLI0026,2026-03-01,2026-07-11,118.9,74.3,97.5,21.4,Tester,Active,Low,Allocated,65.9
ALC006748,EMP0678,PRJ0034,CLI0045,2026-05-12,2026-08-07,144.0,90.0,118.1,25.9,Tester,On Hold,High,Allocated,73.4
ALC006749,EMP0269,PRJ0059,CLI0017,2026-04-18,2026-05-08,141.6,88.5,116.1,25.5,Designer,On Hold,Critical,Allocated,80.1
ALC006750,EMP0487,PRJ0143,CLI0032,2026-06-10,2026-09-20,149.1,93.2,122.3,26.8,Designer,Active,Medium,Allocated,66.5
ALC006751,EMP0792,,CLI0028,2026-01-04,2026-03-18,116.8,73.0,95.8,21.0,Lead,Completed,Low,Allocated,69.6
ALC006752,EMP0667,PRJ0097,CLI0018,2026-05-19,2026-07-05,123.2,77.0,101.0,22.2,Designer,Active,Critical,Allocated,63.5
ALC006753,EMP0451,PRJ0075,CLI0033,2026-03-19,2026-07-14,101.6,63.5,83.3,18.3,PM,Completed,Critical,Allocated,87.0
ALC006754,EMP0524,PRJ0090,CLI0041,2026-03-17,2026-05-17,98.9,61.8,81.1,17.8,Tester,Completed,Medium,Allocated,82.8
ALC006755,EMP0014,PRJ0029,CLI0058,2026-06-17,2026-09-25,73.1,45.7,59.9,13.2,Analyst,Active,Medium,Underallocated,78.7
ALC006756,EMP0406,PRJ0171,CLI0001,2026-03-04,2026-04-25,139.7,87.3,114.6,25.1,Tester,Active,Critical,Allocated,76.1
ALC006757,EMP0351,PRJ0040,CLI0014,2026-04-02,2026-05-13,40.2,25.1,33.0,7.2,PM,Active,Critical,Underallocated,64.3
ALC006758,EMP0552,PRJ0097,CLI0018,2026-05-12,2026-06-20,59.7,37.3,49.0,10.7,Analyst,Active,Critical,Underallocated,80.3
ALC006759,EMP0231,PRJ0122,CLI0010,2026-03-05,2026-07-24,186.7,116.7,153.1,33.6,Lead,Active,Critical,Overallocated,78.5
ALC006760,EMP0818,PRJ0099,CLI0038,2026-03-06,2026-06-28,107.4,67.1,88.1,19.3,Support,On Hold,Medium,Allocated,74.8
ALC006761,EMP0230,PRJ0176,CLI0014,2026-06-06,2026-06-28,117.6,73.5,96.4,21.2,Developer,On Hold,High,Allocated,79.5
ALC006762,EMP0367,PRJ0121,CLI0015,2026-01-19,2026-06-08,63.5,39.7,52.1,11.4,Tester,Completed,Low,Underallocated,76.3
ALC006763,EMP0009,PRJ0061,CLI0059,2026-02-16,2026-06-29,131.4,,107.7,23.7,Support,Active,Low,Allocated,77.7
ALC006764,EMP0315,PRJ0028,CLI0011,2026-06-18,2026-07-20,167.0,104.4,136.9,30.1,Designer,Active,Medium,Overallocated,60.7
ALC006765,EMP0624,PRJ0033,CLI0030,2026-03-03,2026-07-15,170.1,106.3,139.5,30.6,Tester,Completed,Low,Overallocated,81.4
ALC006766,EMP0781,PRJ0089,CLI0043,2026-03-05,2026-04-30,51.4,32.1,42.1,9.3,Lead,On Hold,Medium,Underallocated,73.4
ALC006767,EMP0121,PRJ0139,CLI0008,2026-01-02,2026-05-27,158.7,,130.1,28.6,Lead,Completed,Low,Allocated,79.6
ALC006768,EMP0715,PRJ0042,CLI0026,2026-06-12,2026-08-22,112.5,70.3,92.2,20.2,Developer,Completed,Critical,Allocated,77.1
ALC006769,EMP0625,PRJ0004,CLI0056,2026-06-06,2026-10-30,10.9,6.8,8.9,2.0,PM,Completed,Medium,Underallocated,65.6
ALC006770,EMP0064,PRJ0139,CLI0008,2026-06-04,2026-09-16,50.4,31.5,41.3,9.1,PM,On Hold,High,Underallocated,94.6
ALC006771,EMP0771,PRJ0021,CLI0060,2026-04-04,2026-05-13,36.8,23.0,30.2,6.6,Support,Active,High,Underallocated,60.2
ALC006772,EMP0540,PRJ0012,CLI0020,2026-02-21,2026-06-02,136.0,85.0,111.5,24.5,Lead,Active,Critical,Allocated,93.0
ALC006773,EMP0022,PRJ0083,CLI0032,2026-03-18,2026-05-06,104.5,65.3,85.7,18.8,Designer,Active,Low,Allocated,60.5
ALC006774,EMP0163,PRJ0144,CLI0056,2026-05-18,2026-08-12,85.9,53.7,70.4,15.5,Support,On Hold,Low,Underallocated,91.9
ALC006775,EMP0266,PRJ0069,CLI0021,2026-03-18,2026-06-06,108.2,67.6,88.7,19.5,PM,On Hold,High,Allocated,85.4
ALC006776,EMP0376,PRJ0135,CLI0022,2026-02-20,2026-04-21,182.2,113.9,149.4,32.8,Analyst,Completed,Medium,Overallocated,69.4
ALC006777,EMP0680,PRJ0044,CLI0043,2026-04-13,2026-08-13,100.2,62.6,82.2,18.0,Designer,Completed,Low,Allocated,75.6
ALC006778,EMP0346,PRJ0114,CLI0043,2026-03-04,2026-04-25,125.1,78.2,102.6,22.5,PM,Completed,Critical,Allocated,90.1
ALC006779,EMP0630,PRJ0117,CLI0006,2026-06-18,2026-09-22,137.3,85.8,112.6,24.7,Designer,On Hold,High,Allocated,94.7
ALC006780,EMP0355,PRJ0036,CLI0045,2026-02-02,2026-05-25,63.4,39.6,52.0,11.4,Support,On Hold,Critical,Underallocated,75.0
ALC006781,EMP0820,PRJ0125,CLI0019,2026-06-06,2026-09-05,134.6,84.1,110.4,24.2,Developer,Completed,High,Allocated,80.3
ALC006782,EMP0113,PRJ0144,CLI0056,2026-01-02,2026-03-10,148.8,93.0,122.0,26.8,Lead,Completed,Critical,Allocated,64.8
ALC006783,EMP0025,PRJ0088,CLI0011,2026-06-14,2026-07-25,152.0,95.0,124.6,27.4,Support,Completed,Critical,Allocated,77.0
ALC006784,EMP0779,PRJ0114,CLI0043,2026-05-02,2026-07-16,106.1,66.3,87.0,19.1,Tester,Active,Low,Allocated,90.7
ALC006785,EMP0627,PRJ0047,CLI0018,2026-04-15,2026-08-29,149.4,93.4,122.5,26.9,Support,Completed,Low,Allocated,65.5
ALC006786,EMP0129,PRJ0027,CLI0004,2026-04-19,2026-07-13,131.7,82.3,108.0,23.7,Designer,On Hold,Critical,Allocated,61.2
ALC006787,EMP0493,PRJ0102,CLI0043,2026-04-03,2026-04-27,114.7,71.7,94.1,20.6,Lead,Active,High,Allocated,66.9
ALC006788,EMP0490,PRJ0162,CLI0012,2026-02-15,2026-06-17,148.6,92.9,121.9,26.7,Lead,On Hold,Medium,Allocated,89.8
ALC006789,EMP0282,PRJ0157,CLI0044,2026-05-05,2026-09-16,181.8,113.6,149.1,32.7,Developer,Active,Medium,Overallocated,84.9
ALC006790,EMP0417,PRJ0058,CLI0020,2026-01-12,2026-02-01,149.0,93.1,122.2,26.8,Designer,Active,Low,Allocated,82.4
ALC006791,EMP0128,PRJ0121,CLI0015,2026-01-19,2026-04-13,109.0,68.1,89.4,19.6,Designer,On Hold,Critical,Allocated,68.8
ALC006792,EMP0041,PRJ0023,CLI0035,2026-02-16,2026-05-30,92.5,57.8,75.8,16.6,Tester,On Hold,High,Underallocated,65.1
ALC006793,EMP0036,PRJ0083,CLI0032,2026-05-08,2026-06-26,133.1,83.2,109.1,24.0,Support,On Hold,Low,Allocated,63.2
ALC006794,EMP0623,PRJ0012,CLI0020,2026-01-11,2026-05-27,118.2,73.9,96.9,21.3,Support,Active,Critical,Allocated,86.6
ALC006795,EMP0654,PRJ0108,CLI0055,2026-05-02,2026-08-27,157.0,98.1,128.7,28.3,Lead,Active,Critical,Allocated,79.2
ALC006796,EMP0822,PRJ0114,CLI0043,2026-02-16,2026-05-16,73.9,46.2,60.6,13.3,Lead,Active,Critical,Underallocated,69.4
ALC006797,EMP0335,PRJ0101,CLI0028,2026-05-10,2026-09-24,153.4,95.9,125.8,27.6,Lead,On Hold,Medium,Allocated,64.6
ALC006798,EMP0199,PRJ0060,CLI0022,2026-01-20,2026-05-01,56.2,35.1,46.1,10.1,Analyst,Completed,High,Underallocated,89.0
ALC006799,EMP0781,PRJ0101,CLI0028,2026-04-03,2026-07-18,105.0,65.6,86.1,18.9,Designer,Completed,Critical,Allocated,87.2
ALC006800,EMP0365,PRJ0052,CLI0022,2026-01-05,2026-05-02,135.4,,111.0,24.4,Support,On Hold,Critical,Allocated,63.6
ALC006801,EMP0193,PRJ0026,CLI0019,2026-05-07,2026-10-03,107.5,67.2,88.1,19.3,Developer,Active,Medium,Allocated,80.8
ALC006802,EMP0341,PRJ0023,CLI0035,2026-05-13,2026-08-18,129.6,81.0,106.3,23.3,Developer,On Hold,High,Allocated,84.1
ALC006803,EMP0638,PRJ0019,CLI0054,2026-01-12,2026-05-07,167.4,104.6,137.3,30.1,PM,Active,High,Overallocated,71.3
ALC006804,EMP0300,PRJ0100,CLI0039,2026-01-03,2026-03-08,89.3,55.8,73.2,16.1,Developer,Completed,High,Underallocated,71.0
ALC006805,EMP0565,PRJ0158,CLI0059,2026-05-04,2026-06-04,55.8,34.9,45.8,10.0,Tester,Active,Low,Underallocated,83.7
ALC006806,EMP0185,PRJ0180,CLI0006,2026-06-17,2026-10-09,66.6,41.6,54.6,12.0,Tester,Active,Medium,Underallocated,87.6
ALC006807,EMP0433,PRJ0128,CLI0044,2026-06-08,2026-07-23,108.5,67.8,89.0,19.5,Lead,Active,Low,Allocated,78.9
ALC006808,EMP0232,PRJ0001,CLI0057,2026-02-06,2026-05-23,161.8,101.1,132.7,29.1,Tester,Completed,Critical,Overallocated,70.1
ALC006809,EMP0847,PRJ0043,CLI0043,2026-01-06,2026-03-09,99.5,62.2,81.6,17.9,Lead,Active,Low,Allocated,81.9
ALC006810,EMP0333,PRJ0011,CLI0024,2026-01-14,2026-04-09,198.2,123.9,162.5,35.7,Designer,On Hold,Critical,Overallocated,73.5
ALC006811,EMP0243,PRJ0126,CLI0060,2026-01-17,2026-05-06,61.1,38.2,50.1,11.0,Analyst,On Hold,Critical,Underallocated,85.6
ALC006812,EMP0646,PRJ0139,CLI0008,2026-05-20,2026-07-12,42.1,26.3,34.5,7.6,Support,Completed,Low,Underallocated,77.6
ALC006813,EMP0427,PRJ0125,CLI0019,2026-02-07,2026-03-19,121.4,75.9,99.5,21.9,Analyst,On Hold,Critical,Allocated,93.9
ALC006814,EMP0679,PRJ0165,CLI0030,2026-02-07,2026-04-29,89.3,55.8,73.2,16.1,Developer,Completed,Medium,Underallocated,64.9
ALC006815,EMP0561,PRJ0033,CLI0030,2026-06-13,2026-07-10,81.9,51.2,67.2,14.7,Lead,On Hold,High,Underallocated,73.7
ALC006816,EMP0375,PRJ0168,CLI0016,2026-01-13,2026-02-07,,70.5,92.5,20.3,Support,Active,High,Allocated,85.2
ALC006817,EMP0453,PRJ0005,CLI0011,2026-04-13,2026-08-20,62.7,39.2,51.4,11.3,PM,Active,Low,Underallocated,74.9
ALC006818,EMP0492,PRJ0023,CLI0035,2026-03-21,2026-06-30,133.8,83.6,109.7,24.1,Support,Active,High,Allocated,60.2
ALC006819,EMP0459,,CLI0042,2026-04-09,2026-05-22,119.8,74.9,98.2,21.6,PM,On Hold,Medium,Allocated,69.6
ALC006820,EMP0059,PRJ0165,CLI0030,2026-02-20,2026-03-20,97.8,61.1,80.2,17.6,Support,On Hold,Critical,Allocated,83.2
ALC006821,EMP0600,PRJ0167,CLI0027,2026-04-19,2026-05-26,120.5,75.3,98.8,21.7,Tester,Active,Medium,Allocated,85.2
ALC006822,EMP0343,PRJ0160,CLI0057,2026-04-01,2026-08-29,188.5,117.8,154.6,33.9,Designer,Completed,Critical,Overallocated,70.2
ALC006823,EMP0026,PRJ0010,CLI0035,2026-01-12,2026-03-20,102.2,63.9,83.8,18.4,Lead,On Hold,Low,Allocated,76.0
ALC006824,EMP0382,PRJ0141,CLI0028,2026-03-10,2026-06-07,92.3,57.7,75.7,16.6,Tester,Active,Low,Underallocated,74.4
ALC006825,EMP0814,PRJ0049,CLI0043,2026-02-08,2026-03-07,138.9,86.8,113.9,25.0,PM,Active,Critical,Allocated,60.4
ALC006826,EMP0519,PRJ0132,CLI0013,2026-04-11,2026-05-13,85.4,53.4,70.0,15.4,Tester,On Hold,Critical,Underallocated,80.5
ALC006827,EMP0716,PRJ0016,CLI0049,2026-03-07,2026-05-10,131.2,82.0,107.6,23.6,Tester,Completed,Critical,Allocated,72.1
ALC006828,EMP0057,PRJ0133,CLI0044,2026-06-11,2026-10-10,144.8,90.5,118.7,26.1,Support,Active,High,Allocated,76.3
ALC006829,EMP0798,PRJ0040,CLI0014,2026-04-01,2026-08-03,168.0,105.0,137.8,30.2,Designer,Active,Low,Overallocated,82.7
ALC006830,EMP0675,PRJ0053,CLI0011,2026-02-05,2026-06-10,99.2,62.0,81.3,17.9,Developer,Active,Medium,Allocated,81.7
ALC006831,EMP0235,PRJ0158,CLI0059,2026-01-08,2026-02-05,59.2,37.0,48.5,10.7,Analyst,Active,High,Underallocated,83.5
ALC006832,EMP0527,PRJ0064,CLI0024,2026-06-20,2026-09-18,101.8,63.6,83.5,18.3,Tester,Completed,Medium,Allocated,76.3
ALC006833,EMP0642,PRJ0084,CLI0016,2026-06-19,2026-10-01,119.0,74.4,97.6,21.4,Support,Active,High,Allocated,87.2
ALC006834,EMP0545,PRJ0144,CLI0056,2026-02-19,2026-05-09,87.4,54.6,71.7,15.7,Developer,Active,Low,Underallocated,75.3
ALC006835,EMP0772,PRJ0115,CLI0050,2026-03-10,2026-08-07,117.3,73.3,96.2,21.1,Tester,Completed,Low,Allocated,65.6
ALC006836,EMP0236,PRJ0015,CLI0015,2026-03-06,2026-06-03,181.8,113.6,149.1,32.7,Lead,Completed,Medium,Overallocated,67.1
ALC006837,EMP0564,PRJ0098,CLI0044,2026-02-17,2026-06-06,89.1,55.7,73.1,16.0,Designer,On Hold,Medium,Underallocated,76.3
ALC006838,EMP0063,PRJ0138,CLI0018,2026-01-09,2026-01-29,79.7,49.8,65.4,14.3,PM,Active,Critical,Underallocated,91.8
ALC006839,EMP0521,PRJ0110,CLI0054,2026-02-16,2026-03-19,,93.5,122.7,26.9,Developer,On Hold,Low,Allocated,93.0
ALC006840,EMP0561,PRJ0065,CLI0003,2026-03-01,2026-07-10,62.4,39.0,51.2,11.2,Tester,Completed,Medium,Underallocated,80.7
ALC006841,EMP0529,PRJ0033,CLI0030,2026-01-08,2026-05-27,112.5,70.3,92.2,20.2,Tester,Completed,Low,Allocated,74.9
ALC006842,EMP0330,PRJ0039,CLI0024,2026-01-01,2026-02-05,91.0,56.9,74.6,16.4,Analyst,On Hold,Medium,Underallocated,78.4
ALC006843,EMP0381,PRJ0076,CLI0055,2026-01-19,2026-03-29,45.9,28.7,37.6,8.3,Support,Completed,High,Underallocated,83.4
ALC006844,EMP0746,PRJ0024,CLI0041,2026-05-17,2026-09-21,106.2,66.4,87.1,19.1,Lead,Active,Critical,Allocated,83.9
ALC006845,EMP0295,PRJ0073,CLI0016,2026-01-11,2026-04-20,86.9,54.3,71.3,15.6,Designer,Active,Medium,Underallocated,87.0
ALC006846,EMP0291,PRJ0120,CLI0028,2026-01-10,2026-03-28,132.3,82.7,108.5,23.8,PM,Completed,Critical,Allocated,85.8
ALC006847,EMP0005,PRJ0155,CLI0042,2026-04-13,2026-07-28,120.0,75.0,98.4,21.6,Support,Completed,Low,Allocated,61.3
ALC006848,EMP0162,PRJ0157,CLI0044,2026-04-19,2026-05-29,119.0,74.4,97.6,21.4,Developer,Active,High,Allocated,68.3
ALC006849,EMP0403,PRJ0027,CLI0004,2026-06-02,2026-07-19,74.1,46.3,60.8,13.3,Developer,On Hold,High,Underallocated,76.0
ALC006850,EMP0456,PRJ0128,CLI0044,2026-01-18,2026-05-07,89.4,55.9,73.3,16.1,Support,On Hold,Medium,Underallocated,88.5
ALC006851,EMP0814,PRJ0015,CLI0015,2026-02-04,2026-06-01,122.1,76.3,100.1,22.0,Developer,Active,Critical,Allocated,79.9
ALC006852,EMP0015,PRJ0134,CLI0007,2026-03-10,2026-07-10,76.5,47.8,62.7,13.8,Tester,On Hold,Critical,Underallocated,61.6
ALC006853,EMP0407,PRJ0141,CLI0028,2026-06-07,2026-08-08,110.4,69.0,90.5,19.9,Designer,On Hold,Low,Allocated,91.4
ALC006854,EMP0519,PRJ0060,CLI0022,2026-04-16,2026-07-13,125.9,78.7,103.2,22.7,Designer,Completed,High,Allocated,82.2
ALC006855,EMP0750,PRJ0081,CLI0038,2026-03-01,2026-07-10,141.9,88.7,116.4,25.5,Tester,On Hold,High,Allocated,91.7
ALC006856,EMP0474,PRJ0153,CLI0030,2026-01-02,2026-03-11,90.4,56.5,74.1,16.3,PM,Completed,High,Underallocated,67.2
ALC006857,EMP0705,PRJ0086,CLI0017,2026-02-18,2026-06-09,96.3,60.2,79.0,17.3,PM,Completed,Critical,Allocated,67.8
ALC006858,EMP0605,PRJ0157,CLI0044,2026-04-21,2026-07-10,119.8,74.9,98.2,21.6,Lead,On Hold,Low,Allocated,82.4
ALC006859,EMP0303,PRJ0048,CLI0035,2026-05-04,2026-07-08,82.7,51.7,67.8,14.9,Support,Completed,Low,Underallocated,80.3
ALC006860,EMP0200,PRJ0111,CLI0043,2026-02-02,2026-03-26,56.6,35.4,46.4,10.2,Designer,On Hold,High,Underallocated,79.7
ALC006861,EMP0723,PRJ0052,CLI0022,2026-02-04,2026-05-21,126.1,78.8,103.4,22.7,Support,Active,Critical,Allocated,94.0
ALC006862,EMP0027,PRJ0139,CLI0008,2026-02-07,2026-06-21,101.6,63.5,83.3,18.3,Analyst,Completed,High,Allocated,76.4
ALC006863,EMP0456,PRJ0060,CLI0022,2026-02-05,2026-03-12,133.4,83.4,109.4,24.0,Designer,On Hold,Low,Allocated,77.1
ALC006864,EMP0741,PRJ0113,CLI0050,2026-02-05,2026-03-04,89.1,55.7,73.1,16.0,Support,Active,High,Underallocated,94.7
ALC006865,EMP0445,PRJ0089,CLI0043,2026-03-21,2026-07-29,115.5,72.2,94.7,20.8,Developer,Active,Critical,Allocated,91.9
ALC006866,EMP0683,PRJ0016,CLI0049,2026-06-12,2026-07-06,39.8,24.9,32.6,7.2,Lead,Active,Low,Underallocated,75.0
ALC006867,EMP0346,PRJ0120,CLI0028,2026-04-21,2026-07-24,136.3,85.2,111.8,24.5,Developer,On Hold,High,Allocated,72.1
ALC006868,EMP0507,PRJ0048,CLI0035,2026-06-18,2026-09-10,90.6,56.6,74.3,16.3,Support,Active,Low,Underallocated,86.1
ALC006869,EMP0071,PRJ0017,CLI0050,2026-06-03,2026-08-22,106.4,66.5,87.2,19.2,Lead,On Hold,Low,Allocated,70.3
ALC006870,EMP0191,PRJ0148,CLI0035,2026-02-20,2026-04-04,105.9,66.2,86.8,19.1,Tester,Active,High,Allocated,92.2
ALC006871,EMP0087,PRJ0085,CLI0045,2026-03-12,2026-05-12,98.1,61.3,80.4,17.7,Support,Completed,Medium,Allocated,82.7
ALC006872,EMP0225,PRJ0153,CLI0030,2026-03-15,2026-04-14,114.6,71.6,94.0,20.6,Designer,On Hold,High,Allocated,82.7
ALC006873,EMP0679,PRJ0062,CLI0038,2026-02-17,2026-06-07,112.5,70.3,92.2,20.2,PM,Completed,High,Allocated,61.8
ALC006874,EMP0276,PRJ0124,CLI0045,2026-04-10,2026-05-30,120.8,75.5,99.1,21.7,Analyst,Active,Medium,Allocated,86.8
ALC006875,EMP0273,PRJ0117,CLI0006,2026-06-19,2026-07-19,61.6,38.5,50.5,11.1,PM,On Hold,High,Underallocated,83.1
ALC006876,EMP0154,PRJ0143,CLI0032,2026-03-10,2026-07-15,142.9,89.3,117.2,25.7,Analyst,Active,Low,Allocated,66.3
ALC006877,EMP0682,PRJ0080,CLI0026,2026-04-19,2026-05-31,107.0,66.9,87.7,19.3,Analyst,Active,Medium,Allocated,66.1
ALC006878,EMP0644,PRJ0051,CLI0059,2026-02-06,2026-03-20,125.6,78.5,103.0,22.6,Lead,On Hold,Critical,Allocated,71.2
ALC006879,EMP0357,PRJ0081,CLI0038,2026-02-14,2026-04-28,106.9,66.8,87.7,19.2,Lead,Active,Low,Allocated,63.4
ALC006880,EMP0839,PRJ0115,CLI0050,2026-06-07,2026-10-05,69.4,43.4,56.9,12.5,Developer,On Hold,High,Underallocated,87.6
ALC006881,EMP0662,PRJ0044,CLI0043,2026-01-18,2026-06-07,213.3,133.3,174.9,38.4,Designer,On Hold,Medium,Overallocated,91.5
ALC006882,EMP0332,PRJ0162,CLI0012,2026-02-09,2026-03-27,117.0,73.1,95.9,21.1,Lead,Completed,Low,Allocated,92.1
ALC006883,EMP0033,PRJ0004,CLI0056,2026-04-13,2026-07-06,,30.6,40.2,8.8,Designer,Active,Medium,Underallocated,65.7
ALC006884,EMP0084,PRJ0046,CLI0048,2026-06-16,2026-09-02,108.3,67.7,88.8,19.5,Lead,Completed,High,Allocated,68.5
ALC006885,EMP0251,PRJ0124,CLI0045,2026-01-13,2026-03-27,96.3,60.2,79.0,17.3,Lead,Completed,Medium,Allocated,61.2
ALC006886,EMP0271,PRJ0085,CLI0045,2026-02-17,2026-05-28,105.4,65.9,86.4,19.0,Developer,Active,Critical,Allocated,67.5
ALC006887,EMP0026,PRJ0106,CLI0041,2026-01-10,2026-04-25,46.6,29.1,38.2,8.4,PM,Completed,Medium,Underallocated,86.3
ALC006888,EMP0281,PRJ0029,CLI0058,2026-05-15,2026-06-05,113.1,70.7,92.7,20.4,Developer,On Hold,High,Allocated,84.6
ALC006889,EMP0084,PRJ0162,CLI0012,2026-06-15,2026-08-13,77.1,48.2,63.2,13.9,Developer,Active,Medium,Underallocated,83.9
ALC006890,EMP0337,PRJ0093,CLI0012,2026-04-14,2026-07-15,171.0,106.9,140.2,30.8,PM,Completed,High,Overallocated,82.6
ALC006891,EMP0574,PRJ0100,CLI0039,2026-05-04,2026-07-25,107.7,67.3,88.3,19.4,PM,Completed,High,Allocated,90.6
ALC006892,EMP0055,PRJ0107,CLI0032,2026-03-07,2026-05-12,140.8,88.0,115.5,25.3,Analyst,Active,Critical,Allocated,69.5
ALC006893,EMP0526,PRJ0010,CLI0035,2026-06-20,2026-10-27,147.4,92.1,120.9,26.5,Developer,On Hold,Critical,Allocated,94.3
ALC006894,EMP0682,PRJ0011,CLI0024,2026-05-13,2026-06-29,129.9,81.2,106.5,23.4,Designer,Completed,High,Allocated,67.3
ALC006895,EMP0467,PRJ0083,CLI0032,2026-04-05,2026-06-01,118.6,74.1,97.3,21.3,PM,Completed,Medium,Allocated,64.8
ALC006896,EMP0378,PRJ0115,CLI0050,2026-05-03,2026-07-13,155.8,97.4,127.8,28.0,Developer,Completed,Medium,Allocated,71.0
ALC006897,EMP0011,PRJ0093,CLI0012,2026-01-03,2026-05-28,87.2,54.5,71.5,15.7,Designer,Completed,Low,Underallocated,84.7
ALC006898,EMP0313,PRJ0050,CLI0039,2026-06-02,2026-09-21,141.9,88.7,116.4,25.5,Analyst,Active,High,Allocated,72.0
ALC006899,EMP0237,PRJ0076,CLI0055,2026-01-02,2026-03-16,95.4,59.6,78.2,17.2,Designer,On Hold,Low,Underallocated,75.4
ALC006900,EMP0467,PRJ0139,CLI0008,2026-06-05,2026-10-11,115.7,72.3,94.9,20.8,Lead,Active,Medium,Allocated,88.7
ALC006901,EMP0001,PRJ0170,CLI0032,2026-05-07,2026-07-21,63.5,39.7,52.1,11.4,Support,Completed,High,Underallocated,92.7
ALC006902,EMP0057,PRJ0160,CLI0057,2026-04-03,2026-05-18,59.8,37.4,49.0,10.8,Support,Completed,High,Underallocated,91.5
ALC006903,EMP0263,PRJ0117,CLI0006,2026-06-08,2026-09-28,109.0,68.1,89.4,19.6,Lead,Completed,Medium,Allocated,63.0
ALC006904,EMP0184,PRJ0006,CLI0019,2026-03-16,2026-07-26,154.9,96.8,127.0,27.9,Support,Active,Medium,Allocated,88.8
ALC006905,EMP0741,PRJ0162,CLI0012,2026-04-16,2026-06-20,103.8,64.9,85.1,18.7,Tester,Completed,Critical,Allocated,95.0
ALC006906,EMP0393,PRJ0164,CLI0018,2026-01-10,2026-06-05,179.5,112.2,147.2,32.3,Tester,On Hold,Low,Overallocated,70.1
ALC006907,EMP0022,PRJ0076,CLI0055,2026-01-12,2026-02-24,127.8,79.9,104.8,23.0,Support,On Hold,Medium,Allocated,64.8
ALC006908,EMP0769,PRJ0173,CLI0012,2026-02-12,2026-05-22,105.3,65.8,86.3,19.0,Support,Active,Critical,Allocated,71.5
ALC006909,EMP0633,PRJ0131,CLI0009,2026-01-02,2026-04-27,171.2,107.0,140.4,30.8,Analyst,Active,Critical,Overallocated,75.7
ALC006910,EMP0160,PRJ0138,CLI0018,2026-01-09,2026-05-13,164.3,102.7,134.7,29.6,Lead,Completed,Medium,Overallocated,91.5
ALC006911,EMP0251,PRJ0035,CLI0016,2026-06-01,2026-10-22,57.6,36.0,47.2,10.4,Support,Active,Low,Underallocated,88.1
ALC006912,EMP0046,PRJ0071,CLI0036,2026-01-11,2026-02-14,110.4,69.0,90.5,19.9,Tester,Active,Critical,Allocated,69.7
ALC006913,EMP0391,PRJ0142,CLI0026,2026-04-07,2026-08-26,132.5,82.8,108.6,23.8,Designer,Completed,Low,Allocated,82.3
ALC006914,EMP0025,PRJ0056,CLI0042,2026-02-18,2026-04-13,140.8,88.0,115.5,25.3,Analyst,On Hold,Critical,Allocated,68.4
ALC006915,EMP0514,PRJ0150,CLI0003,2026-01-15,2026-03-24,136.3,85.2,111.8,24.5,Tester,Active,High,Allocated,92.4
ALC006916,EMP0596,PRJ0125,CLI0019,2026-01-11,2026-03-21,105.4,65.9,86.4,19.0,Designer,Completed,Low,Allocated,76.0
ALC006917,EMP0188,PRJ0106,CLI0041,2026-06-12,2026-10-03,99.5,62.2,81.6,17.9,Developer,Completed,Low,Allocated,70.7
ALC006918,EMP0610,PRJ0107,CLI0032,2026-04-03,2026-05-15,107.8,67.4,88.4,19.4,Support,Completed,Low,Allocated,79.9
ALC006919,EMP0626,PRJ0085,CLI0045,2026-01-12,2026-02-16,82.1,51.3,67.3,14.8,Designer,Completed,Low,Underallocated,63.7
ALC006920,EMP0584,PRJ0030,CLI0043,2026-01-09,2026-06-02,57.4,35.9,47.1,10.3,Tester,Completed,Critical,Underallocated,93.0
ALC006921,EMP0791,PRJ0043,CLI0043,2026-06-05,2026-08-21,132.6,82.9,108.7,23.9,Lead,On Hold,High,Allocated,94.4
ALC006922,EMP0175,PRJ0039,CLI0024,2026-04-08,2026-05-13,135.0,84.4,110.7,24.3,Support,On Hold,High,Allocated,61.6
ALC006923,EMP0804,PRJ0087,CLI0046,2026-04-09,2026-07-17,182.2,113.9,149.4,32.8,Lead,Active,High,Overallocated,91.4
ALC006924,EMP0025,PRJ0050,CLI0039,2026-03-13,2026-05-03,88.3,55.2,72.4,15.9,Lead,Completed,Critical,Underallocated,88.5
ALC006925,EMP0489,PRJ0045,CLI0011,2026-05-19,2026-08-30,126.6,79.1,103.8,22.8,Lead,On Hold,High,Allocated,70.5
ALC006926,EMP0296,PRJ0086,CLI0017,2026-05-19,2026-06-17,101.8,63.6,83.5,18.3,Designer,Active,High,Allocated,80.7
ALC006927,EMP0708,PRJ0037,CLI0057,2026-04-04,2026-05-21,106.2,66.4,87.1,19.1,Developer,Completed,Critical,Allocated,85.6
ALC006928,EMP0595,PRJ0154,CLI0005,2026-03-10,2026-06-05,86.7,54.2,71.1,15.6,Analyst,Completed,Critical,Underallocated,71.4
ALC006929,EMP0184,PRJ0052,CLI0022,2026-03-19,2026-08-05,113.9,71.2,93.4,20.5,Tester,Active,Low,Allocated,78.8
ALC006930,EMP0619,PRJ0108,CLI0055,2026-03-01,2026-04-02,167.4,104.6,137.3,30.1,Lead,On Hold,High,Overallocated,71.4
ALC006931,EMP0065,PRJ0028,CLI0011,2026-03-11,2026-08-08,94.7,59.2,77.7,17.0,Support,Completed,Critical,Underallocated,74.3
ALC006932,EMP0330,PRJ0037,CLI0057,2026-06-20,2026-11-15,128.2,80.1,105.1,23.1,Support,Completed,Medium,Allocated,66.6
ALC006933,EMP0509,PRJ0097,CLI0018,2026-02-08,2026-03-16,88.2,55.1,72.3,15.9,Analyst,Active,Critical,Underallocated,82.2
ALC006934,EMP0319,PRJ0166,CLI0028,2026-06-13,2026-09-17,53.4,33.4,43.8,9.6,Support,Active,Low,Underallocated,64.0
ALC006935,EMP0250,PRJ0148,CLI0035,2026-06-18,2026-09-20,105.8,66.1,86.8,19.0,Designer,Completed,Medium,Allocated,84.2
ALC006936,EMP0298,PRJ0035,CLI0016,2026-06-17,2026-10-18,188.6,117.9,154.7,33.9,Designer,On Hold,Medium,Overallocated,69.1
ALC006937,EMP0023,PRJ0095,CLI0017,2026-04-15,2026-06-20,79.4,49.6,65.1,14.3,Developer,On Hold,High,Underallocated,82.1
ALC006938,EMP0698,PRJ0010,CLI0035,2026-02-21,2026-06-15,73.3,45.8,60.1,13.2,Developer,Active,Critical,Underallocated,63.4
ALC006939,EMP0430,PRJ0125,CLI0019,2026-06-08,2026-10-23,77.0,48.1,63.1,13.9,Support,Active,Critical,Underallocated,77.7
ALC006940,EMP0463,PRJ0107,CLI0032,2026-03-12,2026-04-27,184.3,115.2,151.1,33.2,Designer,Completed,Critical,Overallocated,80.7
ALC006941,EMP0720,PRJ0039,CLI0024,2026-02-15,2026-06-21,156.2,97.6,128.1,28.1,Designer,Completed,Low,Allocated,85.5
ALC006942,EMP0668,PRJ0101,CLI0028,2026-03-13,2026-04-11,137.3,85.8,112.6,24.7,Analyst,Active,Medium,Allocated,88.8
ALC006943,EMP0369,PRJ0090,CLI0041,2026-05-08,2026-10-05,166.2,103.9,136.3,29.9,Developer,Active,High,Overallocated,72.2
ALC006944,EMP0791,PRJ0046,CLI0048,2026-05-20,2026-08-09,148.3,92.7,121.6,26.7,Tester,Active,Critical,Allocated,81.1
ALC006945,EMP0362,PRJ0035,CLI0016,2026-04-01,2026-07-20,107.7,67.3,88.3,19.4,PM,Completed,Medium,Allocated,68.7
ALC006946,EMP0323,PRJ0054,CLI0021,2026-04-11,2026-07-09,93.9,58.7,77.0,16.9,Tester,Active,Medium,Underallocated,73.9
ALC006947,EMP0378,PRJ0140,CLI0018,2026-05-21,2026-07-27,153.1,95.7,125.5,27.6,Analyst,Completed,High,Allocated,73.2
ALC006948,EMP0146,PRJ0151,CLI0036,2026-01-04,2026-05-16,116.5,72.8,95.5,21.0,Developer,On Hold,Critical,Allocated,81.7
ALC006949,EMP0254,PRJ0169,CLI0060,2026-05-12,2026-08-23,75.4,47.1,61.8,13.6,Analyst,On Hold,Low,Underallocated,67.2
ALC006950,EMP0033,PRJ0055,CLI0015,2026-06-09,2026-10-19,133.0,83.1,109.1,23.9,Lead,On Hold,Medium,Allocated,79.8
ALC006951,EMP0813,PRJ0037,CLI0057,2026-02-20,2026-04-23,99.2,62.0,81.3,17.9,Analyst,Completed,Critical,Allocated,85.8
ALC006952,EMP0120,PRJ0009,CLI0015,2026-06-08,2026-08-30,156.5,97.8,128.3,28.2,Tester,On Hold,Low,Allocated,92.9
ALC006953,EMP0336,PRJ0037,CLI0057,2026-03-17,2026-06-07,73.3,45.8,60.1,13.2,Developer,Active,High,Underallocated,68.5
ALC006954,EMP0083,PRJ0104,CLI0018,2026-01-16,2026-05-04,134.7,84.2,110.5,24.2,Developer,Active,High,Allocated,77.2
ALC006955,EMP0329,PRJ0176,CLI0014,2026-03-09,2026-06-19,118.4,74.0,97.1,21.3,Tester,Completed,Medium,Allocated,91.2
ALC006956,EMP0780,PRJ0016,CLI0049,2026-05-19,2026-06-25,119.4,74.6,97.9,21.5,Tester,On Hold,High,Allocated,84.9
ALC006957,EMP0599,PRJ0165,CLI0030,2026-04-16,2026-06-21,123.2,77.0,101.0,22.2,Analyst,On Hold,Critical,Allocated,92.2
ALC006958,EMP0345,PRJ0166,CLI0028,2026-05-03,2026-07-16,104.3,65.2,85.5,18.8,Analyst,Completed,Critical,Allocated,89.4
ALC006959,EMP0199,PRJ0173,CLI0012,2026-05-20,2026-08-31,132.0,82.5,108.2,23.8,Support,Completed,High,Allocated,66.4
ALC006960,EMP0244,PRJ0111,CLI0043,2026-05-03,2026-09-22,123.2,77.0,101.0,22.2,PM,Active,Low,Allocated,73.8
ALC006961,EMP0165,PRJ0152,CLI0005,2026-05-07,2026-06-27,116.6,72.9,95.6,21.0,Support,Completed,High,Allocated,61.0
ALC006962,EMP0829,PRJ0014,CLI0026,2026-01-04,2026-02-12,160.3,100.2,131.4,28.9,Support,Active,Low,Overallocated,77.5
ALC006963,EMP0789,PRJ0142,CLI0026,2026-01-02,2026-04-18,58.2,36.4,47.7,10.5,Analyst,Active,Medium,Underallocated,76.6
ALC006964,EMP0725,PRJ0059,CLI0017,2026-04-09,2026-05-31,135.5,84.7,111.1,24.4,Analyst,On Hold,Critical,Allocated,93.3
ALC006965,EMP0070,PRJ0091,CLI0026,2026-04-21,2026-09-07,120.8,75.5,99.1,21.7,PM,Completed,Medium,Allocated,92.6
ALC006966,EMP0130,PRJ0078,CLI0031,2026-04-09,2026-06-17,132.0,82.5,108.2,23.8,Developer,On Hold,High,Allocated,75.8
ALC006967,EMP0059,PRJ0065,CLI0003,2026-05-07,2026-08-21,136.2,85.1,111.7,24.5,Analyst,Completed,Critical,Allocated,61.7
ALC006968,EMP0549,PRJ0061,CLI0059,2026-05-16,2026-10-09,138.4,86.5,113.5,24.9,Tester,Active,High,Allocated,89.8
ALC006969,EMP0807,PRJ0145,CLI0003,2026-06-06,2026-07-20,96.6,60.4,79.2,17.4,Designer,On Hold,Medium,Allocated,85.1
ALC006970,EMP0328,PRJ0179,CLI0012,2026-04-03,2026-05-22,85.9,53.7,70.4,15.5,Analyst,Completed,Medium,Underallocated,76.5
ALC006971,EMP0446,PRJ0059,CLI0017,2026-01-06,2026-05-01,130.9,81.8,107.3,23.6,Analyst,Active,Medium,Allocated,65.1
ALC006972,EMP0566,PRJ0052,CLI0022,2026-05-03,2026-09-30,171.0,106.9,140.2,30.8,Support,On Hold,High,Overallocated,81.6
ALC006973,EMP0085,PRJ0172,CLI0044,2026-02-05,2026-02-27,103.7,64.8,85.0,18.7,Developer,Active,Medium,Allocated,64.1
ALC006974,EMP0710,PRJ0138,CLI0018,2026-04-14,2026-08-30,71.5,44.7,58.6,12.9,Support,Active,Medium,Underallocated,83.1
ALC006975,EMP0553,PRJ0084,CLI0016,2026-05-07,2026-06-04,143.7,89.8,117.8,25.9,Developer,On Hold,Low,Allocated,85.0
ALC006976,EMP0214,PRJ0138,CLI0018,2026-01-05,2026-01-31,78.7,49.2,64.5,14.2,Analyst,Completed,Medium,Underallocated,60.3
ALC006977,EMP0287,PRJ0110,CLI0054,2026-04-08,2026-07-21,124.5,77.8,102.1,22.4,Lead,Completed,Medium,Allocated,66.4
ALC006978,EMP0728,PRJ0036,CLI0045,2026-02-13,2026-06-06,72.0,45.0,59.0,13.0,Developer,Active,High,Underallocated,72.0
ALC006979,EMP0805,PRJ0147,CLI0001,2026-01-20,2026-06-07,100.5,62.8,82.4,18.1,Designer,On Hold,High,Allocated,81.1
ALC006980,EMP0756,PRJ0137,CLI0012,2026-01-06,2026-02-04,111.5,69.7,91.4,20.1,Support,On Hold,High,Allocated,75.1
ALC006981,EMP0654,PRJ0109,CLI0010,2026-05-14,2026-08-31,100.2,62.6,82.2,18.0,Developer,On Hold,High,Allocated,61.3
ALC006982,EMP0611,PRJ0156,CLI0002,2026-04-02,2026-05-23,121.3,75.8,99.5,21.8,PM,Active,High,Allocated,79.1
ALC006983,EMP0692,PRJ0037,CLI0057,2026-02-21,2026-05-15,124.8,78.0,102.3,22.5,Designer,Completed,Critical,Allocated,69.5
ALC006984,EMP0620,PRJ0100,CLI0039,2026-05-10,2026-08-06,91.5,57.2,75.0,16.5,Support,Completed,Medium,Underallocated,88.6
ALC006985,EMP0448,PRJ0170,CLI0032,2026-02-07,2026-04-15,89.9,56.2,73.7,16.2,Developer,On Hold,High,Underallocated,78.2
ALC006986,EMP0086,PRJ0113,CLI0050,2026-05-10,2026-09-16,162.6,101.6,133.3,29.3,Analyst,Completed,Medium,Overallocated,92.3
ALC006987,EMP0233,PRJ0046,CLI0048,2026-04-16,2026-05-14,102.6,64.1,84.1,18.5,Designer,On Hold,Critical,Allocated,65.9
ALC006988,EMP0180,PRJ0053,CLI0011,2026-01-14,2026-06-13,123.8,77.4,101.5,22.3,Lead,On Hold,High,Allocated,89.6
ALC006989,EMP0243,PRJ0106,CLI0041,2026-01-13,2026-02-12,57.1,35.7,46.8,10.3,Support,Completed,Medium,Underallocated,69.3
ALC006990,EMP0457,PRJ0165,CLI0030,2026-03-20,2026-05-01,183.8,114.9,150.7,33.1,Developer,On Hold,Low,Overallocated,84.8
ALC006991,EMP0572,PRJ0026,CLI0019,2026-03-05,2026-03-28,130.2,81.4,106.8,23.4,PM,Active,Medium,Allocated,61.8
ALC006992,EMP0370,PRJ0103,CLI0001,2026-05-16,2026-09-09,31.0,19.4,25.4,5.6,Designer,On Hold,High,Underallocated,85.6
ALC006993,EMP0784,PRJ0080,CLI0026,2026-01-01,2026-03-18,71.5,44.7,58.6,12.9,Lead,On Hold,Medium,Underallocated,84.7
ALC006994,EMP0624,PRJ0046,CLI0048,2026-01-18,2026-02-22,83.2,52.0,68.2,15.0,Analyst,Active,High,Underallocated,78.1
ALC006995,EMP0239,PRJ0100,CLI0039,2026-04-03,2026-05-27,180.5,112.8,148.0,32.5,Analyst,Active,Low,Overallocated,82.7
ALC006996,EMP0292,PRJ0176,CLI0014,2026-02-03,2026-06-02,213.0,133.1,174.7,38.3,PM,On Hold,High,Overallocated,88.0
ALC006997,EMP0097,PRJ0001,CLI0057,2026-01-01,2026-04-17,133.3,83.3,109.3,24.0,Developer,Completed,Low,Allocated,84.5
ALC006998,EMP0058,PRJ0004,CLI0056,2026-01-08,2026-02-23,155.8,97.4,127.8,28.0,PM,Active,Critical,Allocated,71.1
ALC006999,EMP0832,PRJ0148,CLI0035,2026-03-20,2026-05-18,161.9,101.2,132.8,29.1,Developer,Active,High,Overallocated,94.7
ALC007000,EMP0829,PRJ0137,CLI0012,2026-02-02,2026-04-02,68.0,42.5,55.8,12.2,Designer,Active,High,Underallocated,91.8
ALC007001,EMP0418,PRJ0067,CLI0015,2026-05-01,2026-09-19,109.1,68.2,89.5,19.6,Developer,Completed,Medium,Allocated,84.2
ALC007002,EMP0502,PRJ0039,CLI0024,2026-01-07,2026-03-12,108.5,67.8,89.0,19.5,Analyst,Active,High,Allocated,72.6
ALC007003,EMP0837,PRJ0143,CLI0032,2026-05-15,2026-06-13,167.4,104.6,137.3,30.1,Lead,Completed,High,Overallocated,88.6
ALC007004,EMP0756,PRJ0044,CLI0043,2026-03-05,2026-05-09,195.8,122.4,160.6,35.2,Analyst,On Hold,Medium,Overallocated,92.9
ALC007005,EMP0573,PRJ0032,CLI0053,2026-01-04,2026-05-21,200.6,125.4,164.5,36.1,Analyst,Active,Medium,Overallocated,89.1
ALC007006,EMP0629,PRJ0040,CLI0014,2026-01-01,2026-05-14,132.0,82.5,108.2,23.8,Analyst,On Hold,Low,Allocated,72.9
ALC007007,EMP0435,PRJ0149,CLI0039,2026-06-19,2026-11-11,127.5,79.7,104.5,22.9,PM,Active,Low,Allocated,77.3
ALC007008,EMP0783,PRJ0114,CLI0043,2026-05-08,2026-07-05,94.2,58.9,77.2,17.0,Support,Active,Critical,Underallocated,71.2
ALC007009,EMP0266,PRJ0149,CLI0039,2026-06-12,2026-09-03,114.4,71.5,93.8,20.6,PM,Completed,Critical,Allocated,61.7
ALC007010,EMP0018,PRJ0104,CLI0018,2026-01-05,2026-01-27,154.6,96.6,126.8,27.8,Developer,Active,Medium,Allocated,78.6
ALC007011,EMP0511,PRJ0124,CLI0045,2026-02-15,2026-05-29,150.1,93.8,123.1,27.0,Developer,Active,High,Allocated,92.9
ALC007012,EMP0070,PRJ0005,CLI0011,2026-01-20,2026-06-13,134.1,83.8,110.0,24.1,Lead,Active,Critical,Allocated,66.9
ALC007013,EMP0459,PRJ0001,CLI0057,2026-04-19,2026-05-28,78.2,48.9,64.1,14.1,Analyst,On Hold,High,Underallocated,69.6
ALC007014,EMP0281,PRJ0084,CLI0016,2026-03-17,2026-06-12,189.4,118.4,155.3,34.1,Support,On Hold,Low,Overallocated,79.4
ALC007015,EMP0162,PRJ0155,CLI0042,2026-04-17,2026-08-14,130.9,81.8,107.3,23.6,Analyst,On Hold,Critical,Allocated,73.1
ALC007016,EMP0089,PRJ0113,CLI0050,2026-03-14,2026-07-25,120.0,75.0,98.4,21.6,Lead,On Hold,Low,Allocated,73.7
ALC007017,EMP0039,PRJ0022,CLI0037,2026-05-09,2026-08-01,148.0,92.5,121.4,26.6,Lead,Active,Medium,Allocated,64.3
ALC007018,EMP0612,PRJ0120,CLI0028,2026-01-13,2026-04-12,86.6,54.1,71.0,15.6,Lead,Completed,Critical,Underallocated,80.5
ALC007019,EMP0553,PRJ0059,CLI0017,2026-02-06,2026-03-29,82.7,51.7,67.8,14.9,Developer,On Hold,Medium,Underallocated,68.9
ALC007020,EMP0287,PRJ0109,CLI0010,2026-05-03,2026-06-10,97.3,60.8,79.8,17.5,Developer,Active,Critical,Allocated,84.5
ALC007021,EMP0700,PRJ0161,CLI0056,2026-05-13,2026-09-24,71.7,44.8,58.8,12.9,Designer,Active,High,Underallocated,67.4
ALC007022,EMP0820,PRJ0145,CLI0003,2026-03-12,2026-05-18,116.6,72.9,95.6,21.0,Analyst,Completed,Low,Allocated,93.5
ALC007023,EMP0755,PRJ0029,CLI0058,2026-06-15,2026-10-08,30.6,19.1,25.1,5.5,Developer,On Hold,High,Underallocated,65.0
ALC007024,EMP0124,PRJ0063,CLI0016,2026-02-16,2026-05-18,93.0,58.1,76.3,16.7,Tester,Completed,High,Underallocated,85.7
ALC007025,EMP0654,PRJ0151,CLI0036,2026-06-19,2026-07-25,33.3,20.8,27.3,6.0,Analyst,Active,Medium,Underallocated,82.9
ALC007026,EMP0834,PRJ0179,CLI0012,2026-02-06,2026-04-26,101.8,63.6,83.5,18.3,PM,Active,Medium,Allocated,61.6
ALC007027,EMP0004,PRJ0023,CLI0035,2026-01-21,2026-06-03,103.5,64.7,84.9,18.6,Analyst,On Hold,Low,Allocated,63.5
ALC007028,EMP0115,PRJ0161,CLI0056,2026-05-19,2026-09-15,158.9,99.3,130.3,28.6,Analyst,Active,High,Allocated,89.9
ALC007029,EMP0463,PRJ0103,CLI0001,2026-04-11,2026-07-08,123.5,77.2,101.3,22.2,Designer,Completed,Critical,Allocated,87.7
ALC007030,EMP0226,PRJ0032,CLI0053,2026-02-01,2026-06-06,81.0,50.6,66.4,14.6,Support,Completed,Low,Underallocated,73.7
ALC007031,EMP0334,PRJ0162,CLI0012,2026-04-14,2026-08-04,96.5,60.3,79.1,17.4,PM,On Hold,Medium,Allocated,91.9
ALC007032,EMP0569,PRJ0039,CLI0024,2026-04-09,2026-08-03,169.3,105.8,138.8,30.5,PM,On Hold,High,Overallocated,67.1
ALC007033,EMP0244,PRJ0119,CLI0048,2026-03-18,2026-05-08,68.5,42.8,56.2,12.3,Analyst,Completed,Medium,Underallocated,72.5
ALC007034,EMP0797,PRJ0137,CLI0012,2026-06-17,2026-09-09,197.4,123.4,161.9,35.5,Developer,Active,High,Overallocated,71.7
ALC007035,EMP0709,PRJ0147,CLI0001,2026-03-02,2026-04-07,128.8,80.5,105.6,23.2,PM,Active,Medium,Allocated,73.2
ALC007036,EMP0387,PRJ0013,CLI0048,2026-04-09,2026-06-27,60.2,37.6,49.4,10.8,Analyst,Active,Critical,Underallocated,81.8
ALC007037,EMP0256,PRJ0070,CLI0013,2026-02-09,2026-03-17,70.6,44.1,57.9,12.7,Designer,On Hold,Medium,Underallocated,71.1
ALC007038,EMP0739,PRJ0060,CLI0022,2026-02-05,2026-06-10,145.3,90.8,119.1,26.2,PM,Completed,Critical,Allocated,89.6
ALC007039,EMP0552,PRJ0117,CLI0006,2026-04-07,2026-07-06,141.6,88.5,116.1,25.5,Tester,Completed,Critical,Allocated,82.4
ALC007040,EMP0036,PRJ0107,CLI0032,2026-02-07,2026-05-11,129.3,80.8,106.0,23.3,Analyst,Active,High,Allocated,85.3
ALC007041,EMP0438,PRJ0132,CLI0013,2026-06-12,2026-08-31,116.6,72.9,95.6,21.0,Developer,Active,High,Allocated,89.1
ALC007042,EMP0065,PRJ0053,CLI0011,2026-01-05,2026-02-05,107.8,67.4,88.4,19.4,Designer,Completed,Medium,Allocated,88.0
ALC007043,EMP0414,PRJ0176,CLI0014,2026-01-04,2026-03-21,80.8,50.5,66.3,14.5,Support,On Hold,Critical,Underallocated,94.1
ALC007044,EMP0556,PRJ0066,CLI0051,2026-06-07,2026-08-05,127.5,79.7,104.5,22.9,Lead,Active,High,Allocated,73.8
ALC007045,EMP0339,PRJ0055,CLI0015,2026-05-21,2026-07-31,176.6,110.4,144.8,31.8,Analyst,On Hold,Medium,Overallocated,84.7
ALC007046,EMP0019,PRJ0171,CLI0001,2026-03-13,2026-06-09,110.7,69.2,90.8,19.9,Lead,Completed,Low,Allocated,66.3
ALC007047,EMP0152,PRJ0099,CLI0038,2026-05-08,2026-09-11,122.6,76.6,100.5,22.1,Developer,Active,High,Allocated,64.8
ALC007048,EMP0624,PRJ0034,CLI0045,2026-05-21,2026-06-27,153.1,95.7,125.5,27.6,Tester,On Hold,Low,Allocated,92.7
ALC007049,EMP0608,PRJ0067,CLI0015,2026-06-05,2026-07-19,91.2,57.0,74.8,16.4,PM,On Hold,High,Underallocated,60.9
ALC007050,EMP0338,PRJ0048,CLI0035,2026-05-01,2026-07-03,128.5,80.3,105.4,23.1,Support,Completed,Critical,Allocated,63.9
ALC007051,EMP0400,PRJ0099,CLI0038,2026-01-05,2026-02-18,144.0,90.0,118.1,25.9,PM,On Hold,High,Allocated,83.6
ALC007052,EMP0682,PRJ0033,CLI0030,2026-03-17,2026-05-02,82.6,51.6,67.7,14.9,Designer,Completed,High,Underallocated,75.1
ALC007053,EMP0569,PRJ0082,CLI0013,2026-01-04,2026-04-06,60.0,37.5,49.2,10.8,Analyst,Completed,Medium,Underallocated,61.1
ALC007054,EMP0209,PRJ0138,CLI0018,2026-05-11,2026-09-06,102.9,64.3,84.4,18.5,Support,Active,High,Allocated,91.3
ALC007055,EMP0737,PRJ0166,CLI0028,2026-04-17,2026-07-24,146.2,91.4,119.9,26.3,Analyst,Active,Critical,Allocated,64.7
ALC007056,EMP0735,PRJ0171,CLI0001,2026-01-02,2026-05-07,53.3,33.3,43.7,9.6,PM,Active,Low,Underallocated,87.2
ALC007057,EMP0517,PRJ0096,CLI0056,2026-01-11,2026-04-12,121.8,76.1,99.9,21.9,Designer,On Hold,Medium,Allocated,81.4
ALC007058,EMP0642,PRJ0055,CLI0015,2026-05-02,2026-06-12,104.6,65.4,85.8,18.8,Support,Completed,Critical,Allocated,70.3
ALC007059,EMP0098,PRJ0167,CLI0027,2026-03-12,2026-04-06,103.0,64.4,84.5,18.5,Analyst,Completed,High,Allocated,89.4
ALC007060,EMP0319,PRJ0061,CLI0059,2026-04-01,2026-08-04,124.0,77.5,101.7,22.3,Support,On Hold,Low,Allocated,88.0
ALC007061,EMP0313,PRJ0075,CLI0033,2026-06-09,2026-07-10,44.2,27.6,36.2,8.0,Developer,Active,High,Underallocated,88.0
ALC007062,EMP0414,PRJ0109,CLI0010,2026-02-15,2026-03-30,159.7,99.8,131.0,28.7,Tester,On Hold,Medium,Allocated,63.7
ALC007063,EMP0665,PRJ0018,CLI0024,2026-06-14,2026-09-14,76.3,47.7,62.6,13.7,Analyst,On Hold,High,Underallocated,89.0
ALC007064,EMP0073,PRJ0113,CLI0050,2026-06-09,2026-07-22,126.6,79.1,103.8,22.8,Developer,On Hold,High,Allocated,69.9
ALC007065,EMP0296,PRJ0027,CLI0004,2026-03-21,2026-05-15,140.2,87.6,115.0,25.2,Tester,On Hold,High,Allocated,73.2
ALC007066,EMP0077,PRJ0093,CLI0012,2026-05-18,2026-09-23,170.4,106.5,139.7,30.7,Designer,Completed,High,Overallocated,94.1
ALC007067,EMP0233,PRJ0008,CLI0052,2026-06-18,2026-11-07,110.6,69.1,90.7,19.9,Developer,Completed,Low,Allocated,70.1
ALC007068,EMP0382,PRJ0057,CLI0043,2026-05-20,2026-07-08,53.4,33.4,43.8,9.6,Developer,On Hold,Critical,Underallocated,66.5
ALC007069,EMP0014,PRJ0165,CLI0030,2026-05-20,2026-07-02,48.3,30.2,39.6,8.7,Designer,Active,High,Underallocated,70.6
ALC007070,EMP0471,PRJ0046,CLI0048,2026-01-19,2026-05-19,163.0,101.9,133.7,29.3,Designer,Active,Critical,Overallocated,66.0
ALC007071,EMP0477,PRJ0037,CLI0057,2026-02-13,2026-03-30,89.6,56.0,73.5,16.1,Tester,On Hold,Low,Underallocated,80.4
ALC007072,EMP0018,PRJ0051,CLI0059,2026-01-12,2026-06-05,97.0,60.6,79.5,17.5,PM,On Hold,Medium,Allocated,91.6
ALC007073,EMP0407,PRJ0145,CLI0003,2026-02-09,2026-07-02,66.9,41.8,54.9,12.0,Developer,Active,Medium,Underallocated,65.6
ALC007074,EMP0428,PRJ0117,CLI0006,2026-03-19,2026-04-19,96.6,60.4,79.2,17.4,Designer,Completed,High,Allocated,83.4
ALC007075,EMP0188,PRJ0125,CLI0019,2026-01-10,2026-04-30,181.8,113.6,149.1,32.7,Tester,Active,Medium,Overallocated,90.8
ALC007076,EMP0572,PRJ0089,CLI0043,2026-01-04,2026-05-18,113.3,70.8,92.9,20.4,Support,Completed,Low,Allocated,75.4
ALC007077,EMP0321,PRJ0118,CLI0008,2026-06-05,2026-07-28,79.7,49.8,65.4,14.3,PM,On Hold,Medium,Underallocated,92.2
ALC007078,EMP0659,PRJ0075,CLI0033,2026-04-15,2026-09-10,153.9,96.2,126.2,27.7,Analyst,On Hold,Low,Allocated,80.7
ALC007079,EMP0357,PRJ0175,CLI0054,2026-03-19,2026-07-22,12.3,7.7,10.1,2.2,Developer,On Hold,Critical,Underallocated,77.1
ALC007080,EMP0665,PRJ0057,CLI0043,2026-03-04,2026-04-06,111.7,69.8,91.6,20.1,Analyst,Active,Medium,Allocated,62.6
ALC007081,EMP0648,PRJ0101,CLI0028,2026-04-07,2026-08-29,97.8,61.1,80.2,17.6,Support,Completed,High,Allocated,79.7
ALC007082,EMP0297,PRJ0093,CLI0012,2026-05-04,2026-09-19,101.0,63.1,82.8,18.2,PM,Active,High,Allocated,87.3
ALC007083,EMP0107,PRJ0108,CLI0055,2026-01-14,2026-05-20,54.6,34.1,44.8,9.8,PM,Completed,High,Underallocated,67.6
ALC007084,EMP0004,PRJ0064,CLI0024,2026-03-14,2026-06-30,106.1,66.3,87.0,19.1,Analyst,Active,Low,Allocated,91.1
ALC007085,EMP0585,PRJ0179,CLI0012,2026-01-13,2026-02-22,96.0,60.0,78.7,17.3,Developer,Completed,Low,Allocated,81.0
ALC007086,EMP0207,PRJ0060,CLI0022,2026-06-09,2026-07-27,73.8,46.1,60.5,13.3,Developer,Active,Critical,Underallocated,74.3
ALC007087,EMP0169,PRJ0060,CLI0022,2026-01-18,2026-03-22,95.8,59.9,78.6,17.2,Tester,Active,Critical,Underallocated,81.9
ALC007088,EMP0119,PRJ0097,CLI0018,2026-06-16,2026-11-08,34.6,21.6,28.4,6.2,Analyst,Completed,Medium,Underallocated,94.5
ALC007089,EMP0147,PRJ0135,CLI0022,2026-05-19,2026-07-31,199.0,124.4,163.2,35.8,Support,On Hold,High,Overallocated,65.5
ALC007090,EMP0089,PRJ0018,CLI0024,2026-02-08,2026-03-21,8.0,5.0,6.6,1.4,Analyst,On Hold,High,Underallocated,87.0
ALC007091,EMP0715,PRJ0051,CLI0059,2026-06-16,2026-09-24,106.1,66.3,87.0,19.1,Lead,Completed,Critical,Allocated,85.9
ALC007092,EMP0067,PRJ0125,CLI0019,2026-02-15,2026-03-09,105.4,65.9,86.4,19.0,Tester,Completed,High,Allocated,89.6
ALC007093,EMP0781,PRJ0118,CLI0008,2026-05-05,2026-08-14,89.3,55.8,73.2,16.1,Designer,On Hold,Medium,Underallocated,82.2
ALC007094,EMP0693,PRJ0155,CLI0042,2026-02-03,2026-03-31,,64.0,84.0,18.4,Tester,Active,High,Allocated,75.7
ALC007095,EMP0559,PRJ0128,CLI0044,2026-01-09,2026-05-23,137.4,85.9,112.7,24.7,PM,On Hold,High,Allocated,81.1
ALC007096,EMP0519,PRJ0010,CLI0035,2026-04-15,2026-09-07,61.8,38.6,50.7,11.1,Lead,On Hold,Low,Underallocated,69.6
ALC007097,EMP0048,PRJ0086,CLI0017,2026-03-20,2026-07-24,41.0,25.6,33.6,7.4,Tester,Completed,Low,Underallocated,85.6
ALC007098,EMP0829,PRJ0136,CLI0003,2026-02-14,2026-07-10,90.7,56.7,74.4,16.3,Developer,Active,High,Underallocated,88.5
ALC007099,EMP0730,PRJ0028,CLI0011,2026-01-10,2026-05-09,8.0,5.0,6.6,1.4,PM,Active,Medium,Underallocated,84.3
ALC007100,EMP0075,PRJ0124,CLI0045,2026-02-21,2026-06-22,77.0,48.1,63.1,13.9,Designer,Completed,Critical,Underallocated,67.1
ALC007101,EMP0650,PRJ0132,CLI0013,2026-04-20,2026-08-24,90.4,56.5,74.1,16.3,Analyst,Active,Critical,Underallocated,65.0
ALC007102,EMP0756,PRJ0066,CLI0051,2026-04-15,2026-07-25,115.7,72.3,94.9,20.8,Designer,Completed,Low,Allocated,80.6
ALC007103,EMP0304,PRJ0091,CLI0026,2026-03-11,2026-06-01,163.7,102.3,134.2,29.5,PM,Active,Low,Overallocated,73.6
ALC007104,EMP0486,PRJ0171,CLI0001,2026-04-05,2026-06-22,123.8,77.4,101.5,22.3,Developer,Active,Medium,Allocated,89.4
ALC007105,EMP0062,PRJ0077,CLI0025,2026-01-16,2026-03-28,125.8,78.6,103.2,22.6,Lead,On Hold,Low,Allocated,91.1
ALC007106,EMP0268,PRJ0143,CLI0032,2026-03-06,2026-04-04,82.9,51.8,68.0,14.9,Analyst,Active,Low,Underallocated,94.5
ALC007107,EMP0165,PRJ0119,CLI0048,2026-03-06,2026-07-14,87.5,54.7,71.8,15.8,PM,Completed,Medium,Underallocated,85.5
ALC007108,EMP0512,PRJ0079,CLI0059,2026-06-12,2026-08-02,88.5,55.3,72.6,15.9,Tester,On Hold,Critical,Underallocated,92.0
ALC007109,EMP0227,PRJ0060,CLI0022,2026-06-14,2026-09-11,106.9,66.8,87.7,19.2,Analyst,Active,Low,Allocated,74.8
ALC007110,EMP0844,PRJ0066,CLI0051,2026-05-15,2026-08-03,94.2,58.9,77.2,17.0,Support,On Hold,Critical,Underallocated,87.8
ALC007111,EMP0508,PRJ0105,CLI0056,2026-06-03,2026-09-01,125.0,78.1,102.5,22.5,Analyst,On Hold,Low,Allocated,90.2
ALC007112,EMP0159,PRJ0018,CLI0024,2026-06-07,2026-09-20,136.8,85.5,112.2,24.6,PM,On Hold,Low,Allocated,79.0
ALC007113,EMP0751,PRJ0154,CLI0005,2026-06-06,2026-07-16,163.2,102.0,133.8,29.4,Support,Active,High,Overallocated,81.3
ALC007114,EMP0662,PRJ0014,CLI0026,2026-01-14,2026-04-08,123.0,76.9,100.9,22.1,PM,On Hold,High,Allocated,60.3
ALC007115,EMP0197,,CLI0042,2026-04-18,2026-06-17,125.0,78.1,102.5,22.5,Tester,Active,Critical,Allocated,93.5
ALC007116,EMP0117,PRJ0174,CLI0032,2026-02-07,2026-03-31,158.4,99.0,129.9,28.5,Lead,Completed,Medium,Allocated,88.9
ALC007117,EMP0650,PRJ0151,CLI0036,2026-04-07,2026-06-05,140.8,88.0,115.5,25.3,Support,Completed,Low,Allocated,64.7
ALC007118,EMP0794,PRJ0074,CLI0006,2026-01-03,2026-02-22,97.6,61.0,80.0,17.6,Analyst,Completed,Low,Allocated,77.7
ALC007119,EMP0512,PRJ0121,CLI0015,2026-02-06,2026-06-09,70.2,43.9,57.6,12.6,Tester,Active,Critical,Underallocated,88.5
ALC007120,EMP0326,PRJ0098,CLI0044,2026-01-05,2026-03-08,92.8,58.0,76.1,16.7,PM,Active,Medium,Underallocated,77.4
ALC007121,EMP0341,PRJ0161,CLI0056,2026-03-02,2026-07-30,78.9,49.3,64.7,14.2,Analyst,Active,Critical,Underallocated,81.3
ALC007122,EMP0228,PRJ0033,CLI0030,2026-03-02,2026-04-20,116.8,73.0,95.8,21.0,Support,On Hold,Critical,Allocated,84.2
ALC007123,EMP0309,PRJ0057,CLI0043,2026-02-18,2026-06-06,131.5,82.2,107.8,23.7,PM,On Hold,Medium,Allocated,76.1
ALC007124,EMP0731,PRJ0092,CLI0007,2026-01-17,2026-03-18,95.7,59.8,78.5,17.2,Developer,Active,Critical,Underallocated,66.0
ALC007125,EMP0218,PRJ0164,CLI0018,2026-05-19,2026-09-17,97.3,60.8,79.8,17.5,Support,On Hold,High,Allocated,72.8
ALC007126,EMP0533,PRJ0063,CLI0016,2026-04-08,2026-08-17,8.0,5.0,6.6,1.4,Tester,On Hold,Medium,Underallocated,63.3
ALC007127,EMP0418,PRJ0062,CLI0038,2026-06-05,2026-09-27,89.3,55.8,73.2,16.1,Analyst,Active,Critical,Underallocated,66.3
ALC007128,EMP0768,PRJ0059,CLI0017,2026-04-19,2026-09-05,224.0,140.0,183.7,40.3,Developer,On Hold,Medium,Overallocated,74.5
ALC007129,EMP0777,PRJ0077,CLI0025,2026-02-13,2026-06-23,157.0,98.1,128.7,28.3,Lead,Completed,Critical,Allocated,80.9
ALC007130,EMP0754,PRJ0059,CLI0017,2026-06-19,2026-10-10,165.3,103.3,135.5,29.8,Support,Active,Medium,Overallocated,63.6
ALC007131,EMP0525,PRJ0169,CLI0060,2026-06-16,2026-08-11,131.5,82.2,107.8,23.7,Support,On Hold,Critical,Allocated,78.5
ALC007132,EMP0740,PRJ0056,CLI0042,2026-04-20,2026-09-03,149.1,93.2,122.3,26.8,Support,On Hold,Medium,Allocated,79.3
ALC007133,EMP0378,PRJ0111,CLI0043,2026-01-06,2026-05-01,98.2,61.4,80.5,17.7,Support,On Hold,Critical,Allocated,67.6
ALC007134,EMP0403,PRJ0021,CLI0060,2026-02-12,2026-05-27,79.5,49.7,65.2,14.3,Developer,Active,Low,Underallocated,87.5
ALC007135,EMP0503,PRJ0076,CLI0055,2026-05-03,2026-06-30,171.5,107.2,140.6,30.9,Designer,On Hold,Medium,Overallocated,65.6
ALC007136,EMP0290,PRJ0143,CLI0032,2026-02-11,2026-04-21,68.3,42.7,56.0,12.3,PM,On Hold,Medium,Underallocated,81.1
ALC007137,EMP0515,PRJ0109,CLI0010,2026-06-09,2026-09-29,131.7,82.3,108.0,23.7,Developer,On Hold,Low,Allocated,63.9
ALC007138,EMP0684,PRJ0099,CLI0038,2026-03-10,2026-04-06,183.4,114.6,150.4,33.0,Tester,Active,Medium,Overallocated,82.6
ALC007139,EMP0589,PRJ0060,CLI0022,2026-04-10,2026-09-02,150.7,94.2,123.6,27.1,PM,Active,Critical,Allocated,78.3
ALC007140,EMP0752,PRJ0015,CLI0015,2026-01-01,2026-05-31,101.8,63.6,83.5,18.3,Support,Active,High,Allocated,79.7
ALC007141,EMP0181,PRJ0078,CLI0031,2026-02-06,2026-04-03,163.2,102.0,133.8,29.4,Support,Completed,Critical,Overallocated,88.0
ALC007142,EMP0340,PRJ0035,CLI0016,2026-05-03,2026-09-23,120.6,75.4,98.9,21.7,PM,On Hold,Medium,Allocated,86.7
ALC007143,EMP0772,PRJ0093,CLI0012,2026-01-19,2026-04-25,106.7,66.7,87.5,19.2,Developer,Completed,Medium,Allocated,94.5
ALC007144,EMP0734,PRJ0002,CLI0046,2026-04-10,2026-06-29,141.6,88.5,116.1,25.5,Designer,On Hold,Critical,Allocated,91.4
ALC007145,EMP0765,PRJ0085,CLI0045,2026-01-16,2026-05-15,76.8,48.0,63.0,13.8,Developer,Completed,Medium,Underallocated,70.3
ALC007146,EMP0474,PRJ0042,CLI0026,2026-01-01,2026-05-02,54.4,34.0,44.6,9.8,Developer,On Hold,Critical,Underallocated,80.1
ALC007147,EMP0485,PRJ0159,CLI0025,2026-02-07,2026-04-23,102.6,64.1,84.1,18.5,Analyst,Completed,Low,Allocated,88.8
ALC007148,EMP0654,PRJ0005,CLI0011,2026-04-10,2026-06-17,85.9,53.7,70.4,15.5,PM,On Hold,High,Underallocated,81.8
ALC007149,EMP0573,PRJ0085,CLI0045,2026-04-05,2026-06-27,53.8,33.6,44.1,9.7,Designer,Active,Critical,Underallocated,77.3
ALC007150,EMP0022,PRJ0032,CLI0053,2026-04-20,2026-08-25,113.3,70.8,92.9,20.4,Lead,Active,Critical,Allocated,63.7
ALC007151,EMP0610,PRJ0043,CLI0043,2026-06-17,2026-08-23,90.4,56.5,74.1,16.3,Tester,On Hold,High,Underallocated,86.3
ALC007152,EMP0466,PRJ0051,CLI0059,2026-06-19,2026-10-26,73.9,46.2,60.6,13.3,Tester,Completed,High,Underallocated,60.1
ALC007153,EMP0447,PRJ0026,CLI0019,2026-03-07,2026-06-03,111.4,69.6,91.3,20.1,Designer,On Hold,High,Allocated,67.7
ALC007154,EMP0747,PRJ0082,CLI0013,2026-03-21,2026-04-29,74.1,46.3,60.8,13.3,Lead,Active,Critical,Underallocated,60.6
ALC007155,EMP0602,PRJ0160,CLI0057,2026-06-16,2026-08-24,158.4,99.0,129.9,28.5,PM,Active,High,Allocated,72.1
ALC007156,EMP0280,PRJ0016,CLI0049,2026-03-09,2026-05-13,183.2,114.5,150.2,33.0,Lead,Active,High,Overallocated,62.7
ALC007157,EMP0307,PRJ0138,CLI0018,2026-06-18,2026-10-24,140.0,87.5,114.8,25.2,Developer,Active,High,Allocated,80.0
ALC007158,EMP0674,PRJ0101,CLI0028,2026-03-03,2026-05-08,94.9,59.3,77.8,17.1,Tester,On Hold,Critical,Underallocated,78.0
ALC007159,EMP0740,PRJ0134,CLI0007,2026-05-06,2026-06-23,128.3,80.2,105.2,23.1,Analyst,Completed,High,Allocated,60.3
ALC007160,EMP0291,PRJ0124,CLI0045,2026-01-11,2026-04-11,85.3,53.3,69.9,15.4,Tester,On Hold,Low,Underallocated,91.1
ALC007161,EMP0718,PRJ0066,CLI0051,2026-02-03,2026-05-26,138.7,86.7,113.7,25.0,Designer,On Hold,Critical,Allocated,70.5
ALC007162,EMP0033,PRJ0062,CLI0038,2026-06-13,2026-08-16,140.8,88.0,115.5,25.3,Tester,Completed,Medium,Allocated,76.9
ALC007163,EMP0560,PRJ0119,CLI0048,2026-02-11,2026-03-13,143.5,89.7,117.7,25.8,Developer,On Hold,Medium,Allocated,61.5
ALC007164,EMP0145,PRJ0046,CLI0048,2026-03-20,2026-07-28,97.3,60.8,79.8,17.5,Support,On Hold,Low,Allocated,90.2
ALC007165,EMP0641,PRJ0169,CLI0060,2026-01-10,2026-06-06,140.3,87.7,115.0,25.3,PM,On Hold,Low,Allocated,83.5
ALC007166,EMP0601,PRJ0123,CLI0039,2026-02-20,2026-04-15,131.7,82.3,108.0,23.7,Developer,Active,Medium,Allocated,61.7
ALC007167,EMP0011,,CLI0049,2026-06-16,2026-10-27,122.6,76.6,100.5,22.1,Designer,Active,Medium,Allocated,68.1
ALC007168,EMP0793,PRJ0011,CLI0024,2026-05-09,2026-07-10,115.5,72.2,94.7,20.8,PM,On Hold,High,Allocated,76.2
ALC007169,EMP0542,PRJ0132,CLI0013,2026-03-15,2026-07-09,69.1,43.2,56.7,12.4,Lead,On Hold,Medium,Underallocated,64.4
ALC007170,EMP0522,PRJ0113,CLI0050,2026-05-13,2026-08-24,128.6,80.4,105.5,23.1,Analyst,Active,High,Allocated,84.6
ALC007171,EMP0498,PRJ0087,CLI0046,2026-01-04,2026-02-05,100.8,63.0,82.7,18.1,Designer,Active,High,Allocated,67.4
ALC007172,EMP0630,PRJ0141,CLI0028,2026-06-20,2026-09-06,60.6,37.9,49.7,10.9,Support,Active,Low,Underallocated,75.0
ALC007173,EMP0711,PRJ0027,CLI0004,2026-05-02,2026-05-30,83.7,52.3,68.6,15.1,Lead,Completed,Critical,Underallocated,72.0
ALC007174,EMP0144,PRJ0098,CLI0044,2026-06-20,2026-07-25,129.3,80.8,106.0,23.3,Lead,Active,Critical,Allocated,78.7
ALC007175,EMP0127,PRJ0059,CLI0017,2026-01-01,2026-04-20,92.6,57.9,75.9,16.7,PM,On Hold,Medium,Underallocated,94.0
ALC007176,EMP0684,PRJ0016,CLI0049,2026-02-18,2026-07-15,89.1,55.7,73.1,16.0,Analyst,Active,Medium,Underallocated,86.1
ALC007177,EMP0795,PRJ0109,CLI0010,2026-02-09,2026-04-25,28.8,18.0,23.6,5.2,PM,Completed,Medium,Underallocated,61.9
ALC007178,EMP0623,PRJ0098,CLI0044,2026-02-04,2026-03-03,155.7,97.3,127.7,28.0,Analyst,Completed,Low,Allocated,73.5
ALC007179,EMP0734,PRJ0152,CLI0005,2026-02-08,2026-02-28,67.8,42.4,55.6,12.2,Tester,On Hold,Critical,Underallocated,69.9
ALC007180,EMP0483,PRJ0010,CLI0035,2026-03-19,2026-06-03,114.4,71.5,93.8,20.6,Designer,On Hold,Medium,Allocated,93.3
ALC007181,EMP0453,PRJ0043,CLI0043,2026-05-01,2026-07-02,93.3,58.3,76.5,16.8,Tester,On Hold,Low,Underallocated,75.0
ALC007182,EMP0130,PRJ0052,CLI0022,2026-05-21,2026-08-16,122.6,76.6,100.5,22.1,Analyst,Completed,Critical,Allocated,80.9
ALC007183,EMP0430,PRJ0062,CLI0038,2026-03-06,2026-07-07,121.9,76.2,100.0,21.9,Analyst,Active,Low,Allocated,93.0
ALC007184,EMP0610,PRJ0090,CLI0041,2026-03-12,2026-05-06,103.8,64.9,85.1,18.7,Support,Completed,High,Allocated,87.1
ALC007185,EMP0024,PRJ0163,CLI0044,2026-01-18,2026-05-01,123.2,77.0,101.0,22.2,Analyst,Active,High,Allocated,93.5
ALC007186,EMP0101,PRJ0097,CLI0018,2026-05-19,2026-10-15,112.8,70.5,92.5,20.3,Tester,Active,High,Allocated,71.7
ALC007187,EMP0381,PRJ0130,CLI0056,2026-04-19,2026-09-04,57.1,35.7,46.8,10.3,Lead,Active,High,Underallocated,87.6
ALC007188,EMP0402,PRJ0123,CLI0039,2026-01-09,2026-06-04,160.3,100.2,131.4,28.9,Tester,Completed,High,Overallocated,72.2
ALC007189,EMP0641,PRJ0138,CLI0018,2026-04-06,2026-06-10,172.8,108.0,141.7,31.1,Lead,Active,Medium,Overallocated,80.3
ALC007190,EMP0038,PRJ0044,CLI0043,2026-03-19,2026-04-09,76.8,48.0,63.0,13.8,PM,Active,Low,Underallocated,82.4
ALC007191,EMP0451,,CLI0018,2026-02-11,2026-04-14,50.1,31.3,41.1,9.0,Analyst,Active,Medium,Underallocated,66.6
ALC007192,EMP0411,PRJ0036,CLI0045,2026-03-09,2026-07-30,,101.3,132.9,29.2,Lead,On Hold,High,Overallocated,75.3
ALC007193,EMP0608,PRJ0102,CLI0043,2026-02-02,2026-06-14,69.1,43.2,56.7,12.4,Designer,On Hold,Medium,Underallocated,74.1
ALC007194,EMP0470,PRJ0166,CLI0028,2026-05-15,2026-07-22,163.8,102.4,134.3,29.5,Analyst,On Hold,High,Overallocated,73.9
ALC007195,EMP0624,PRJ0090,CLI0041,2026-01-16,2026-06-07,158.6,99.1,130.1,28.5,Developer,On Hold,Medium,Allocated,65.8
ALC007196,EMP0843,PRJ0031,CLI0044,2026-04-15,2026-08-15,105.6,66.0,86.6,19.0,Lead,Active,Low,Allocated,74.7
ALC007197,EMP0644,PRJ0100,CLI0039,2026-01-19,2026-05-26,105.0,65.6,86.1,18.9,Developer,Completed,Medium,Allocated,82.7
ALC007198,EMP0706,PRJ0067,CLI0015,2026-04-07,2026-08-19,72.3,45.2,59.3,13.0,PM,On Hold,High,Underallocated,60.8
ALC007199,EMP0690,PRJ0032,CLI0053,2026-04-03,2026-06-02,114.6,71.6,94.0,20.6,Developer,Completed,Low,Allocated,84.0
ALC007200,EMP0282,PRJ0008,CLI0052,2026-02-14,2026-04-25,131.7,,108.0,23.7,Support,On Hold,High,Allocated,61.6
ALC007201,EMP0140,PRJ0059,CLI0017,2026-02-02,2026-05-28,126.6,79.1,103.8,22.8,Tester,Completed,High,Allocated,92.1
ALC007202,EMP0586,PRJ0023,CLI0035,2026-03-17,2026-04-14,136.5,85.3,111.9,24.6,Support,On Hold,Medium,Allocated,75.6
ALC007203,EMP0370,PRJ0032,CLI0053,2026-06-17,2026-07-10,154.4,96.5,126.6,27.8,Tester,Active,High,Allocated,87.3
ALC007204,EMP0767,PRJ0118,CLI0008,2026-05-14,2026-07-09,110.1,68.8,90.3,19.8,Designer,On Hold,High,Allocated,78.7
ALC007205,EMP0158,PRJ0170,CLI0032,2026-03-01,2026-06-14,224.0,140.0,183.7,40.3,Tester,On Hold,Medium,Overallocated,89.5
ALC007206,EMP0029,PRJ0016,CLI0049,2026-02-13,2026-06-23,129.9,81.2,106.5,23.4,Lead,Active,Critical,Allocated,85.9
ALC007207,EMP0646,PRJ0049,CLI0043,2026-03-20,2026-05-15,128.0,80.0,105.0,23.0,Lead,Completed,Critical,Allocated,62.0
ALC007208,EMP0544,PRJ0061,CLI0059,2026-01-17,2026-04-03,127.7,79.8,104.7,23.0,Analyst,On Hold,Medium,Allocated,79.0
ALC007209,EMP0149,PRJ0027,CLI0004,2026-04-01,2026-05-23,128.2,80.1,105.1,23.1,Tester,On Hold,Critical,Allocated,76.3
ALC007210,EMP0774,PRJ0088,CLI0011,2026-01-05,2026-05-02,128.0,80.0,105.0,23.0,Support,On Hold,Medium,Allocated,90.2
ALC007211,EMP0695,PRJ0140,CLI0018,2026-04-02,2026-07-04,153.8,96.1,126.1,27.7,Lead,On Hold,Medium,Allocated,78.3
ALC007212,EMP0706,PRJ0068,CLI0059,2026-05-19,2026-09-29,11.8,7.4,9.7,2.1,Tester,Active,Medium,Underallocated,77.2
ALC007213,EMP0821,PRJ0100,CLI0039,2026-03-19,2026-08-06,102.2,63.9,83.8,18.4,PM,On Hold,Medium,Allocated,94.4
ALC007214,EMP0679,PRJ0163,CLI0044,2026-02-07,2026-03-25,46.1,28.8,37.8,8.3,Analyst,Completed,Low,Underallocated,74.0
ALC007215,EMP0335,PRJ0110,CLI0054,2026-01-03,2026-03-23,166.6,104.1,136.6,30.0,Support,Completed,Low,Overallocated,86.4
ALC007216,EMP0725,PRJ0065,CLI0003,2026-01-17,2026-03-23,55.7,34.8,45.7,10.0,Analyst,Completed,Low,Underallocated,79.5
ALC007217,EMP0570,PRJ0166,CLI0028,2026-04-21,2026-06-11,80.3,50.2,65.8,14.5,Developer,On Hold,Low,Underallocated,81.9
ALC007218,EMP0446,PRJ0030,CLI0043,2026-05-14,2026-08-28,85.4,53.4,70.0,15.4,Support,On Hold,Medium,Underallocated,77.5
ALC007219,EMP0225,PRJ0102,CLI0043,2026-02-16,2026-05-24,63.5,,52.1,11.4,Tester,Active,Critical,Underallocated,68.1
ALC007220,EMP0071,PRJ0056,CLI0042,2026-04-21,2026-08-31,99.8,62.4,81.8,18.0,Support,On Hold,High,Allocated,67.2
ALC007221,EMP0641,PRJ0141,CLI0028,2026-06-18,2026-10-30,28.2,17.6,23.1,5.1,Support,On Hold,Medium,Underallocated,79.1
ALC007222,EMP0010,PRJ0129,CLI0019,2026-05-04,2026-07-20,173.1,108.2,141.9,31.2,Designer,On Hold,Medium,Overallocated,82.3
ALC007223,EMP0059,PRJ0037,CLI0057,2026-01-03,2026-03-21,129.0,80.6,105.8,23.2,PM,Completed,High,Allocated,74.8
ALC007224,EMP0831,PRJ0004,CLI0056,2026-04-16,2026-07-27,81.6,51.0,66.9,14.7,Tester,On Hold,Medium,Underallocated,75.5
ALC007225,EMP0652,PRJ0178,CLI0030,2026-03-14,2026-06-03,134.9,84.3,110.6,24.3,Support,Active,Critical,Allocated,69.6
ALC007226,EMP0210,PRJ0155,CLI0042,2026-01-07,2026-01-30,125.0,78.1,102.5,22.5,Developer,On Hold,Low,Allocated,74.8
ALC007227,EMP0158,PRJ0155,CLI0042,2026-02-06,2026-04-25,74.2,46.4,60.8,13.4,Analyst,Completed,High,Underallocated,88.8
ALC007228,EMP0004,PRJ0166,CLI0028,2026-03-17,2026-06-13,140.3,87.7,115.0,25.3,PM,Active,Critical,Allocated,91.3
ALC007229,EMP0523,PRJ0099,CLI0038,2026-04-08,2026-08-30,103.5,64.7,84.9,18.6,Support,Active,Low,Allocated,92.9
ALC007230,EMP0213,PRJ0161,CLI0056,2026-05-16,2026-08-26,157.3,98.3,129.0,28.3,Developer,Active,Critical,Allocated,69.2
ALC007231,EMP0565,PRJ0132,CLI0013,2026-06-07,2026-11-01,92.6,57.9,75.9,16.7,Support,On Hold,Low,Underallocated,90.7
ALC007232,EMP0193,PRJ0135,CLI0022,2026-04-09,2026-06-24,57.9,36.2,47.5,10.4,Lead,Active,Medium,Underallocated,80.1
ALC007233,EMP0849,PRJ0006,CLI0019,2026-01-04,2026-05-12,151.0,94.4,123.8,27.2,Designer,On Hold,High,Allocated,66.2
ALC007234,EMP0396,PRJ0093,CLI0012,2026-05-17,2026-08-28,102.7,64.2,84.2,18.5,PM,Active,Critical,Allocated,76.4
ALC007235,EMP0017,PRJ0099,CLI0038,2026-02-21,2026-05-17,111.0,69.4,91.0,20.0,Analyst,Completed,High,Allocated,76.8
ALC007236,EMP0615,PRJ0135,CLI0022,2026-06-16,2026-09-27,122.6,76.6,100.5,22.1,Developer,Active,High,Allocated,92.5
ALC007237,EMP0221,PRJ0068,CLI0059,2026-03-05,2026-04-14,72.8,45.5,59.7,13.1,Designer,Completed,Low,Underallocated,64.0
ALC007238,EMP0388,PRJ0009,CLI0015,2026-05-05,2026-08-09,100.3,62.7,82.2,18.1,Analyst,Active,Low,Allocated,62.9
ALC007239,EMP0493,PRJ0098,CLI0044,2026-06-14,2026-09-12,90.6,56.6,74.3,16.3,Developer,Active,Medium,Underallocated,89.6
ALC007240,EMP0813,PRJ0058,CLI0020,2026-05-02,2026-07-02,96.2,60.1,78.9,17.3,Analyst,Active,Low,Allocated,68.4
ALC007241,EMP0120,PRJ0118,CLI0008,2026-04-10,2026-07-31,161.9,101.2,132.8,29.1,Support,Completed,High,Overallocated,73.4
ALC007242,EMP0616,PRJ0021,CLI0060,2026-01-17,2026-05-28,81.0,50.6,66.4,14.6,PM,Completed,Critical,Underallocated,70.1
ALC007243,EMP0040,PRJ0162,CLI0012,2026-05-12,2026-06-24,79.0,49.4,64.8,14.2,Support,Completed,High,Underallocated,78.3
ALC007244,EMP0218,PRJ0078,CLI0031,2026-02-12,2026-04-11,168.0,105.0,137.8,30.2,Lead,Completed,High,Overallocated,88.2
ALC007245,EMP0178,PRJ0113,CLI0050,2026-03-03,2026-06-12,72.6,45.4,59.5,13.1,Lead,On Hold,Low,Underallocated,76.7
ALC007246,EMP0590,PRJ0102,CLI0043,2026-06-06,2026-07-15,114.6,71.6,94.0,20.6,PM,Active,Low,Allocated,65.3
ALC007247,EMP0131,PRJ0080,CLI0026,2026-04-07,2026-07-13,139.4,87.1,114.3,25.1,Support,Active,Medium,Allocated,89.7
ALC007248,EMP0439,PRJ0124,CLI0045,2026-03-02,2026-04-01,139.2,87.0,114.1,25.1,Designer,On Hold,High,Allocated,91.6
ALC007249,EMP0239,PRJ0137,CLI0012,2026-05-09,2026-07-10,55.8,34.9,45.8,10.0,Designer,On Hold,Medium,Underallocated,68.8
ALC007250,EMP0557,PRJ0032,CLI0053,2026-02-12,2026-06-09,83.4,145.0,68.4,15.0,Designer,On Hold,Critical,Underallocated,64.2
ALC007251,EMP0444,PRJ0062,CLI0038,2026-06-20,2026-10-06,42.2,26.4,34.6,7.6,PM,On Hold,Medium,Underallocated,75.8
ALC007252,EMP0665,PRJ0176,CLI0014,2026-01-13,2026-02-27,145.3,90.8,119.1,26.2,Tester,Completed,Low,Allocated,60.5
ALC007253,EMP0416,PRJ0106,CLI0041,2026-04-13,2026-05-16,153.9,96.2,126.2,27.7,Designer,Completed,Critical,Allocated,80.3
ALC007254,EMP0732,PRJ0156,CLI0002,2026-03-01,2026-04-23,152.3,95.2,124.9,27.4,Support,Active,High,Allocated,68.7
ALC007255,EMP0323,PRJ0115,CLI0050,2026-04-03,2026-08-07,111.0,69.4,91.0,20.0,Designer,On Hold,Critical,Allocated,67.6
ALC007256,EMP0747,PRJ0005,CLI0011,2026-05-19,2026-09-26,102.7,64.2,84.2,18.5,PM,On Hold,Medium,Allocated,61.1
ALC007257,EMP0407,PRJ0172,CLI0044,2026-06-05,2026-08-15,89.4,55.9,73.3,16.1,Analyst,Completed,Low,Underallocated,63.5
ALC007258,EMP0520,PRJ0096,CLI0056,2026-01-21,2026-04-05,51.0,31.9,41.8,9.2,Support,Completed,Medium,Underallocated,79.9
ALC007259,EMP0279,PRJ0025,CLI0003,2026-05-13,2026-10-10,132.8,83.0,108.9,23.9,Developer,On Hold,Low,Allocated,70.4
ALC007260,EMP0680,PRJ0069,CLI0021,2026-03-21,2026-04-14,73.1,45.7,59.9,13.2,Designer,Active,Medium,Underallocated,94.2
ALC007261,EMP0071,PRJ0139,CLI0008,2026-01-05,2026-02-05,30.1,18.8,24.7,5.4,Developer,Completed,Medium,Underallocated,67.3
ALC007262,EMP0467,PRJ0064,CLI0024,2026-01-10,2026-03-26,164.6,102.9,135.0,29.6,Analyst,On Hold,Critical,Overallocated,65.9
ALC007263,EMP0062,PRJ0148,CLI0035,2026-01-05,2026-04-12,87.4,54.6,71.7,15.7,Developer,Active,Low,Underallocated,70.8
ALC007264,EMP0082,PRJ0036,CLI0045,2026-04-10,2026-08-21,121.8,76.1,99.9,21.9,Designer,Completed,Medium,Allocated,89.7
ALC007265,EMP0120,PRJ0160,CLI0057,2026-01-04,2026-03-19,106.2,66.4,87.1,19.1,Lead,Active,Medium,Allocated,81.9
ALC007266,EMP0280,PRJ0032,CLI0053,2026-06-17,2026-08-25,157.3,98.3,129.0,28.3,Support,On Hold,Low,Allocated,66.6
ALC007267,EMP0181,PRJ0029,CLI0058,2026-03-14,2026-07-31,53.1,33.2,43.5,9.6,Tester,Completed,Medium,Underallocated,77.0
ALC007268,EMP0692,PRJ0068,CLI0059,2026-06-10,2026-07-26,142.6,89.1,116.9,25.7,Lead,On Hold,Critical,Allocated,92.3
ALC007269,EMP0157,PRJ0076,CLI0055,2026-04-18,2026-07-28,110.1,68.8,90.3,19.8,PM,Active,High,Allocated,82.9
ALC007270,EMP0146,PRJ0172,CLI0044,2026-01-18,2026-03-02,130.2,81.4,106.8,23.4,Tester,Completed,High,Allocated,74.5
ALC007271,EMP0309,PRJ0103,CLI0001,2026-02-15,2026-03-09,95.8,59.9,78.6,17.2,Tester,Active,High,Underallocated,74.8
ALC007272,EMP0333,PRJ0160,CLI0057,2026-05-19,2026-06-10,97.1,60.7,79.6,17.5,Lead,Completed,Low,Allocated,64.9
ALC007273,EMP0391,PRJ0122,CLI0010,2026-01-18,2026-05-03,148.8,93.0,122.0,26.8,Lead,Completed,Low,Allocated,63.9
ALC007274,EMP0050,PRJ0056,CLI0042,2026-05-09,2026-06-24,82.1,51.3,67.3,14.8,Designer,On Hold,Medium,Underallocated,78.0
ALC007275,EMP0332,PRJ0009,CLI0015,2026-03-07,2026-06-19,90.9,56.8,74.5,16.4,Lead,On Hold,Critical,Underallocated,64.1
ALC007276,EMP0746,PRJ0156,CLI0002,2026-05-12,2026-06-08,102.2,63.9,83.8,18.4,Support,On Hold,Medium,Allocated,79.7
ALC007277,EMP0612,PRJ0017,CLI0050,2026-03-04,2026-07-06,54.1,33.8,44.4,9.7,PM,On Hold,Medium,Underallocated,80.1
ALC007278,EMP0616,PRJ0019,CLI0054,2026-04-15,2026-07-21,101.3,63.3,83.1,18.2,Designer,On Hold,Low,Allocated,72.1
ALC007279,EMP0148,PRJ0115,CLI0050,2026-02-04,2026-03-23,103.7,64.8,85.0,18.7,PM,Completed,Critical,Allocated,82.7
ALC007280,EMP0805,PRJ0128,CLI0044,2026-03-10,2026-04-30,139.5,87.2,114.4,25.1,Lead,On Hold,Medium,Allocated,80.5
ALC007281,EMP0010,PRJ0036,CLI0045,2026-06-10,2026-09-21,90.9,56.8,74.5,16.4,Lead,On Hold,Medium,Underallocated,89.3
ALC007282,EMP0148,PRJ0080,CLI0026,2026-02-07,2026-06-09,36.6,22.9,30.0,6.6,PM,Completed,Medium,Underallocated,77.5
ALC007283,EMP0753,PRJ0065,CLI0003,2026-06-08,2026-07-03,113.3,70.8,92.9,20.4,Designer,Completed,High,Allocated,71.6
ALC007284,EMP0724,PRJ0016,CLI0049,2026-03-18,2026-06-01,93.0,58.1,76.3,16.7,Designer,Completed,Low,Underallocated,67.8
ALC007285,EMP0721,PRJ0079,CLI0059,2026-01-09,2026-05-21,64.5,40.3,52.9,11.6,Tester,Completed,Medium,Underallocated,77.8
ALC007286,EMP0542,PRJ0005,CLI0011,2026-04-07,2026-08-22,125.0,78.1,102.5,22.5,Tester,On Hold,Critical,Allocated,92.8
ALC007287,EMP0682,PRJ0172,CLI0044,2026-03-13,2026-05-20,126.4,79.0,103.6,22.8,PM,On Hold,Critical,Allocated,86.9
ALC007288,EMP0425,PRJ0107,CLI0032,2026-06-03,2026-06-26,136.5,85.3,111.9,24.6,Designer,Completed,Critical,Allocated,72.8
ALC007289,EMP0430,PRJ0059,CLI0017,2026-05-10,2026-07-11,127.0,79.4,104.1,22.9,Lead,Active,Medium,Allocated,77.3
ALC007290,EMP0640,PRJ0053,CLI0011,2026-06-07,2026-07-23,141.4,88.4,115.9,25.5,Lead,Active,Low,Allocated,87.8
ALC007291,EMP0791,PRJ0064,CLI0024,2026-01-16,2026-03-27,125.4,78.4,102.8,22.6,Analyst,On Hold,Low,Allocated,70.4
ALC007292,EMP0403,PRJ0082,CLI0013,2026-04-08,2026-06-29,193.0,120.6,158.3,34.7,Developer,Completed,Medium,Overallocated,72.6
ALC007293,EMP0783,PRJ0138,CLI0018,2026-03-21,2026-07-05,170.9,106.8,140.1,30.8,Developer,Completed,Medium,Overallocated,68.4
ALC007294,EMP0739,PRJ0137,CLI0012,2026-02-09,2026-06-23,121.4,75.9,99.5,21.9,PM,Active,High,Allocated,71.1
ALC007295,EMP0049,PRJ0073,CLI0016,2026-04-10,2026-05-04,42.9,26.8,35.2,7.7,Lead,On Hold,Medium,Underallocated,79.5
ALC007296,EMP0429,PRJ0084,CLI0016,2026-01-03,2026-05-29,186.9,116.8,153.3,33.6,Developer,On Hold,Critical,Overallocated,90.4
ALC007297,EMP0800,PRJ0035,CLI0016,2026-05-09,2026-06-22,101.3,63.3,83.1,18.2,Developer,Active,Critical,Allocated,91.9
ALC007298,EMP0527,PRJ0011,CLI0024,2026-05-06,2026-09-03,137.1,85.7,112.4,24.7,Analyst,On Hold,Medium,Allocated,77.9
ALC007299,EMP0748,PRJ0074,CLI0006,2026-03-15,2026-04-22,130.9,81.8,107.3,23.6,Lead,Completed,High,Allocated,78.1
ALC007300,EMP0693,PRJ0034,CLI0045,2026-01-19,2026-06-11,107.4,67.1,88.1,19.3,Tester,On Hold,Critical,Allocated,88.3
ALC007301,EMP0196,PRJ0036,CLI0045,2026-05-19,2026-07-25,92.8,58.0,76.1,16.7,Designer,Completed,Critical,Underallocated,93.4
ALC007302,EMP0503,PRJ0019,CLI0054,2026-06-19,2026-10-20,98.2,61.4,80.5,17.7,Support,On Hold,High,Allocated,66.9
ALC007303,EMP0831,PRJ0144,CLI0056,2026-01-21,2026-06-18,8.0,5.0,6.6,1.4,Support,On Hold,Low,Underallocated,62.9
ALC007304,EMP0567,PRJ0024,CLI0041,2026-03-14,2026-06-09,65.3,40.8,53.5,11.8,Designer,Completed,High,Underallocated,64.5
ALC007305,EMP0563,PRJ0059,CLI0017,2026-02-11,2026-06-25,92.3,57.7,75.7,16.6,Lead,Completed,Medium,Underallocated,89.0
ALC007306,EMP0310,PRJ0075,CLI0033,2026-04-17,2026-06-23,114.1,71.3,93.6,20.5,Lead,On Hold,High,Allocated,94.5
ALC007307,EMP0233,PRJ0118,CLI0008,2026-05-01,2026-08-13,135.7,84.8,111.3,24.4,Support,Active,Low,Allocated,83.6
ALC007308,EMP0145,PRJ0135,CLI0022,2026-05-14,2026-07-27,89.0,55.6,73.0,16.0,Tester,Completed,Medium,Underallocated,73.1
ALC007309,EMP0436,PRJ0141,CLI0028,2026-06-13,2026-08-27,139.4,87.1,114.3,25.1,PM,Completed,Low,Allocated,85.5
ALC007310,EMP0395,PRJ0155,CLI0042,2026-05-03,2026-08-18,102.9,64.3,84.4,18.5,Lead,Completed,Medium,Allocated,94.2
ALC007311,EMP0250,PRJ0117,CLI0006,2026-05-07,2026-07-08,97.6,61.0,80.0,17.6,Lead,On Hold,Low,Allocated,84.3
ALC007312,EMP0513,PRJ0056,CLI0042,2026-04-02,2026-08-22,114.1,71.3,93.6,20.5,Support,On Hold,Low,Allocated,65.2
ALC007313,EMP0064,PRJ0106,CLI0041,2026-03-16,2026-06-27,141.3,88.3,115.9,25.4,PM,Completed,Low,Allocated,73.9
ALC007314,EMP0585,PRJ0009,CLI0015,2026-01-05,2026-05-04,102.6,64.1,84.1,18.5,Developer,Active,Low,Allocated,69.1
ALC007315,EMP0118,PRJ0134,CLI0007,2026-01-13,2026-03-05,126.6,79.1,103.8,22.8,Tester,On Hold,Critical,Allocated,76.8
ALC007316,EMP0315,PRJ0098,CLI0044,2026-05-11,2026-10-01,141.8,88.6,116.3,25.5,Support,On Hold,Medium,Allocated,84.0
ALC007317,EMP0215,PRJ0156,CLI0002,2026-02-07,2026-04-14,133.8,83.6,109.7,24.1,Lead,Active,Medium,Allocated,81.0
ALC007318,EMP0594,PRJ0165,CLI0030,2026-05-20,2026-09-16,85.3,53.3,69.9,15.4,Analyst,Active,High,Underallocated,64.0
ALC007319,EMP0534,PRJ0036,CLI0045,2026-02-09,2026-05-09,92.8,58.0,76.1,16.7,Tester,Active,High,Underallocated,81.6
ALC007320,EMP0555,PRJ0162,CLI0012,2026-06-18,2026-09-17,135.4,84.6,111.0,24.4,Lead,Completed,Low,Allocated,60.3
ALC007321,EMP0419,PRJ0078,CLI0031,2026-04-04,2026-05-08,106.6,66.6,87.4,19.2,PM,On Hold,Low,Allocated,77.4
ALC007322,EMP0493,PRJ0127,CLI0026,2026-02-15,2026-06-26,80.8,50.5,66.3,14.5,Lead,On Hold,Medium,Underallocated,63.1
ALC007323,EMP0049,PRJ0082,CLI0013,2026-03-09,2026-07-08,113.8,71.1,93.3,20.5,PM,On Hold,Critical,Allocated,75.2
ALC007324,EMP0277,PRJ0114,CLI0043,2026-04-19,2026-08-05,143.0,89.4,117.3,25.7,PM,Completed,High,Allocated,62.2
ALC007325,EMP0808,PRJ0126,CLI0060,2026-05-18,2026-09-17,148.6,92.9,121.9,26.7,Tester,Completed,High,Allocated,81.8
ALC007326,EMP0288,PRJ0157,CLI0044,2026-01-12,2026-03-04,152.8,95.5,125.3,27.5,Analyst,Completed,Low,Allocated,62.4
ALC007327,EMP0622,PRJ0131,CLI0009,2026-02-16,2026-04-19,113.3,70.8,92.9,20.4,PM,Active,Critical,Allocated,85.6
ALC007328,EMP0063,PRJ0132,CLI0013,2026-03-03,2026-05-31,127.4,79.6,104.5,22.9,Support,Active,Critical,Allocated,63.2
ALC007329,EMP0575,PRJ0091,CLI0026,2026-02-07,2026-06-22,156.2,97.6,128.1,28.1,Support,Active,Low,Allocated,81.0
ALC007330,EMP0352,PRJ0103,CLI0001,2026-05-08,2026-09-18,86.4,54.0,70.8,15.6,Tester,On Hold,High,Underallocated,76.4
ALC007331,EMP0697,PRJ0096,CLI0056,2026-04-14,2026-06-27,151.0,94.4,123.8,27.2,Support,Active,Medium,Allocated,89.9
ALC007332,EMP0152,PRJ0180,CLI0006,2026-04-17,2026-05-18,139.8,87.4,114.6,25.2,Tester,Completed,High,Allocated,74.3
ALC007333,EMP0613,PRJ0151,CLI0036,2026-06-10,2026-07-12,140.2,87.6,115.0,25.2,Designer,Completed,Critical,Allocated,79.2
ALC007334,EMP0054,PRJ0135,CLI0022,2026-03-18,2026-06-24,44.5,27.8,36.5,8.0,Support,Active,Low,Underallocated,91.8
ALC007335,EMP0535,PRJ0062,CLI0038,2026-01-13,2026-04-13,90.1,56.3,73.9,16.2,Support,Active,High,Underallocated,88.1
ALC007336,EMP0067,PRJ0130,CLI0056,2026-05-06,2026-07-30,87.4,54.6,71.7,15.7,Lead,Active,Low,Underallocated,81.3
ALC007337,EMP0553,PRJ0094,CLI0008,2026-05-07,2026-08-27,169.0,105.6,138.6,30.4,Designer,Active,Critical,Overallocated,73.8
ALC007338,EMP0508,PRJ0151,CLI0036,2026-02-09,2026-04-29,76.6,47.9,62.8,13.8,Support,Completed,Medium,Underallocated,78.0
ALC007339,EMP0223,PRJ0140,CLI0018,2026-04-18,2026-08-26,69.3,43.3,56.8,12.5,Developer,Completed,Critical,Underallocated,94.9
ALC007340,EMP0311,PRJ0146,CLI0006,2026-02-04,2026-03-18,63.4,39.6,52.0,11.4,Lead,Active,High,Underallocated,81.0
ALC007341,EMP0453,PRJ0082,CLI0013,2026-06-12,2026-09-22,97.1,60.7,79.6,17.5,Lead,Completed,Low,Allocated,91.6
ALC007342,EMP0164,PRJ0108,CLI0055,2026-01-19,2026-02-20,128.2,80.1,105.1,23.1,Support,On Hold,High,Allocated,83.0
ALC007343,EMP0717,PRJ0179,CLI0012,2026-04-13,2026-08-25,185.4,115.9,152.0,33.4,Lead,Completed,Critical,Overallocated,89.5
ALC007344,EMP0525,PRJ0003,CLI0041,2026-06-10,2026-09-14,96.8,60.5,79.4,17.4,Designer,Completed,Low,Allocated,74.0
ALC007345,EMP0347,PRJ0128,CLI0044,2026-06-19,2026-07-18,81.8,51.1,67.1,14.7,PM,On Hold,High,Underallocated,71.1
ALC007346,EMP0793,PRJ0089,CLI0043,2026-06-13,2026-10-22,174.4,109.0,143.0,31.4,Support,On Hold,Medium,Overallocated,71.3
ALC007347,EMP0094,PRJ0072,CLI0030,2026-02-04,2026-03-20,,112.8,148.0,32.5,Lead,Active,Critical,Overallocated,81.3
ALC007348,EMP0694,PRJ0180,CLI0006,2026-01-09,2026-04-22,41.6,26.0,34.1,7.5,Designer,On Hold,Critical,Underallocated,85.4
ALC007349,EMP0621,PRJ0001,CLI0057,2026-06-06,2026-08-16,91.4,57.1,74.9,16.5,PM,Completed,Critical,Underallocated,64.7
ALC007350,EMP0487,PRJ0003,CLI0041,2026-03-13,2026-06-04,120.6,75.4,98.9,21.7,Support,On Hold,Critical,Allocated,89.6
ALC007351,EMP0772,PRJ0155,CLI0042,2026-02-15,2026-05-05,119.5,74.7,98.0,21.5,Tester,On Hold,Low,Allocated,74.9
ALC007352,EMP0101,PRJ0034,CLI0045,2026-04-13,2026-05-08,200.6,125.4,164.5,36.1,Designer,On Hold,Medium,Overallocated,87.8
ALC007353,EMP0746,PRJ0129,CLI0019,2026-05-10,2026-08-13,89.9,56.2,73.7,16.2,Lead,Active,Critical,Underallocated,63.5
ALC007354,EMP0460,PRJ0085,CLI0045,2026-03-02,2026-05-07,66.1,41.3,54.2,11.9,Designer,Active,Low,Underallocated,68.7
ALC007355,EMP0050,PRJ0140,CLI0018,2026-06-13,2026-10-25,81.0,50.6,66.4,14.6,Developer,Completed,Critical,Underallocated,89.7
ALC007356,EMP0475,PRJ0072,CLI0030,2026-04-21,2026-06-27,155.5,97.2,127.5,28.0,Support,Active,Critical,Allocated,78.6
ALC007357,EMP0524,PRJ0016,CLI0049,2026-05-09,2026-07-26,111.5,69.7,91.4,20.1,Lead,On Hold,Medium,Allocated,93.7
ALC007358,EMP0440,PRJ0017,CLI0050,2026-02-13,2026-05-13,176.0,110.0,144.3,31.7,Developer,On Hold,Medium,Overallocated,66.9
ALC007359,EMP0127,PRJ0159,CLI0025,2026-02-10,2026-03-27,137.9,86.2,113.1,24.8,Analyst,Active,Medium,Allocated,86.3
ALC007360,EMP0373,PRJ0020,CLI0049,2026-04-20,2026-05-29,84.8,53.0,69.5,15.3,Developer,Completed,Low,Underallocated,60.5
ALC007361,EMP0708,PRJ0091,CLI0026,2026-06-07,2026-09-01,146.6,91.6,120.2,26.4,PM,On Hold,Medium,Allocated,71.9
ALC007362,EMP0700,PRJ0175,CLI0054,2026-02-15,2026-04-27,160.2,100.1,131.4,28.8,Tester,Completed,Medium,Overallocated,69.0
ALC007363,EMP0271,PRJ0057,CLI0043,2026-06-08,2026-11-02,170.4,106.5,139.7,30.7,Developer,Completed,Medium,Overallocated,76.8
ALC007364,EMP0360,PRJ0096,CLI0056,2026-01-06,2026-03-18,55.8,34.9,45.8,10.0,Designer,On Hold,Low,Underallocated,90.3
ALC007365,EMP0197,PRJ0101,CLI0028,2026-02-20,2026-04-15,123.2,77.0,101.0,22.2,Tester,On Hold,Low,Allocated,67.4
ALC007366,EMP0648,PRJ0095,CLI0017,2026-04-15,2026-06-06,67.4,42.1,55.3,12.1,Support,Active,Medium,Underallocated,89.4
ALC007367,EMP0796,PRJ0031,CLI0044,2026-03-20,2026-05-09,100.2,62.6,82.2,18.0,Support,On Hold,Medium,Allocated,66.9
ALC007368,EMP0630,PRJ0123,CLI0039,2026-01-15,2026-02-13,102.7,64.2,84.2,18.5,Designer,Active,Critical,Allocated,68.2
ALC007369,EMP0652,PRJ0149,CLI0039,2026-01-14,2026-06-02,123.2,77.0,101.0,22.2,PM,Completed,High,Allocated,70.5
ALC007370,EMP0630,PRJ0118,CLI0008,2026-03-10,2026-06-02,131.2,82.0,107.6,23.6,Lead,On Hold,Medium,Allocated,92.6
ALC007371,EMP0628,PRJ0162,CLI0012,2026-05-20,2026-09-12,87.8,54.9,72.0,15.8,PM,Completed,High,Underallocated,63.7
ALC007372,EMP0805,PRJ0078,CLI0031,2026-05-11,2026-08-17,160.6,100.4,131.7,28.9,Tester,Completed,Medium,Overallocated,80.7
ALC007373,EMP0810,PRJ0154,CLI0005,2026-01-12,2026-06-06,165.3,103.3,135.5,29.8,Developer,Active,Critical,Overallocated,90.2
ALC007374,EMP0031,PRJ0158,CLI0059,2026-01-21,2026-06-15,119.5,74.7,98.0,21.5,PM,Active,Medium,Allocated,83.3
ALC007375,EMP0051,PRJ0107,CLI0032,2026-04-14,2026-07-04,181.0,113.1,148.4,32.6,Designer,Active,Medium,Overallocated,86.2
ALC007376,EMP0262,PRJ0088,CLI0011,2026-04-06,2026-09-03,108.8,68.0,89.2,19.6,Support,Completed,Medium,Allocated,64.5
ALC007377,EMP0256,PRJ0065,CLI0003,2026-06-07,2026-09-01,37.9,23.7,31.1,6.8,Support,On Hold,Low,Underallocated,67.3
ALC007378,EMP0830,PRJ0105,CLI0056,2026-04-17,2026-06-30,75.2,47.0,61.7,13.5,Support,Active,High,Underallocated,60.3
ALC007379,EMP0145,PRJ0022,CLI0037,2026-05-03,2026-09-28,94.2,58.9,77.2,17.0,Designer,On Hold,Medium,Underallocated,79.8
ALC007380,EMP0276,PRJ0149,CLI0039,2026-06-04,2026-08-30,148.8,93.0,122.0,26.8,Analyst,Completed,Medium,Allocated,81.5
ALC007381,EMP0288,PRJ0088,CLI0011,2026-05-09,2026-08-17,72.8,45.5,59.7,13.1,Designer,Completed,Critical,Underallocated,94.0
ALC007382,EMP0076,PRJ0012,CLI0020,2026-02-21,2026-05-06,109.6,68.5,89.9,19.7,Developer,Active,High,Allocated,76.5
ALC007383,EMP0422,PRJ0162,CLI0012,2026-01-06,2026-05-13,211.2,132.0,173.2,38.0,Lead,Completed,High,Overallocated,82.7
ALC007384,EMP0163,PRJ0046,CLI0048,2026-05-14,2026-10-06,121.3,75.8,99.5,21.8,PM,Completed,Critical,Allocated,87.2
ALC007385,EMP0657,PRJ0061,CLI0059,2026-03-18,2026-05-16,176.3,110.2,144.6,31.7,Lead,Completed,Critical,Overallocated,78.6
ALC007386,EMP0766,PRJ0067,CLI0015,2026-05-21,2026-06-26,64.0,40.0,52.5,11.5,Analyst,On Hold,Low,Underallocated,84.3
ALC007387,EMP0533,PRJ0148,CLI0035,2026-06-19,2026-10-07,31.2,19.5,25.6,5.6,Designer,On Hold,Critical,Underallocated,60.8
ALC007388,EMP0595,PRJ0101,CLI0028,2026-03-07,2026-04-21,47.7,29.8,39.1,8.6,PM,Completed,Low,Underallocated,62.4
ALC007389,EMP0631,PRJ0109,CLI0010,2026-03-09,2026-05-15,155.4,97.1,127.4,28.0,Designer,Completed,Low,Allocated,93.4
ALC007390,EMP0417,PRJ0160,CLI0057,2026-06-11,2026-10-13,102.7,64.2,84.2,18.5,Designer,On Hold,High,Allocated,77.9
ALC007391,EMP0528,PRJ0117,CLI0006,2026-06-13,2026-10-13,98.9,61.8,81.1,17.8,Analyst,On Hold,Critical,Allocated,78.5
ALC007392,EMP0458,PRJ0038,CLI0059,2026-04-16,2026-05-08,181.0,113.1,148.4,32.6,Tester,Completed,High,Overallocated,92.9
ALC007393,EMP0228,PRJ0076,CLI0055,2026-03-09,2026-06-08,155.5,97.2,127.5,28.0,PM,On Hold,Critical,Allocated,90.9
ALC007394,EMP0652,PRJ0057,CLI0043,2026-04-20,2026-05-16,130.7,81.7,107.2,23.5,Tester,On Hold,Critical,Allocated,80.6
ALC007395,EMP0333,PRJ0134,CLI0007,2026-05-16,2026-06-27,160.0,100.0,131.2,28.8,Developer,Active,Medium,Allocated,88.6
ALC007396,EMP0109,PRJ0146,CLI0006,2026-02-02,2026-02-22,105.9,66.2,86.8,19.1,Lead,On Hold,High,Allocated,79.1
ALC007397,EMP0314,PRJ0011,CLI0024,2026-02-12,2026-04-09,125.9,78.7,103.2,22.7,PM,Active,High,Allocated,73.3
ALC007398,EMP0777,PRJ0098,CLI0044,2026-03-10,2026-06-14,63.5,39.7,52.1,11.4,Support,On Hold,Medium,Underallocated,62.5
ALC007399,EMP0045,PRJ0019,CLI0054,2026-06-04,2026-09-16,81.4,50.9,66.7,14.7,Support,Active,Low,Underallocated,76.4
ALC007400,EMP0746,PRJ0128,CLI0044,2026-06-10,2026-09-14,101.3,63.3,83.1,18.2,Analyst,On Hold,High,Allocated,86.4
ALC007401,EMP0543,PRJ0053,CLI0011,2026-06-20,2026-09-28,110.9,69.3,90.9,20.0,Developer,Active,Low,Allocated,63.8
ALC007402,EMP0138,PRJ0133,CLI0044,2026-01-19,2026-03-19,151.5,94.7,124.2,27.3,Tester,Completed,Medium,Allocated,60.7
ALC007403,EMP0105,PRJ0119,CLI0048,2026-03-14,2026-08-05,161.6,101.0,132.5,29.1,Lead,Active,Critical,Overallocated,71.6
ALC007404,EMP0549,PRJ0113,CLI0050,2026-06-20,2026-08-06,224.0,140.0,183.7,40.3,Analyst,Completed,Medium,Overallocated,68.2
ALC007405,EMP0630,PRJ0075,CLI0033,2026-04-06,2026-04-26,204.0,127.5,167.3,36.7,Analyst,On Hold,Low,Overallocated,81.9
ALC007406,EMP0226,PRJ0179,CLI0012,2026-02-04,2026-04-29,157.8,98.6,129.4,28.4,Developer,Completed,High,Allocated,94.0
ALC007407,EMP0840,PRJ0175,CLI0054,2026-02-14,2026-06-11,52.5,32.8,43.0,9.4,Tester,Active,Critical,Underallocated,78.8
ALC007408,EMP0022,PRJ0072,CLI0030,2026-05-09,2026-07-13,169.3,105.8,138.8,30.5,Developer,Completed,Low,Overallocated,62.2
ALC007409,EMP0837,PRJ0063,CLI0016,2026-01-13,2026-04-24,187.7,117.3,153.9,33.8,Analyst,Completed,High,Overallocated,67.0
ALC007410,EMP0485,PRJ0016,CLI0049,2026-02-03,2026-06-29,117.6,73.5,96.4,21.2,Support,On Hold,Critical,Allocated,86.0
ALC007411,EMP0541,PRJ0177,CLI0053,2026-05-12,2026-09-25,44.2,27.6,36.2,8.0,Developer,On Hold,Medium,Underallocated,91.3
ALC007412,EMP0640,PRJ0014,CLI0026,2026-04-15,2026-05-20,120.3,75.2,98.6,21.7,Analyst,Completed,Low,Allocated,74.8
ALC007413,EMP0516,PRJ0086,CLI0017,2026-04-10,2026-05-15,147.8,92.4,121.2,26.6,Support,Active,Medium,Allocated,93.5
ALC007414,EMP0276,PRJ0068,CLI0059,2026-01-21,2026-05-12,121.9,76.2,100.0,21.9,Analyst,Completed,Medium,Allocated,88.3
ALC007415,EMP0156,PRJ0117,CLI0006,2026-01-18,2026-03-23,95.8,59.9,78.6,17.2,Analyst,Active,Critical,Underallocated,87.2
ALC007416,EMP0310,PRJ0009,CLI0015,2026-06-05,2026-06-25,109.0,68.1,89.4,19.6,Tester,Completed,Low,Allocated,91.3
ALC007417,EMP0342,PRJ0093,CLI0012,2026-03-04,2026-06-21,163.7,102.3,134.2,29.5,Developer,Active,Critical,Overallocated,73.0
ALC007418,EMP0274,PRJ0007,CLI0040,2026-06-03,2026-09-23,131.0,81.9,107.4,23.6,PM,Active,Low,Allocated,71.0
ALC007419,EMP0441,PRJ0109,CLI0010,2026-01-16,2026-06-13,170.9,106.8,140.1,30.8,Support,Active,High,Overallocated,74.6
ALC007420,EMP0425,PRJ0144,CLI0056,2026-02-15,2026-05-23,155.5,97.2,127.5,28.0,Lead,Active,Low,Allocated,93.3
ALC007421,EMP0841,PRJ0001,CLI0057,2026-02-16,2026-04-04,104.3,65.2,85.5,18.8,Lead,On Hold,Low,Allocated,87.8
ALC007422,EMP0773,PRJ0115,CLI0050,2026-02-21,2026-03-14,145.6,91.0,119.4,26.2,Analyst,Completed,High,Allocated,60.2
ALC007423,EMP0492,PRJ0170,CLI0032,2026-02-02,2026-06-07,172.2,107.6,141.2,31.0,Support,Active,Critical,Overallocated,91.5
ALC007424,EMP0730,PRJ0063,CLI0016,2026-04-20,2026-07-03,118.1,73.8,96.8,21.3,Developer,Active,High,Allocated,62.3
ALC007425,EMP0545,PRJ0074,CLI0006,2026-01-07,2026-04-20,138.9,86.8,113.9,25.0,Developer,Completed,Medium,Allocated,60.4
ALC007426,EMP0562,PRJ0128,CLI0044,2026-04-06,2026-07-22,51.2,32.0,42.0,9.2,Analyst,Completed,Medium,Underallocated,74.1
ALC007427,EMP0692,PRJ0107,CLI0032,2026-03-10,2026-07-14,94.4,59.0,77.4,17.0,Support,Completed,Medium,Underallocated,60.1
ALC007428,EMP0153,PRJ0167,CLI0027,2026-01-06,2026-05-14,106.1,66.3,87.0,19.1,Tester,Completed,High,Allocated,75.7
ALC007429,EMP0237,PRJ0085,CLI0045,2026-06-03,2026-07-18,71.0,44.4,58.2,12.8,Designer,On Hold,Critical,Underallocated,60.1
ALC007430,EMP0274,PRJ0127,CLI0026,2026-04-13,2026-08-29,117.3,73.3,96.2,21.1,Support,Completed,Low,Allocated,82.4
ALC007431,EMP0219,PRJ0033,CLI0030,2026-01-06,2026-02-12,179.8,112.4,147.4,32.4,Support,Completed,Low,Overallocated,94.2
ALC007432,EMP0173,PRJ0090,CLI0041,2026-05-09,2026-08-21,124.3,77.7,101.9,22.4,Support,On Hold,Medium,Allocated,87.3
ALC007433,EMP0064,PRJ0053,CLI0011,2026-05-13,2026-06-29,165.4,103.4,135.6,29.8,Support,Completed,Critical,Overallocated,83.0
ALC007434,EMP0123,PRJ0053,CLI0011,2026-04-21,2026-09-14,140.3,87.7,115.0,25.3,Support,Active,Critical,Allocated,90.9
ALC007435,EMP0319,PRJ0090,CLI0041,2026-03-04,2026-05-13,180.8,113.0,148.3,32.5,Tester,Completed,Critical,Overallocated,91.2
ALC007436,EMP0843,PRJ0095,CLI0017,2026-05-15,2026-07-20,109.6,68.5,89.9,19.7,Lead,On Hold,Medium,Allocated,77.2
ALC007437,EMP0461,PRJ0108,CLI0055,2026-06-21,2026-07-17,85.3,53.3,69.9,15.4,Support,Active,Medium,Underallocated,88.6
ALC007438,EMP0062,PRJ0001,CLI0057,2026-05-15,2026-09-30,143.4,89.6,117.6,25.8,Developer,Active,Medium,Allocated,75.1
ALC007439,EMP0479,PRJ0002,CLI0046,2026-01-19,2026-02-14,49.3,30.8,40.4,8.9,Designer,Active,Medium,Underallocated,92.5
ALC007440,EMP0783,PRJ0117,CLI0006,2026-03-17,2026-05-09,135.8,84.9,111.4,24.4,Lead,Active,High,Allocated,90.2
ALC007441,EMP0266,PRJ0029,CLI0058,2026-01-02,2026-05-08,23.7,14.8,19.4,4.3,Support,On Hold,Critical,Underallocated,61.2
ALC007442,EMP0795,PRJ0090,CLI0041,2026-03-16,2026-07-06,77.1,48.2,63.2,13.9,Analyst,Active,High,Underallocated,76.7
ALC007443,EMP0163,PRJ0166,CLI0028,2026-03-12,2026-04-13,126.1,78.8,103.4,22.7,Developer,Completed,High,Allocated,87.0
ALC007444,EMP0698,PRJ0104,CLI0018,2026-04-09,2026-05-30,61.1,38.2,50.1,11.0,Support,On Hold,Critical,Underallocated,74.7
ALC007445,EMP0166,PRJ0123,CLI0039,2026-01-12,2026-06-01,95.7,59.8,78.5,17.2,Designer,Completed,Low,Underallocated,79.0
ALC007446,EMP0372,PRJ0135,CLI0022,2026-03-15,2026-08-11,59.5,37.2,48.8,10.7,Designer,Active,High,Underallocated,64.2
ALC007447,EMP0650,PRJ0024,CLI0041,2026-06-05,2026-10-09,140.5,87.8,115.2,25.3,Analyst,Active,Low,Allocated,68.6
ALC007448,EMP0494,PRJ0073,CLI0016,2026-05-04,2026-07-12,157.4,98.4,129.1,28.3,Analyst,Completed,High,Allocated,76.5
ALC007449,EMP0465,PRJ0159,CLI0025,2026-06-09,2026-10-19,112.2,,92.0,20.2,Developer,On Hold,Low,Allocated,78.4
ALC007450,EMP0797,PRJ0122,CLI0010,2026-01-03,2026-05-30,199.8,124.9,163.8,36.0,PM,Active,Low,Overallocated,71.3
ALC007451,EMP0726,PRJ0062,CLI0038,2026-02-10,2026-03-30,102.6,64.1,84.1,18.5,Support,Active,Medium,Allocated,84.5
ALC007452,EMP0512,PRJ0055,CLI0015,2026-04-11,2026-06-29,58.6,36.6,48.1,10.5,Analyst,Completed,High,Underallocated,86.1
ALC007453,EMP0366,PRJ0081,CLI0038,2026-02-15,2026-05-21,54.9,34.3,45.0,9.9,Analyst,On Hold,High,Underallocated,85.7
ALC007454,EMP0075,PRJ0077,CLI0025,2026-05-17,2026-09-14,106.2,66.4,87.1,19.1,Developer,On Hold,Low,Allocated,72.3
ALC007455,EMP0094,PRJ0174,CLI0032,2026-04-07,2026-05-05,125.0,78.1,102.5,22.5,Tester,Completed,Critical,Allocated,94.2
ALC007456,EMP0368,PRJ0028,CLI0011,2026-06-15,2026-09-05,211.8,132.4,173.7,38.1,Analyst,Completed,High,Overallocated,61.2
ALC007457,EMP0773,PRJ0006,CLI0019,2026-05-16,2026-10-02,69.3,43.3,56.8,12.5,Tester,On Hold,Critical,Underallocated,79.5
ALC007458,EMP0777,PRJ0036,CLI0045,2026-01-16,2026-03-14,86.7,54.2,71.1,15.6,Analyst,Active,Low,Underallocated,94.4
ALC007459,EMP0684,PRJ0178,CLI0030,2026-03-11,2026-05-08,131.0,81.9,107.4,23.6,Support,Completed,Critical,Allocated,86.6
ALC007460,EMP0021,PRJ0124,CLI0045,2026-01-03,2026-05-14,115.8,72.4,95.0,20.8,Analyst,Active,Critical,Allocated,88.9
ALC007461,EMP0065,PRJ0083,CLI0032,2026-05-21,2026-08-21,87.8,54.9,72.0,15.8,PM,Active,Medium,Underallocated,92.6
ALC007462,EMP0579,PRJ0106,CLI0041,2026-04-12,2026-06-10,110.2,68.9,90.4,19.8,Analyst,Completed,Medium,Allocated,87.1
ALC007463,EMP0597,PRJ0116,CLI0042,2026-03-06,2026-08-03,66.7,41.7,54.7,12.0,Tester,Completed,Medium,Underallocated,73.1
ALC007464,EMP0111,PRJ0112,CLI0006,2026-01-03,2026-03-22,94.1,58.8,77.2,16.9,Designer,On Hold,Critical,Underallocated,62.6
ALC007465,EMP0500,PRJ0137,CLI0012,2026-03-07,2026-05-21,,42.2,55.3,12.2,Analyst,On Hold,Critical,Underallocated,85.9
ALC007466,EMP0172,PRJ0085,CLI0045,2026-01-08,2026-03-09,153.8,96.1,126.1,27.7,Support,Completed,Critical,Allocated,82.8
ALC007467,EMP0541,PRJ0056,CLI0042,2026-06-04,2026-09-14,141.6,88.5,116.1,25.5,Designer,On Hold,Medium,Allocated,75.0
ALC007468,EMP0659,PRJ0135,CLI0022,2026-02-07,2026-05-21,109.9,68.7,90.1,19.8,Developer,Completed,High,Allocated,86.9
ALC007469,EMP0120,PRJ0176,CLI0014,2026-06-04,2026-10-15,112.6,70.4,92.3,20.3,Lead,Completed,High,Allocated,63.4
ALC007470,EMP0029,PRJ0112,CLI0006,2026-01-04,2026-03-22,121.0,75.6,99.2,21.8,Lead,On Hold,Medium,Allocated,78.1
ALC007471,EMP0330,PRJ0170,CLI0032,2026-02-04,2026-03-22,93.8,58.6,76.9,16.9,Tester,Completed,Low,Underallocated,72.7
ALC007472,EMP0011,PRJ0032,CLI0053,2026-04-15,2026-08-14,,27.8,36.5,8.0,Developer,On Hold,High,Underallocated,87.2
ALC007473,EMP0254,PRJ0177,CLI0053,2026-04-19,2026-08-26,98.4,61.5,80.7,17.7,Analyst,Active,Critical,Allocated,90.7
ALC007474,EMP0769,PRJ0163,CLI0044,2026-05-03,2026-09-16,131.5,82.2,107.8,23.7,Designer,On Hold,High,Allocated,84.1
ALC007475,EMP0316,PRJ0001,CLI0057,2026-05-01,2026-09-05,150.1,93.8,123.1,27.0,Designer,On Hold,Critical,Allocated,88.1
ALC007476,EMP0240,PRJ0111,CLI0043,2026-04-10,2026-05-29,114.9,71.8,94.2,20.7,Designer,Active,Medium,Allocated,92.6
ALC007477,EMP0090,PRJ0084,CLI0016,2026-01-18,2026-05-18,87.8,54.9,72.0,15.8,PM,Completed,Low,Underallocated,67.0
ALC007478,EMP0205,PRJ0043,CLI0043,2026-05-01,2026-06-21,134.4,84.0,110.2,24.2,Analyst,Active,Critical,Allocated,73.4
ALC007479,EMP0318,PRJ0049,CLI0043,2026-03-11,2026-08-08,119.0,74.4,97.6,21.4,Analyst,On Hold,Medium,Allocated,73.7
ALC007480,EMP0336,PRJ0065,CLI0003,2026-02-21,2026-06-20,70.4,44.0,57.7,12.7,Lead,On Hold,Critical,Underallocated,67.9
ALC007481,EMP0326,PRJ0148,CLI0035,2026-05-14,2026-09-17,40.0,25.0,32.8,7.2,Lead,On Hold,Low,Underallocated,81.9
ALC007482,EMP0475,PRJ0038,CLI0059,2026-05-13,2026-09-01,90.4,56.5,74.1,16.3,Lead,On Hold,Critical,Underallocated,69.9
ALC007483,EMP0829,PRJ0085,CLI0045,2026-04-13,2026-06-10,173.0,108.1,141.9,31.1,Tester,Completed,Low,Overallocated,73.2
ALC007484,EMP0127,PRJ0100,CLI0039,2026-05-21,2026-10-10,134.2,83.9,110.0,24.2,Developer,Active,Medium,Allocated,85.7
ALC007485,EMP0426,PRJ0097,CLI0018,2026-01-08,2026-03-17,171.4,107.1,140.5,30.9,Tester,Active,Critical,Overallocated,67.8
ALC007486,EMP0047,PRJ0025,CLI0003,2026-02-18,2026-04-01,110.6,69.1,90.7,19.9,Tester,Active,Critical,Allocated,74.0
ALC007487,EMP0738,PRJ0174,CLI0032,2026-05-21,2026-07-16,110.4,69.0,90.5,19.9,Support,On Hold,Critical,Allocated,61.5
ALC007488,EMP0002,PRJ0038,CLI0059,2026-06-08,2026-10-15,8.0,5.0,6.6,1.4,Lead,Active,Low,Underallocated,69.7
ALC007489,EMP0135,PRJ0078,CLI0031,2026-06-12,2026-09-08,35.5,22.2,29.1,6.4,Analyst,Completed,Medium,Underallocated,79.1
ALC007490,EMP0168,PRJ0172,CLI0044,2026-02-19,2026-07-03,130.4,81.5,106.9,23.5,Designer,Completed,Low,Allocated,70.0
ALC007491,EMP0734,PRJ0080,CLI0026,2026-05-16,2026-07-31,119.7,74.8,98.2,21.5,Support,Completed,Critical,Allocated,76.3
ALC007492,EMP0771,PRJ0103,CLI0001,2026-06-08,2026-10-08,21.3,13.3,17.5,3.8,Developer,Active,Critical,Underallocated,81.4
ALC007493,EMP0207,PRJ0010,CLI0035,2026-01-10,2026-04-28,117.3,73.3,96.2,21.1,Tester,Active,Critical,Allocated,65.0
ALC007494,EMP0737,PRJ0055,CLI0015,2026-02-20,2026-03-24,152.2,95.1,124.8,27.4,PM,Active,High,Allocated,71.5
ALC007495,EMP0774,PRJ0130,CLI0056,2026-03-13,2026-04-16,124.6,77.9,102.2,22.4,Analyst,Active,High,Allocated,92.6
ALC007496,EMP0145,PRJ0085,CLI0045,2026-01-10,2026-03-11,90.7,56.7,74.4,16.3,PM,On Hold,High,Underallocated,92.6
ALC007497,EMP0175,PRJ0010,CLI0035,2026-03-06,2026-07-07,12.5,7.8,10.2,2.2,Designer,Completed,High,Underallocated,65.3
ALC007498,EMP0823,PRJ0141,CLI0028,2026-03-02,2026-04-21,128.2,80.1,105.1,23.1,Analyst,Active,Critical,Allocated,64.8
ALC007499,EMP0257,PRJ0161,CLI0056,2026-06-21,2026-10-07,76.5,47.8,62.7,13.8,Designer,On Hold,High,Underallocated,80.1
ALC007500,EMP0319,PRJ0151,CLI0036,2026-05-18,2026-10-01,132.5,82.8,108.6,23.8,Tester,Completed,Low,Allocated,71.4
ALC000213,EMP0751,PRJ0025,CLI0003,2026-01-01,2026-04-03,138.7,86.7,113.7,25.0,Support,Active,Low,Allocated,89.5
ALC007298,EMP0527,PRJ0011,CLI0024,2026-05-06,2026-09-03,137.1,85.7,112.4,24.7,Analyst,On Hold,Medium,Allocated,77.9
ALC000039,EMP0173,PRJ0088,CLI0011,2026-06-10,2026-10-05,38.9,24.3,31.9,7.0,Lead,On Hold,Medium,Underallocated,75.8
ALC005526,EMP0295,PRJ0055,CLI0015,2026-05-07,2026-09-25,104.0,65.0,85.3,18.7,PM,Completed,High,Allocated,74.3
ALC006353,EMP0574,PRJ0133,CLI0044,2026-01-05,2026-03-10,133.4,83.4,109.4,24.0,PM,On Hold,High,Allocated,78.7
ALC002118,EMP0425,PRJ0106,CLI0041,2026-02-06,2026-03-29,121.1,75.7,99.3,21.8,Developer,On Hold,Critical,Allocated,65.0
ALC003406,EMP0144,PRJ0066,CLI0051,2026-04-14,2026-08-02,132.8,83.0,108.9,23.9,Analyst,Active,Critical,Allocated,67.0
ALC004646,EMP0058,PRJ0114,CLI0043,2026-04-07,2026-06-08,149.4,93.4,122.5,26.9,Lead,Active,High,Allocated,65.9
ALC000410,EMP0849,PRJ0017,CLI0050,2026-06-04,2026-09-21,155.7,97.3,127.7,28.0,PM,Active,Critical,Allocated,85.6
ALC003783,EMP0837,PRJ0001,CLI0057,2026-02-07,2026-04-15,60.8,38.0,49.9,10.9,PM,Completed,Medium,Underallocated,88.7
ALC001189,EMP0081,PRJ0162,CLI0012,2026-04-20,2026-08-14,81.1,50.7,66.5,14.6,Tester,Active,Medium,Underallocated,79.7
ALC003391,EMP0574,PRJ0018,CLI0024,2026-04-19,2026-07-17,161.3,100.8,132.3,29.0,Designer,Completed,Low,Overallocated,74.6
ALC001845,EMP0011,PRJ0012,CLI0020,2026-02-17,2026-03-09,102.4,64.0,84.0,18.4,Support,Active,Critical,Allocated,82.6
ALC003282,EMP0141,PRJ0176,CLI0014,2026-06-04,2026-10-17,117.6,73.5,96.4,21.2,Analyst,On Hold,High,Allocated,89.0
ALC005119,EMP0728,PRJ0021,CLI0060,2026-02-12,2026-06-12,69.6,43.5,57.1,12.5,Analyst,Completed,High,Underallocated,72.8
ALC000349,EMP0188,PRJ0063,CLI0016,2026-03-14,2026-08-09,74.7,46.7,61.3,13.4,Support,Active,Medium,Underallocated,85.1
ALC001053,EMP0188,PRJ0163,CLI0044,2026-05-20,2026-07-11,88.3,55.2,72.4,15.9,Support,Active,High,Underallocated,77.7
ALC000545,EMP0056,PRJ0127,CLI0026,2026-02-06,2026-06-17,113.1,70.7,92.7,20.4,Developer,On Hold,High,Allocated,77.8
ALC004715,EMP0643,PRJ0035,CLI0016,2026-05-03,2026-08-03,100.6,62.9,82.5,18.1,Support,On Hold,Medium,Allocated,75.3
ALC004598,EMP0310,PRJ0031,CLI0044,2026-06-19,2026-08-11,117.8,73.6,96.6,21.2,Analyst,On Hold,Critical,Allocated,84.1
ALC003972,EMP0765,PRJ0089,CLI0043,2026-01-18,2026-03-14,100.8,63.0,82.7,18.1,Support,On Hold,Low,Allocated,65.7
ALC004880,EMP0731,PRJ0017,CLI0050,2026-04-04,2026-05-03,216.0,135.0,177.1,38.9,Tester,On Hold,Low,Overallocated,61.6
ALC000140,EMP0481,PRJ0175,CLI0054,2026-01-17,2026-05-31,117.4,73.4,96.3,21.1,Lead,Active,Medium,Allocated,72.6
ALC004612,EMP0810,PRJ0004,CLI0056,2026-02-19,2026-05-22,118.2,73.9,96.9,21.3,Tester,On Hold,Low,Allocated,77.1
ALC002421,EMP0458,PRJ0069,CLI0021,2026-03-02,2026-06-26,155.0,96.9,127.1,27.9,Designer,Completed,Critical,Allocated,88.2
ALC003292,EMP0062,PRJ0067,CLI0015,2026-01-04,2026-02-25,126.2,78.9,103.5,22.7,Analyst,On Hold,Medium,Allocated,87.4
ALC007222,EMP0010,PRJ0129,CLI0019,2026-05-04,2026-07-20,173.1,108.2,141.9,31.2,Designer,On Hold,Medium,Overallocated,82.3
ALC005223,EMP0396,PRJ0054,CLI0021,2026-05-20,2026-10-06,191.0,119.4,156.6,34.4,Developer,On Hold,Critical,Overallocated,92.3
ALC002738,EMP0159,PRJ0076,CLI0055,2026-03-04,2026-05-26,39.4,24.6,32.3,7.1,Designer,On Hold,Low,Underallocated,63.5
ALC006960,EMP0244,PRJ0111,CLI0043,2026-05-03,2026-09-22,123.2,77.0,101.0,22.2,PM,Active,Low,Allocated,73.8
ALC001889,EMP0758,PRJ0016,CLI0049,2026-05-03,2026-06-20,116.2,72.6,95.3,20.9,Developer,On Hold,Low,Allocated,71.5
ALC004409,EMP0156,PRJ0102,CLI0043,2026-05-13,2026-06-04,93.6,58.5,76.8,16.8,Lead,On Hold,Low,Underallocated,61.3
ALC003031,EMP0741,PRJ0132,CLI0013,2026-05-14,2026-09-15,77.1,48.2,63.2,13.9,Lead,Completed,Low,Underallocated,72.5
ALC005518,EMP0603,PRJ0057,CLI0043,2026-02-06,2026-04-25,196.6,122.9,161.2,35.4,PM,Completed,Medium,Overallocated,73.5
ALC003064,EMP0041,PRJ0010,CLI0035,2026-01-08,2026-02-10,153.9,96.2,126.2,27.7,Lead,Active,Critical,Allocated,69.9
ALC004301,EMP0146,PRJ0177,CLI0053,2026-02-19,2026-04-13,102.9,64.3,84.4,18.5,Analyst,Active,Critical,Allocated,84.0
ALC000752,EMP0089,PRJ0078,CLI0031,2026-03-02,2026-04-26,108.8,68.0,89.2,19.6,Developer,Completed,High,Allocated,89.7
ALC004800,EMP0734,PRJ0097,CLI0018,2026-06-07,2026-08-14,53.3,33.3,43.7,9.6,Lead,On Hold,Medium,Underallocated,66.2
ALC007156,EMP0280,PRJ0016,CLI0049,2026-03-09,2026-05-13,183.2,114.5,150.2,33.0,Lead,Active,High,Overallocated,62.7
ALC005032,EMP0159,PRJ0044,CLI0043,2026-05-11,2026-06-01,114.9,71.8,94.2,20.7,Developer,On Hold,Low,Allocated,81.4
ALC000848,EMP0432,PRJ0163,CLI0044,2026-04-21,2026-06-05,70.4,44.0,57.7,12.7,Tester,Completed,Low,Underallocated,64.1
ALC003650,EMP0352,PRJ0157,CLI0044,2026-02-14,2026-06-09,76.0,47.5,62.3,13.7,Analyst,On Hold,Critical,Underallocated,77.4
ALC003974,EMP0099,PRJ0005,CLI0011,2026-01-10,2026-05-28,91.2,57.0,74.8,16.4,Lead,On Hold,High,Underallocated,82.4
ALC002724,EMP0239,PRJ0058,CLI0020,2026-06-07,2026-10-13,114.6,71.6,94.0,20.6,Tester,On Hold,High,Allocated,76.1
ALC004183,EMP0280,PRJ0108,CLI0055,2026-02-15,2026-03-21,177.4,110.9,145.5,31.9,Tester,On Hold,High,Overallocated,71.7
ALC003616,EMP0010,PRJ0145,CLI0003,2026-05-04,2026-06-08,164.8,103.0,135.1,29.7,Analyst,Completed,Medium,Overallocated,73.8
ALC001548,EMP0742,PRJ0007,CLI0040,2026-06-10,2026-09-09,,75.3,98.8,21.7,PM,Completed,High,Allocated,63.0
ALC002804,EMP0643,PRJ0043,CLI0043,2026-05-21,2026-06-22,85.9,53.7,70.4,15.5,Support,On Hold,Critical,Underallocated,85.3
ALC003153,EMP0465,PRJ0085,CLI0045,2026-04-06,2026-05-28,114.4,71.5,93.8,20.6,Support,Completed,Critical,Allocated,66.7
ALC001454,EMP0469,PRJ0168,CLI0016,2026-01-14,2026-04-06,108.0,67.5,88.6,19.4,Analyst,On Hold,Critical,Allocated,85.4
